File,aid,Date,2061,2062,2065,2066,2069,2070,2111,2116,2118,2120,2122,2124,2126,2175,2185,2186,2189,2190,2193,2194,2239,2257,2258,2261,2262,2265,2266,2303,2321,2322,2325,2326,2329,2330,2367,2376,2378,2380,2382,2384,2386,2431,2445,2446,2449,2450,2453,2454,2495,2517,2518,2521,2522,2525,2526,2559,3098,3102,3106,3135,3154,3158,3162,3199,3222,3226,3230,3263,3294,3298,3302,3327,3358,3362,3366,3391,3414,3418,3422,3455,3482,3486,3490,3519,3554,3558,3562,3583,4109,4110,4113,4114,4117,4118,4159,4164,4166,4168,4170,4172,4174,4223,4233,4234,4237,4238,4241,4242,4287,4305,4306,4309,4310,4313,4314,4351,4369,4370,4373,4374,4377,4378,4415,5146,5150,5154,5183,5202,5206,5210,5247,5270,5274,5278,5311,5342,5346,5350,5375,5406,5410,5414,5439,6157,6158,6161,6162,6165,6166,6207,6212,6214,6216,6218,6220,6222,6271,6281,6282,6285,6286,6289,6290,6335,6353,6354,6357,6358,6361,6362,6399,6417,6418,6421,6422,6425,6426,6463,6472,6476,6480,6527,6541,6545,6549,6591,6613,6617,6621,6655,7194,7198,7202,7231,7250,7254,7258,7295,7318,7322,7326,7359,7390,7394,7398,7423,7454,7458,7462,7487,7578,7650,7654,7658,18449,18450,18453,18454,18457,18458,18495,18504,18508,18512,18559,18573,18577,18581,18645,18649,18653,18687,18709,18710,18713,18714,18717,18718,18751,18764,18768,18772,18833,18837,18841,18879,18905,18909,18913,18943,19486,19490,19494,19519,19610,19647,19682,19686,19690,19746,19750,19754,19775,19802,19942,19946,19950,19967,20497,20498,20501,20502,20505,20506,20543,20552,20556,20560,20621,20625,20629,20671,20693,20697,20701,20757,20761,20765,20799,21534,21538,21542,21567,21794,21798,21802,22545,22546,22549,22550,22553,22554,22591,22600,22604,22608,22655,22669,22673,22677,22719,22741,22745,22749,22805,22806,22809,22810,22813,22814,22847,23005,23009,23582,23586,23590,23615,23642,23842,23846,23850,23871,34837,34838,34841,34842,34845,34846,34879,34892,34894,34896,34898,34900,34902,34943,34961,34962,34965,34966,34969,34970,35007,35033,35034,35037,35038,35041,35042,35071,35097,35098,35101,35102,35105,35106,35135,35152,35154,35156,35158,35160,35162,35199,35221,35222,35225,35226,35229,35230,35263,35293,35294,35297,35298,35301,35302,35327,35874,35878,35882,35903,35930,35934,35938,35967,35998,36002,36006,36031,36070,36074,36078,36095,36134,36138,36142,36159,36190,36194,36198,36223,36258,36262,36266,36287,36330,36334,36338,36351,36885,36886,36889,36890,36893,36894,36927,36940,36944,36946,36948,36950,36991,37009,37010,37013,37014,37017,37018,37055,37081,37085,37086,37089,37090,37119,37145,37146,37149,37150,37153,37154,37183,37922,37926,37930,37978,37982,37986,38015,38046,38050,38054,38079,38118,38122,38126,38143,38182,38186,38190,38207,38933,38934,38937,38938,38941,38942,38975,38988,38990,38992,38994,38996,38998,39039,39057,39058,39061,39062,39065,39066,39103,39129,39130,39133,39134,39137,39138,39167,39193,39194,39197,39198,39201,39202,39231,39248,39252,39295,39317,39321,39325,39359,39389,39393,39397,39423,39970,39974,39978,39999,40026,40030,40034,40063,40094,40098,40102,40127,40166,40170,40174,40230,40234,40238,40255,40354,40358,40426,40430,40434,40447,51199,51225,51229,51233,51234,51263,51280,51284,51288,51349,51353,51357,51421,51425,51429,51455,51485,51486,51489,51493,51519,51544,51548,51609,51613,51617,51647,51681,51685,51689,51711,52262,52266,52270,52462,52522,52526,52530,52718,52722,52726,53273,53277,53281,53311,53336,53397,53401,53405,53473,53477,53533,53537,53541,53567,54310,54314,54318,54570,54574,54578,55321,55325,55326,55329,55330,55359,55380,55445,55449,55453,55517,55521,55525,55581,55582,55585,55586,55589,55590,55615,56358,56362,56366,56383,56418,56618,56622,56626,56639,63487
_500m_16_days_VI_Quality_2018353_aid0001,aid0001,2018-12-19,1103,4527,22730,17846,5367.0,14878.0,3.0,363619,797.0,1128018,1500.0,47435.0,939.0,202.0,55927,159.0,151800,876.0,32502.0,1758.0,20.0,4585,15.0,9276,336.0,8436.0,995.0,,1716,11.0,4487,765.0,1442.0,848.0,,3876,2.0,9796,72.0,1333.0,76.0,,3290,,14349,120.0,4124.0,390.0,1.0,206,16.0,2857,433.0,1413.0,510.0,,1662,10332.0,3434.0,11.0,3128.0,6635.0,1224.0,21.0,999.0,5915.0,1888.0,13.0,99.0,1124.0,830.0,,75.0,819.0,412.0,,42.0,321.0,113.0,,83.0,750.0,542.0,,28.0,855.0,278.0,,82,345,1668,2169,2109.0,1938.0,20.0,13712,38.0,61693,11.0,2017.0,86.0,156,1198,4.0,9256,22.0,4263.0,264.0,29,9.0,,721,17.0,1512.0,104.0,,576,4.0,4244,72.0,1076.0,345.0,25,100,813,440.0,5.0,101.0,349.0,101.0,28.0,62.0,333.0,199.0,1.0,,33.0,73.0,,39.0,231.0,182.0,7.0,108,321,273,1026,28.0,970.0,938,837,6.0,8182,5.0,471.0,3.0,1014,206,,1352,3.0,727.0,22.0,216,22,,157.0,9.0,35.0,5.0,12.0,113,1.0,691,12.0,239.0,28.0,100,,,,14.0,2.0,1.0,14.0,19.0,2.0,,1.0,4.0,84.0,713.0,363.0,55.0,13.0,162.0,14.0,8.0,17.0,260.0,79.0,6.0,11.0,40.0,,,17.0,124.0,56.0,5.0,,,,,195.0,16.0,128814.0,6629.0,28897.0,5877.0,,,73.0,4.0,,,346.0,153.0,,1150.0,1392.0,,106.0,,14983.0,2.0,9235.0,,,,,2.0,,117.0,131.0,2.0,,1172.0,836.0,,,263.0,237.0,,,,,,,,89.0,54.0,,,,,,,9.0,,7644.0,596.0,4779.0,455.0,12.0,,8.0,5.0,,41.0,40.0,,,2.0,19.0,12.0,1542.0,1099.0,3.0,,30.0,35.0,,,2.0,12.0,,10.0,955.0,140.0,706.0,222.0,83.0,,23.0,70.0,,,29.0,10.0,,,,2.0,2.0,,222.0,,200.0,,10.0,,1.0,,31.0,4.0,3.0,1.0,,7.0,21.0,,56.0,,1010,216.0,354.0,169.0,,729,4.0,5799,6.0,1745.0,46.0,,397,3.0,4677,53.0,1697.0,33.0,,72,1.0,1653.0,84.0,765.0,104.0,,46,,656,538.0,309.0,305.0,,575,2.0,4854,23.0,866.0,34.0,,829,12.0,9624,100.0,1435.0,65.0,5.0,46,3.0,2494,437.0,737.0,203.0,,,279.0,29.0,,7.0,60.0,40.0,,9.0,393.0,34.0,,13.0,239.0,55.0,,7.0,445.0,95.0,,5.0,121.0,29.0,,24.0,621.0,198.0,4.0,10.0,916.0,156.0,,,,70.0,10.0,129.0,56.0,,15.0,195,,18.0,2.0,3.0,25.0,,398,2.0,216.0,8.0,3.0,2.0,46.0,5.0,92.0,8.0,,75,1.0,705,111.0,232.0,178.0,6.0,,18.0,27.0,,17.0,1.0,3.0,9.0,25.0,18.0,,1.0,,,,3.0,169.0,59.0,2.0,46.0,,128.0,5.0,1.0,,146.0,,,95.0,,,,29.0,11.0,,91.0,,36.0,3.0,23.0,19.0,,15.0,9.0,8.0,,5.0,120,,393,5.0,164.0,28.0,291.0,,2.0,13.0,3.0,24.0,22.0,84.0,4.0,2.0,14.0,7.0,1.0,12.0,,1.0,5.0,38.0,,,,13.0,7.0,,,9.0,,8.0,147.0,25.0,8.0,,1.0,,,,,72432,37.0,9011.0,1550.0,,,,,9.0,,91.0,29.0,16.0,388.0,152.0,,3.0,,1845.0,810.0,,4.0,65.0,,211.0,70.0,,17.0,739.0,219.0,2.0,,15.0,18.0,,,34.0,24.0,,2.0,,5.0,541.0,281.0,,4.0,,2.0,,1.0,4.0,,212.0,179.0,2.0,,6.0,,,4.0,7.0,,361.0,,45.0,,2.0,,,,17.0,,,,,,45.0,,9.0,5.0,3.0,,15.0,,,,,1.0,2.0,,16279
_500m_16_days_VI_Quality_2019001_aid0001,aid0001,2019-01-01,1160,4527,25625,22315,4281.0,16329.0,5.0,352513,1310.0,951841,1456.0,65158.0,3536.0,36.0,64911,208.0,262239,1827.0,33842.0,2377.0,95.0,2224,60.0,9357,349.0,7504.0,491.0,,1797,25.0,4903,1454.0,1762.0,1504.0,,2740,,9380,74.0,1906.0,114.0,,3575,24.0,14613,171.0,5053.0,519.0,,645,133.0,3303,644.0,1060.0,408.0,2.0,2530,12087.0,3461.0,5.0,8424.0,25714.0,2041.0,5.0,3730.0,14130.0,1681.0,29.0,718.0,1150.0,514.0,,179.0,1387.0,631.0,2.0,41.0,717.0,159.0,,213.0,1170.0,483.0,,281.0,970.0,214.0,,55,746,1925,3198,1590.0,1817.0,25.0,12942,83.0,47880,25.0,4046.0,307.0,76,1409,9.0,20294,38.0,3814.0,367.0,115,,,922,10.0,1981.0,25.0,7.0,1008,4.0,5439,159.0,1448.0,318.0,15,214,962,455.0,7.0,187.0,290.0,168.0,12.0,35.0,549.0,379.0,11.0,1.0,16.0,40.0,,33.0,289.0,209.0,4.0,102,467,243,651,62.0,308.0,1761,949,,6857,2.0,832.0,9.0,747,87,,2425,18.0,786.0,88.0,119,25,,255.0,5.0,291.0,8.0,107.0,57,3.0,420,8.0,74.0,56.0,214,,7.0,,47.0,1.0,7.0,,17.0,,5.0,1.0,,115.0,542.0,87.0,156.0,66.0,187.0,35.0,6.0,7.0,467.0,114.0,21.0,18.0,33.0,48.0,11.0,13.0,127.0,6.0,40.0,,,,,557.0,1406.0,115320.0,7198.0,28257.0,6859.0,7.0,,63.0,5.0,,,360.0,135.0,20.0,961.0,1750.0,,484.0,,15473.0,3.0,11662.0,,1.0,,6.0,,,86.0,120.0,,11.0,902.0,649.0,,3.0,197.0,136.0,1.0,,,,,,,83.0,91.0,2.0,,,,,,59.0,183.0,6740.0,727.0,5898.0,322.0,1.0,,8.0,5.0,,35.0,68.0,,,11.0,4.0,19.0,1379.0,1284.0,,,8.0,29.0,,,9.0,7.0,,20.0,1273.0,173.0,703.0,120.0,15.0,,22.0,72.0,,,54.0,40.0,,,,9.0,2.0,,162.0,,37.0,,4.0,,,,176.0,231.0,50.0,24.0,,11.0,2.0,1.0,32.0,,1351,432.0,242.0,211.0,,889,64.0,5357,14.0,3602.0,28.0,,852,43.0,4514,81.0,1884.0,46.0,,121,7.0,1529.0,94.0,501.0,84.0,,114,7.0,818,813.0,390.0,421.0,,392,5.0,3907,18.0,1135.0,22.0,,1225,52.0,7387,137.0,1888.0,140.0,,240,59.0,2308,457.0,321.0,198.0,1.0,,361.0,70.0,,42.0,60.0,52.0,,107.0,303.0,33.0,,40.0,218.0,72.0,,13.0,658.0,114.0,,6.0,94.0,29.0,,127.0,733.0,137.0,4.0,140.0,836.0,114.0,1.0,,,42.0,31.0,142.0,16.0,,7.0,227,,36.0,,6.0,18.0,,399,,100.0,4.0,,,101.0,,71.0,,,142,5.0,651,199.0,186.0,150.0,8.0,,27.0,5.0,,10.0,1.0,,13.0,17.0,,1.0,1.0,3.0,7.0,,12.0,208.0,34.0,,18.0,,53.0,,10.0,11.0,69.0,4.0,,44.0,,,,21.0,,,76.0,,27.0,15.0,7.0,12.0,,8.0,11.0,13.0,,,13,,312,7.0,14.0,4.0,210.0,,8.0,47.0,1.0,13.0,,25.0,,27.0,,,,15.0,,17.0,,1.0,,,,16.0,3.0,,,9.0,,5.0,96.0,5.0,105.0,,,,3.0,,,72890,62.0,8412.0,1585.0,,,,,,,70.0,50.0,15.0,291.0,117.0,,17.0,,2540.0,1136.0,,2.0,18.0,,161.0,59.0,,33.0,484.0,244.0,,,17.0,19.0,,,45.0,30.0,,,,9.0,439.0,249.0,2.0,6.0,,3.0,,2.0,7.0,,257.0,183.0,,,13.0,,,1.0,12.0,,54.0,,4.0,38.0,38.0,,,,,,,,,,33.0,1.0,1.0,,1.0,,9.0,43.0,24.0,,,14.0,2.0,,16197
_500m_16_days_VI_Quality_2019017_aid0001,aid0001,2019-01-17,6382,20377,19719,13421,1105.0,6426.0,8.0,992880,765.0,430019,224.0,18400.0,179.0,72.0,198752,913.0,90305,352.0,10102.0,304.0,24.0,6283,243.0,10016,366.0,2919.0,235.0,,4824,535.0,2875,715.0,473.0,747.0,3.0,11037,17.0,4641,16.0,448.0,10.0,3.0,11243,21.0,8874,68.0,1574.0,56.0,1.0,1079,203.0,1703,151.0,349.0,130.0,,8778,4668.0,3267.0,9.0,5347.0,3020.0,1894.0,43.0,3983.0,1478.0,1141.0,1.0,1153.0,639.0,363.0,,581.0,689.0,538.0,,246.0,309.0,65.0,9.0,553.0,493.0,367.0,,527.0,279.0,207.0,1.0,351,1972,1448,1764,528.0,1249.0,19.0,37439,23.0,42654,17.0,3988.0,52.0,342,4751,9.0,7636,8.0,1878.0,162.0,37,176.0,2.0,652,9.0,263.0,35.0,3.0,2525,33.0,2584,74.0,726.0,196.0,23,569,423,432.0,8.0,255.0,319.0,99.0,36.0,53.0,145.0,247.0,12.0,4.0,1.0,27.0,1.0,96.0,193.0,158.0,9.0,805,522,779,554,42.0,293.0,2151,3425,,4741,3.0,794.0,37.0,697,522,,1731,6.0,237.0,46.0,40,21,,99.0,1.0,100.0,,,213,,222,9.0,65.0,63.0,97,,1.0,,21.0,2.0,6.0,,8.0,,1.0,,3.0,170.0,194.0,68.0,96.0,75.0,148.0,48.0,19.0,28.0,139.0,42.0,3.0,,23.0,23.0,,18.0,48.0,39.0,9.0,,,,,24155.0,4481.0,119951.0,16868.0,29857.0,3480.0,37.0,69.0,,,,33.0,234.0,38.0,314.0,1436.0,409.0,,6906.0,,20032.0,,15566.0,,,,,,106.0,80.0,7.0,,85.0,807.0,148.0,,504.0,249.0,167.0,8.0,,,,,3.0,63.0,98.0,180.0,,,,2.0,2.0,,1679.0,327.0,9838.0,2215.0,4723.0,529.0,4.0,,,,,35.0,,,18.0,23.0,14.0,172.0,2087.0,1209.0,3.0,55.0,37.0,41.0,,3.0,2.0,13.0,114.0,22.0,2470.0,214.0,406.0,159.0,124.0,,12.0,,,,175.0,25.0,,12.0,,19.0,21.0,,85.0,,70.0,,15.0,,,10.0,18.0,9.0,4.0,,,,,13.0,281.0,88.0,896,175.0,84.0,88.0,,3390,,5300,4.0,878.0,,,1575,2.0,3561,1.0,347.0,1.0,,654,31.0,1050.0,19.0,70.0,68.0,,304,384.0,655,415.0,96.0,308.0,1.0,2638,17.0,3130,4.0,231.0,1.0,,3444,37.0,4572,15.0,560.0,15.0,2.0,943,121.0,855,102.0,149.0,49.0,,76.0,184.0,36.0,2.0,52.0,21.0,53.0,,46.0,28.0,133.0,,106.0,87.0,113.0,2.0,257.0,291.0,132.0,,48.0,21.0,31.0,,236.0,203.0,267.0,7.0,513.0,298.0,111.0,3.0,33.0,,83.0,,16.0,6.0,,125.0,160,,20.0,,3.0,78.0,,450,,95.0,,1.0,10.0,57.0,,5.0,,,251,45.0,430,62.0,138.0,22.0,10.0,,9.0,4.0,3.0,,,,,,1.0,,7.0,,2.0,,49.0,75.0,17.0,5.0,27.0,,60.0,,2.0,2.0,104.0,6.0,,48.0,,,,19.0,26.0,,96.0,2.0,21.0,,35.0,,,6.0,,13.0,,4.0,75,,232,9.0,119.0,2.0,396.0,,,14.0,2.0,7.0,13.0,61.0,,2.0,,,2.0,4.0,,,4.0,,,,,,,,,2.0,,55.0,30.0,4.0,30.0,,,,,,,72659,2065.0,5622.0,1320.0,,,,5.0,,17.0,29.0,14.0,19.0,179.0,71.0,,759.0,,2516.0,1149.0,1.0,,3.0,20.0,107.0,38.0,4.0,62.0,299.0,58.0,,11.0,11.0,18.0,,61.0,40.0,21.0,,,5.0,31.0,595.0,179.0,,,2.0,4.0,12.0,1.0,1.0,70.0,288.0,130.0,4.0,,,,1.0,21.0,2.0,,102.0,,168.0,,,,,4.0,,,,6.0,6.0,,35.0,,8.0,,,,,3.0,,,2.0,,1.0,,16205
_500m_16_days_VI_Quality_2019033_aid0001,aid0001,2019-02-02,4684,71339,17896,92001,369.0,16643.0,1.0,1010545,463.0,107384,277.0,1669.0,35.0,138.0,139724,264.0,43035,278.0,4362.0,45.0,19.0,8445,146.0,5595,314.0,532.0,30.0,6.0,3741,8632.0,4376,16633.0,97.0,2311.0,,23342,13.0,3538,60.0,90.0,23.0,1.0,26293,54.0,12262,73.0,1176.0,57.0,6.0,5396,1327.0,5311,1550.0,1121.0,466.0,,11466,8924.0,2109.0,16.0,4264.0,286.0,74.0,28.0,1603.0,538.0,185.0,8.0,922.0,523.0,155.0,,887.0,1410.0,109.0,2.0,263.0,6.0,46.0,9.0,905.0,293.0,131.0,,1949.0,1924.0,548.0,5.0,254,5442,1440,10669,24.0,2722.0,11.0,49929,15.0,8436,29.0,144.0,,168,8583,18.0,5118,7.0,480.0,24.0,49,253.0,,792,113.0,351.0,6.0,,5607,573.0,4758,2361.0,602.0,437.0,30,991,1179,160.0,7.0,266.0,61.0,,16.0,128.0,17.0,29.0,11.0,,71.0,13.0,,128.0,208.0,112.0,5.0,1578,2059,59,3618,,756.0,1989,5180,1.0,530,30.0,,,226,972,,365,,8.0,,90,34,,67.0,14.0,,,1.0,714,67.0,294,22.0,34.0,1.0,242,,,,,9.0,2.0,,1.0,18.0,27.0,,,710.0,598.0,129.0,63.0,104.0,51.0,,11.0,25.0,9.0,,3.0,5.0,15.0,,,108.0,14.0,37.0,15.0,,7.0,,,198297.0,19379.0,90937.0,16599.0,3857.0,478.0,12.0,227.0,15.0,,,42.0,92.0,,464.0,143.0,,,38204.0,,34142.0,,1210.0,,1.0,17.0,,,24.0,26.0,,,373.0,829.0,11.0,2.0,98.0,78.0,11.0,,,,,,,28.0,33.0,,,,,,,,7081.0,1511.0,7067.0,602.0,236.0,70.0,1.0,19.0,7.0,,,5.0,,,,2.0,,5040.0,3828.0,87.0,3.0,6.0,4.0,1.0,,2.0,,,872.0,973.0,1029.0,494.0,107.0,89.0,78.0,,,,,,,,,,,,278.0,,224.0,,15.0,,6.0,,,19.0,53.0,8.0,5.0,,,3.0,,,308.0,1733.0,546,1652.0,,177.0,,5204,,840,2.0,,,,6090,1.0,2246,,283.0,,,1126,39.0,723.0,28.0,226.0,12.0,,486,6563.0,809,7312.0,14.0,1008.0,,4255,4.0,861,,12.0,,,11966,71.0,5433,19.0,561.0,,3.0,4368,974.0,4213,1004.0,906.0,235.0,1.0,164.0,155.0,,,29.0,1.0,2.0,,124.0,46.0,10.0,,243.0,69.0,67.0,,425.0,708.0,21.0,,48.0,21.0,,,382.0,102.0,30.0,3.0,1569.0,1457.0,395.0,,14.0,124.0,47.0,167.0,,9.0,,225.0,48,,,,3.0,292.0,,332,,,,3.0,16.0,68.0,,,,,615,462.0,538,1434.0,72.0,200.0,3.0,,17.0,,2.0,,,,9.0,,23.0,,,7.0,,,83.0,102.0,23.0,3.0,317.0,1.0,3.0,,9.0,,149.0,77.0,,17.0,,,,8.0,51.0,,101.0,,,,6.0,2.0,,4.0,,,,,101,88.0,96,65.0,30.0,14.0,213.0,,,,11.0,,,6.0,16.0,60.0,,11.0,11.0,,,1.0,,,,,16.0,14.0,,,,,,80.0,14.0,11.0,1.0,,,7.0,,,,73073,21637.0,11295.0,387.0,,4.0,3.0,,,,26.0,,99.0,129.0,,,9459.0,,7538.0,401.0,,,,13.0,12.0,,,551.0,1071.0,20.0,3.0,2.0,5.0,,,22.0,37.0,,11.0,,,1150.0,888.0,11.0,,,,,,,,984.0,788.0,57.0,1.0,,,,,,,131.0,49.0,,,,1.0,,,,,,,,42.0,,59.0,,,,12.0,,,,,,4.0,,,,16292
_500m_16_days_VI_Quality_2019049_aid0001,aid0001,2019-02-18,11636,82989,17692,32171,,,12.0,1030716,2499.0,53308,1658.0,,,928.0,241503,3069.0,36309,984.0,,,285.0,7017,337.0,6239,860.0,,,,3155,9885.0,2639,2671.0,,,1.0,17820,81.0,1781,19.0,,,7.0,23353,121.0,5220,53.0,,,5.0,3007,855.0,972,288.0,,,6.0,27657,7358.0,,37.0,24923.0,3026.0,,402.0,17519.0,2490.0,,52.0,2916.0,1053.0,,,2013.0,1195.0,,6.0,443.0,128.0,,3.0,1653.0,341.0,,5.0,2402.0,184.0,,2.0,514,4115,1374,3439,,1.0,17.0,60655,47.0,5240,37.0,,,1208,7578,260.0,3642,78.0,,,50,589.0,,1207,10.0,,,,3711,817.0,871,601.0,,,32,810,286,,20.0,1034.0,419.0,,124.0,208.0,142.0,,8.0,42.0,48.0,,,261.0,119.0,,15.0,453,1461,217,1011,,,3105,5773,,673,7.0,,,1158,838,18.0,367,34.0,,,595,438,,29.0,33.0,,,18.0,304,20.0,42,9.0,,,435,1.0,,,4.0,7.0,2.0,,81.0,1.0,7.0,,5.0,720.0,148.0,,170.0,191.0,67.0,,35.0,101.0,60.0,,5.0,74.0,77.0,,6.0,75.0,14.0,,37.0,,,,,288224.0,16969.0,83110.0,15041.0,,,30.0,11.0,,,11.0,99.0,76.0,,460.0,351.0,,,25961.0,,16715.0,,,,,,,,36.0,15.0,,,95.0,57.0,,,605.0,247.0,,,2.0,4.0,,,,211.0,88.0,,,12.0,,,,,11250.0,890.0,10844.0,821.0,,,22.0,,,,9.0,,,,,6.0,,4792.0,2883.0,,15.0,77.0,17.0,,1.0,10.0,74.0,,446.0,1876.0,126.0,792.0,,,184.0,,,,,20.0,,,,,8.0,,345.0,,71.0,,,,10.0,,,787.0,141.0,,34.0,,66.0,16.0,,15.0,1036.0,2444.0,1688,200.0,,,,3195,,1886,,,,,2246,3.0,3360,29.0,,,,884,47.0,939.0,47.0,,,,747,3688.0,978,888.0,,,1.0,4105,14.0,406,,,,,7819,33.0,2347,8.0,,,,1215,558.0,594,128.0,,,,923.0,183.0,,,50.0,135.0,,,70.0,176.0,,2.0,252.0,52.0,,,759.0,322.0,,1.0,63.0,5.0,,,421.0,105.0,,5.0,924.0,192.0,,5.0,13.0,41.0,45.0,52.0,,,,75.0,25,,,,1.0,35.0,,27,,,,,,26.0,,,,,290,440.0,96,267.0,,,1.0,2.0,10.0,,,,,,,2.0,,,,10.0,,,43.0,54.0,,,3.0,,167.0,,,,74.0,11.0,,,,,,,21.0,,,,,,9.0,,,3.0,,,,,130,21.0,48,11.0,,,263.0,,,,5.0,,,13.0,,,,,,,,,,,,,1.0,,,,3.0,,,79.0,,,39.0,,,1.0,,,,75609,12684.0,2728.0,,,,,8.0,,14.0,15.0,,176.0,67.0,,,9324.0,9.0,3586.0,,,11.0,,24.0,61.0,,,169.0,51.0,,1.0,10.0,,,,40.0,25.0,,4.0,,,471.0,316.0,,,,,,,,,780.0,454.0,,6.0,,,,4.0,8.0,,12.0,,,,,,,,,,,,,103.0,6.0,22.0,,,,14.0,77.0,,,2.0,,47.0,3.0,,5.0,16247
_500m_16_days_VI_Quality_2019065_aid0001,aid0001,2019-03-06,11887,43531,13695,20828,,,31.0,1368667,373.0,109562,48.0,,,755.0,172415,45.0,29601,64.0,,,154.0,10308,112.0,5486,86.0,,,10.0,3567,2495.0,2186,1809.0,,,2.0,20945,,2892,4.0,,,10.0,18878,25.0,5556,9.0,,,6.0,3157,158.0,950,134.0,,,12.0,6465,3825.0,,54.0,2847.0,483.0,,168.0,1390.0,396.0,,37.0,580.0,547.0,,,1617.0,955.0,,1.0,102.0,39.0,,30.0,299.0,194.0,,8.0,646.0,265.0,,18.0,188,2859,728,2048,,,40.0,78135,5.0,9849,,,,706,5148,1.0,3888,,,,42,83.0,,532,1.0,,,,4623,143.0,1108,149.0,,,45,426,442,,15.0,156.0,84.0,,42.0,32.0,180.0,,,,40.0,,,111.0,143.0,,,461,1091,869,759,,,3204,7685,,1353,,,,624,838,43.0,878,57.0,,,159,19,10.0,351.0,9.0,,,21.0,457,2.0,170,11.0,,,396,2.0,,,30.0,3.0,,,55.0,5.0,10.0,,26.0,822.0,230.0,,97.0,80.0,47.0,,9.0,66.0,75.0,,1.0,5.0,6.0,,,45.0,16.0,,3.0,,,,,170741.0,10713.0,82082.0,13467.0,,,63.0,,,,,32.0,39.0,,146.0,382.0,,4.0,26962.0,1.0,17438.0,,,,3.0,,,,6.0,,,,30.0,8.0,,17.0,261.0,315.0,,,,,,,,173.0,165.0,,,,,,,,9335.0,722.0,11160.0,1358.0,,,11.0,,,,,12.0,,,,,,1879.0,2677.0,,13.0,26.0,13.0,,,18.0,14.0,,2165.0,201.0,757.0,176.0,,,80.0,,,,,,,,,,30.0,,333.0,,200.0,,,,23.0,,,7.0,19.0,,,,1.0,,,,641.0,211.0,463,95.0,,,,3641,,1990,,,,,1727,14.0,763,,,,,504,15.0,214.0,,,,,373,672.0,287,213.0,,,,4666,,546,,,,,4775,45.0,788,1.0,,,,1134,128.0,239,49.0,,,1.0,218.0,59.0,,,4.0,9.0,,,11.0,19.0,,,82.0,60.0,,,518.0,155.0,,,13.0,4.0,,,114.0,31.0,,,389.0,84.0,,17.0,5.0,6.0,44.0,9.0,,,,175.0,24,,,,,91.0,,81,,,,2.0,,19.0,,,,,272,44.0,122,27.0,,,,,,,,,,,,,,,1.0,,,,25.0,20.0,,,26.0,,52.0,,,,85.0,30.0,,,,,,33.0,24.0,,35.0,,,,32.0,19.0,,20.0,,,,8.0,85,17.0,60,,,,139.0,10.0,,21.0,11.0,15.0,,39.0,5.0,5.0,,4.0,,,,,1.0,,,,1.0,1.0,,,,,,31.0,6.0,,23.0,,,,,,,72604,3133.0,1242.0,,,4.0,,,,,,,18.0,,,1.0,1761.0,,1074.0,,7.0,,,7.0,,,,52.0,10.0,,19.0,22.0,3.0,,,69.0,14.0,,,,,165.0,133.0,,,,,,,6.0,,158.0,139.0,,3.0,8.0,,,1.0,3.0,,100.0,37.0,,,,9.0,,,,,,,,48.0,,15.0,,,,32.0,,,,,,1.0,,,,16184
_500m_16_days_VI_Quality_2019081_aid0001,aid0001,2019-03-22,7615,68856,6498,23713,,,32.0,1306850,101.0,139716,,,,424.0,243984,141.0,30922,,,,71.0,14015,114.0,3842,105.0,,,23.0,3789,4457.0,1001,2626.0,,,,23463,4.0,3491,,,,24.0,27349,47.0,5132,22.0,,,15.0,6921,239.0,1032,157.0,,,38.0,13289,4734.0,,23.0,477.0,275.0,,9.0,1119.0,298.0,,11.0,1107.0,733.0,,5.0,3960.0,1210.0,,,217.0,47.0,,,646.0,146.0,,10.0,1026.0,401.0,,12.0,168,6168,576,3234,,,63.0,69252,,9388,,,,103,12387,2.0,3934,,,,36,589.0,,539,3.0,,,,6011,203.0,1448,272.0,,,68,598,588,,16.0,20.0,31.0,,3.0,225.0,125.0,,3.0,30.0,93.0,,,239.0,229.0,,7.0,955,2074,119,798,,,3965,7434,,1391,,,,191,1765,143.0,256,76.0,,,54,66,70.0,18.0,5.0,,,3.0,1005,149.0,245,21.0,,,341,1.0,4.0,,9.0,24.0,5.0,,16.0,7.0,2.0,,5.0,853.0,130.0,,103.0,50.0,48.0,,8.0,281.0,46.0,,,88.0,6.0,,,218.0,20.0,,10.0,,,,,111803.0,16344.0,34452.0,12931.0,,,4.0,,,,,,,,55.0,51.0,,5.0,35766.0,,19145.0,,,,2.0,,,,,7.0,,,44.0,47.0,,,822.0,579.0,,,,,,,,527.0,422.0,,,,,1.0,,,3243.0,1719.0,6083.0,1639.0,,,9.0,,,,,,,,,,,2701.0,2580.0,,4.0,27.0,68.0,,2.0,12.0,42.0,,1086.0,341.0,190.0,219.0,,,18.0,,,,,7.0,,,,,,,262.0,1.0,135.0,,,,,,,36.0,5.0,,,,9.0,3.0,,,540.0,373.0,116,45.0,,,,5285,,398,,,,,2521,25.0,272,,,,,741,21.0,222.0,,,,,659,1689.0,75,412.0,,,,5903,,134,,,,1.0,6170,19.0,341,2.0,,,1.0,2650,168.0,155,41.0,,,58.0,347.0,23.0,,,,5.0,,,60.0,5.0,,,81.0,49.0,,,1257.0,95.0,,,58.0,3.0,,,223.0,15.0,,,649.0,68.0,,10.0,3.0,13.0,,29.0,,,,182.0,30,,,,1.0,190.0,17.0,33,,,,1.0,68.0,7.0,,,,,591,135.0,62,41.0,,,28.0,11.0,,,,,,,9.0,,,,4.0,,,,107.0,36.0,,,26.0,2.0,17.0,,,,141.0,23.0,,51.0,,,,13.0,55.0,,46.0,,,,17.0,15.0,,,,,,10.0,271,24.0,90,,,,353.0,,,19.0,23.0,9.0,,33.0,16.0,,,5.0,22.0,,,,,,,,9.0,,,,10.0,,,103.0,3.0,,12.0,,,1.0,,,,72697,4872.0,420.0,,,,,,,,,,38.0,,,,2889.0,,594.0,,3.0,,,,,,,53.0,4.0,,,32.0,5.0,,,167.0,44.0,,3.0,,,395.0,93.0,,,,,,,,,320.0,118.0,,1.0,,3.0,,25.0,4.0,,95.0,22.0,,,,,,,,,,,,97.0,,24.0,,,,3.0,,,,,,8.0,,,,16447
_500m_16_days_VI_Quality_2019097_aid0001,aid0001,2019-04-07,8072,55887,12094,22252,,,64.0,1565270,32.0,119525,,,,238.0,162541,12.0,30465,4.0,,,212.0,9455,22.0,4110,19.0,,,4.0,5583,1882.0,2153,2252.0,,,3.0,21071,,2738,,,,9.0,18504,9.0,5258,,,,26.0,3458,31.0,526,34.0,,,12.0,5402,4529.0,,6.0,71.0,25.0,,12.0,56.0,44.0,,6.0,195.0,316.0,,,2889.0,1843.0,,,5.0,2.0,,,35.0,24.0,,5.0,98.0,56.0,,,260,4007,1070,2966,,,35.0,79766,,12172,,,,370,6755,,5437,,,,56,340.0,,655,,,,7.0,4873,113.0,1376,241.0,,,24,310,549,,6.0,28.0,38.0,,4.0,4.0,33.0,,,1.0,5.0,,,178.0,202.0,,,3031,2376,141,819,,,1875,9623,,1598,,,,606,1114,31.0,576,47.0,,,93,55,,70.0,,,,3.0,1264,17.0,291,13.0,,,135,2.0,,,10.0,1.0,7.0,,25.0,,8.0,,,635.0,481.0,,48.0,62.0,37.0,,23.0,141.0,69.0,,1.0,8.0,46.0,,1.0,77.0,46.0,,14.0,,,3.0,,51026.0,4694.0,40721.0,9403.0,,,,,,,,,11.0,,14.0,196.0,,,19452.0,,12396.0,,,,,,,,,,,,4.0,9.0,,3.0,872.0,536.0,,1.0,,,2.0,4.0,,461.0,419.0,,,,5.0,,,,1390.0,643.0,5718.0,1543.0,,,,,,,7.0,19.0,,,,59.0,,783.0,1785.0,,,52.0,98.0,,,67.0,42.0,,24.0,206.0,403.0,38.0,,,1.0,,,,,,2.0,,,,,,139.0,,139.0,,,,,,,110.0,3.0,,,,3.0,,,,327.0,132.0,645,135.0,,,,2886,1.0,1402,,,,1.0,804,,703,,,,,151,4.0,281.0,,,,,525,509.0,334,323.0,,,,3767,,453,,,,,3347,4.0,848,,,,7.0,647,22.0,141,22.0,,,12.0,195.0,306.0,,,,1.0,,,,,,,2.0,23.0,,,477.0,340.0,,,1.0,,,,15.0,11.0,,,56.0,47.0,,2.0,,,14.0,11.0,,,,61.0,110,,,,1.0,28.0,,141,,,,,11.0,27.0,,,,,259,76.0,149,110.0,,,7.0,4.0,4.0,,,,,,,,,,,,,,62.0,66.0,,,35.0,,29.0,,,,46.0,7.0,,17.0,,,,7.0,8.0,,29.0,,,,,4.0,,6.0,,,,,188,2.0,82,2.0,,,86.0,,,,9.0,6.0,,8.0,7.0,,,2.0,,,,,,,,,,,,,,1.0,,15.0,36.0,,4.0,,,,,,,73027,1105.0,836.0,,,,,,,,,,4.0,,,,586.0,,520.0,,,,,,7.0,,,5.0,,,,6.0,11.0,,,71.0,54.0,,3.0,,,60.0,156.0,,,,,,,16.0,,52.0,68.0,,,,,,,10.0,,,18.0,,,,,,,,,2.0,,,21.0,,10.0,,,,3.0,,,,,,,,,,16054
_500m_16_days_VI_Quality_2019113_aid0001,aid0001,2019-04-23,8073,44814,10703,11641,,,22.0,1671696,,93597,4.0,,,325.0,198304,,27248,,,,15.0,7742,,4794,5.0,,,,4774,683.0,2224,474.0,,,,14691,,1949,,,,3.0,14996,,1986,2.0,,,1.0,2348,1.0,230,4.0,,,2.0,8371,6327.0,,3.0,11.0,22.0,,1.0,52.0,37.0,,3.0,177.0,318.0,,,2130.0,1329.0,,,4.0,,,,4.0,13.0,,,25.0,12.0,,,312,3272,1004,2089,,,5.0,81847,,9300,,,,187,9133,,5850,,,,99,657.0,,942,,,,4.0,4174,63.0,1251,127.0,,,19,469,786,,1.0,7.0,3.0,,1.0,4.0,36.0,,2.0,,37.0,,,162.0,258.0,,,2493,920,198,1299,,,1573,12295,,2408,28.0,,,741,1952,5.0,766,,,,304,195,,9.0,,,,,877,,135,,,,124,2.0,,,6.0,,,,11.0,6.0,,,,437.0,115.0,,2.0,59.0,62.0,,8.0,55.0,26.0,,3.0,8.0,,,,12.0,3.0,,,,,,,46603.0,1410.0,15939.0,2457.0,,,,,,,,6.0,,,30.0,45.0,,,9076.0,,5474.0,,,,,,,,,,,,2.0,1.0,,,754.0,767.0,,,,,,9.0,,357.0,156.0,,,,1.0,,,,1298.0,266.0,3255.0,474.0,,,,,8.0,,,,,,,,,569.0,829.0,,,67.0,120.0,,,17.0,58.0,,40.0,8.0,158.0,2.0,,,,,,,,,,,,,,,46.0,,40.0,,,,,,,,1.0,,,,,2.0,,,422.0,42.0,666,41.0,,,,1291,,979,,,,,573,,573,,,,,175,,150.0,,,,,409,120.0,242,63.0,,,,1761,,194,,,,,2147,,253,,,,,638,1.0,56,,,,2.0,223.0,126.0,,,,,,,,,,,5.0,,,,332.0,155.0,,,2.0,,,,7.0,2.0,,,11.0,2.0,,,30.0,8.0,37.0,9.0,,,,82.0,115,,,,,77.0,,165,,,,,26.0,17.0,,,,,255,17.0,101,9.0,,,1.0,16.0,19.0,,,,,,,,,,,,,,57.0,48.0,,,10.0,,9.0,,,,9.0,12.0,,26.0,,,,,9.0,,7.0,,,,2.0,11.0,,,,,,2.0,99,,23,,,,19.0,,,,,,,,12.0,,,,,,,,,,,,,15.0,,,,,,2.0,,,,,,,,,,72145,386.0,38.0,,,,,,,,,,,,,,224.0,,91.0,,,,,,,,,,,,,14.0,3.0,,,51.0,10.0,,,,,24.0,12.0,,,,,,,,,14.0,3.0,,,,,,5.0,4.0,,,8.0,,,,,,,,,,,,,,1.0,,,,,,,,,,1.0,,,,16527
_500m_16_days_VI_Quality_2019129_aid0001,aid0001,2019-05-09,2509,77425,6069,22969,,,13.0,1529443,12.0,106720,5.0,,,39.0,234175,112.0,42916,19.0,,,4.0,16416,58.0,4175,44.0,,,1.0,3806,2535.0,2760,1711.0,,,,34374,,2495,,,,,30661,9.0,6891,11.0,,,16.0,6062,142.0,1701,83.0,,,1.0,7874,5567.0,,,72.0,259.0,,99.0,1715.0,79.0,,,297.0,241.0,,,3619.0,2008.0,,9.0,6.0,11.0,,4.0,106.0,84.0,,,584.0,205.0,,,214,6415,1244,4395,,,12.0,71658,,11180,,,,65,10904,,4971,5.0,,,37,849.0,,908,4.0,,,16.0,9285,166.0,2576,292.0,,,31,571,1204,,2.0,8.0,11.0,,,38.0,10.0,,,3.0,4.0,,,301.0,379.0,,,830,2558,242,1440,,,917,10144,,1912,7.0,,,230,1449,,1296,,,,953,110,17.0,115.0,4.0,,,25.0,1394,58.0,225,25.0,,,134,1.0,,,2.0,2.0,9.0,,15.0,5.0,3.0,,,855.0,296.0,,,8.0,34.0,,,6.0,2.0,,,10.0,3.0,,,71.0,10.0,,,,,,,21109.0,4568.0,4480.0,681.0,,,,,,,,,,,4.0,,,,12383.0,,5728.0,,,,,,,,,,,,18.0,,,,393.0,229.0,,,,,,,,287.0,199.0,,,,,,,,726.0,626.0,1082.0,200.0,,,,,,,,,,,,,,549.0,280.0,,,45.0,16.0,,,8.0,19.0,,53.0,5.0,7.0,7.0,,,,,,,,,,,,,,,34.0,,16.0,,,,,,,,5.0,,,,2.0,,,,229.0,100.0,394,32.0,,,,1813,,896,,,,,1466,,1147,,,,,478,,252.0,2.0,,,,480,685.0,389,552.0,,,,2805,,339,,,,,5131,,1327,2.0,,,,1612,69.0,666,99.0,,,2.0,229.0,135.0,,,1.0,,,,11.0,7.0,,,27.0,7.0,,,872.0,339.0,,,1.0,,,,63.0,21.0,,,263.0,207.0,,,29.0,16.0,16.0,16.0,,,,146.0,80,,,,,114.0,,140,,,,,47.0,60.0,,,,7.0,506,63.0,187,96.0,,,6.0,50.0,25.0,,,,,,,,,,,3.0,,,85.0,65.0,,,13.0,,6.0,,,,18.0,36.0,,6.0,,,,,68.0,,10.0,,,,14.0,14.0,,8.0,1.0,,,3.0,266,24.0,46,5.0,,,22.0,3.0,,,8.0,5.0,,2.0,10.0,6.0,,,15.0,,,,,,,,,,,,,,,90.0,5.0,,,,,,,,,72863,1007.0,215.0,,,,,,,,,,,,,,511.0,,204.0,,,,,,,,,10.0,2.0,,,24.0,21.0,,,121.0,31.0,,,,,25.0,68.0,,,,,,,,,29.0,25.0,,,1.0,5.0,,5.0,8.0,,,,,,,,,,,,,,,80.0,,1.0,,,,,,,,,,,,,,16329
_500m_16_days_VI_Quality_2019145_aid0001,aid0001,2019-05-25,2699,52123,8291,14592,,,24.0,1614050,1.0,126059,,,,52.0,276105,,29999,,,,19.0,7950,6.0,2908,15.0,,,5.0,4059,1708.0,3056,644.0,,,1.0,13245,,2260,,,,2.0,13798,,3190,,,,7.0,2191,14.0,428,5.0,,,6.0,4809,5902.0,,6.0,2.0,15.0,,94.0,21.0,19.0,,,44.0,44.0,,,2153.0,1747.0,,,,,,,3.0,2.0,,,68.0,39.0,,,190,4722,679,2616,,,29.0,79235,,12628,,,,104,13008,,4164,,,,45,545.0,,1208,,,,,4212,110.0,1877,59.0,,,39,464,870,,,2.0,19.0,,6.0,,,,,2.0,29.0,,,162.0,309.0,,,967,1332,119,304,,,3119,11858,,2676,,,,719,1376,,563,,,,296,33,83.0,61.0,,,,2.0,824,80.0,140,,,,331,3.0,,,25.0,22.0,5.0,,30.0,,,,2.0,532.0,31.0,,26.0,47.0,382.0,,2.0,10.0,,,3.0,121.0,3.0,,,157.0,4.0,,,,,,,9696.0,553.0,2715.0,1960.0,,,,,,,,,,,,,,,7639.0,,2299.0,,,,,,,,,,,,1.0,,,,634.0,246.0,,,,,,,,507.0,132.0,,,,,,,,494.0,143.0,432.0,314.0,,,,,,,,,,,,,,250.0,304.0,,,78.0,60.0,,,15.0,12.0,,30.0,5.0,13.0,1.0,,,,,,,,,,,,,,,20.0,,,,,,,,,8.0,,,,,,,,,270.0,110.0,364,25.0,,,,913,,1142,,,,,469,,735,,,,,169,,299.0,,,,,726,459.0,564,188.0,,,,1543,,228,,,,,2553,,879,,,,,973,8.0,322,4.0,,,1.0,296.0,160.0,,,,,,,,,,,5.0,,,,751.0,276.0,,,,,,,2.0,1.0,,,35.0,24.0,,,27.0,9.0,30.0,3.0,,,,75.0,201,,,,,24.0,,54,,,,,12.0,32.0,,,,,384,29.0,243,20.0,,,9.0,12.0,21.0,,,,,,,,,,,,,,70.0,52.0,,,13.0,2.0,3.0,,,,10.0,17.0,,3.0,,,,10.0,10.0,,16.0,,,,11.0,,9.0,10.0,,,,,85,15.0,34,,,,86.0,3.0,,3.0,3.0,,,12.0,,,,,,,,,,,,,,,,,6.0,,,26.0,,,,2.0,,,,,,73190,472.0,131.0,,,,,,,,,,,3.0,,,285.0,,129.0,,,,,,,,,3.0,5.0,,,29.0,,,,101.0,35.0,,,,,39.0,5.0,,,,,,,,,17.0,26.0,,,8.0,,,8.0,2.0,,,,,,,,,,,,,,,,,,,,,,,,,,,,,,,16170
_500m_16_days_VI_Quality_2019161_aid0001,aid0001,2019-06-10,4603,44305,7403,15890,,,7.0,1704539,,124870,,,,99.0,219132,3.0,25170,,,,45.0,6277,,2177,1.0,,,4.0,6967,205.0,3320,115.0,,,,12294,,3978,,,,,14009,,5914,,,,,4143,60.0,1505,10.0,,,1.0,2932,2295.0,,,,,,,6.0,,,19.0,,,,,1183.0,645.0,,,,,,,,,,,168.0,42.0,,,156,8991,720,5238,,,25.0,84647,,14538,,,,97,7212,,3284,,,,3,143.0,,920,,,,,4598,5.0,2600,37.0,,,11,842,953,,4.0,,,,,2.0,7.0,,,,,,,71.0,154.0,,,214,2927,127,690,,,1291,12420,,3962,,,,390,1175,,355,,,,82,6,,156.0,,,,2.0,567,13.0,186,,,,703,,,,5.0,5.0,,,20.0,,1.0,,,336.0,76.0,,4.0,15.0,201.0,,,,,,,,,,,6.0,,,,,,,,2029.0,93.0,366.0,351.0,,,,,,,,,,,,,,,1152.0,,340.0,,,,,,,,,,,,,,,,300.0,248.0,,,,,,,,223.0,68.0,,,,,,,,11.0,48.0,27.0,132.0,,,,,,,,,,,,,,16.0,54.0,,,24.0,59.0,,,,18.0,,,,,16.0,,,,,,,,,,,,,,,,,,,,,,,,,,,,,,,,,337.0,4.0,659,2.0,,,,579,,982,,,,,492,,660,,,,,223,,289.0,,,,,474,15.0,472,42.0,,,,843,,176,,,,,1797,,937,,,,,921,16.0,405,5.0,,,,44.0,144.0,,,,,,,,,,,,11.0,,,106.0,188.0,,,,1.0,,,,2.0,,,14.0,44.0,,,42.0,,53.0,7.0,,,,139.0,377,,,,,8.0,,167,,,,,,54.0,,,,,414,,491,10.0,,,15.0,1.0,10.0,,,,,,,,,,,,,,11.0,20.0,,,17.0,,8.0,,,,74.0,9.0,,16.0,,,,3.0,17.0,,32.0,,,,7.0,1.0,,,,,,,378,50.0,85,,,,214.0,3.0,,2.0,5.0,,,2.0,,5.0,,,,,,,,,,,,,,,,,,,,,,,,,,,,72634,39.0,17.0,,,,,,,,,,,,,,11.0,,12.0,,,,,,,,,,8.0,,,11.0,6.0,,,7.0,12.0,,,,,,,,,,,,,,,,16.0,,,,12.0,,,8.0,,,,,,,,,,,,,,,,,,,,,,,,,,,,,,,16393
_500m_16_days_VI_Quality_2019177_aid0001,aid0001,2019-06-26,4454,39486,5400,6446,,,12.0,1867395,,100046,,,,127.0,152605,1.0,16017,,,,29.0,4256,1.0,1342,,,,,5270,22.0,2648,10.0,,,,10555,,1457,,,,,10186,,1970,,,,,1777,5.0,235,2.0,,,3.0,484,271.0,,,,,,,,,,,,,,,223.0,65.0,,,,,,,3.0,4.0,,,5.0,,,,475,4021,768,1228,,,11.0,90382,,11407,,,,215,8191,,2574,,,,31,380.0,,328,,,,,4382,3.0,1456,2.0,,,15,166,251,,3.0,3.0,4.0,,3.0,,3.0,,,5.0,,,1.0,32.0,25.0,,,152,808,83,159,,,1381,13877,,3976,,,,2014,773,,154,,,,142,200,,47.0,,,,2.0,370,,89,,,,69,,,,25.0,3.0,5.0,,1.0,,,,,19.0,3.0,,,18.0,53.0,,7.0,6.0,,,,20.0,,,,,,,,,,,,602.0,23.0,231.0,39.0,,,,,,,,,,,,,,,175.0,,90.0,,,,,,,,,,,,,,,,26.0,14.0,,,,,,,,18.0,8.0,,,,,,,,44.0,4.0,48.0,17.0,,,,,,,,,,,,,,1.0,3.0,,,8.0,13.0,,,,,,,,,,,,,,,,,,,,,,,,,,,,,,,,,,,,,,,,,,365.0,,309,,,,,474,,774,,,,,260,,323,,,,,123,,63.0,,,,,184,12.0,123,,,,,577,,235,,,,,1236,,517,,,,,620,,57,,,,,7.0,1.0,,,,,,,,,,,,,,,46.0,9.0,,,,,,,1.0,,,,,3.0,,,45.0,,26.0,,,,,79.0,81,,,,2.0,31.0,,95,,,,,33.0,45.0,,,,,206,1.0,215,2.0,,,,2.0,,,,,,,,,,,,,,,5.0,2.0,,3.0,7.0,,7.0,,,,19.0,1.0,,9.0,,,,,27.0,,,,,,,7.0,,,,,,,49,,9,,,,22.0,,,3.0,,,,,,,,,,,,,,,,,,,,,15.0,,,4.0,,,,,,,,,,72635,,16.0,,,,,,,,,,,,,,1.0,,3.0,,,,,,,,,,,,,,,,,,,,,,,,,,,,,,,,,,,,,,,,,,,,,,,,,,,,,,,,,,,,,,,,,,,,,,,,16401
_500m_16_days_VI_Quality_2019193_aid0001,aid0001,2019-07-12,783,46365,3333,7185,,,25.0,1880155,,116695,27.0,,,111.0,123569,1.0,12792,6.0,,,27.0,5798,,1155,,,,,3113,5.0,1163,,,,,12571,,2546,,,,,9549,,2375,3.0,,,,2584,5.0,467,2.0,,,,105,84.0,,,,,,,,,,,,,,,19.0,10.0,,,2.0,,,,1.0,,,,9.0,,,,52,3552,528,1438,,,6.0,89735,,17127,5.0,,,211,5059,,5308,,,,46,197.0,,468,,,,1.0,3483,10.0,1323,2.0,,,14,211,149,,,,28.0,,,3.0,2.0,,,,8.0,,,,4.0,,,587,1839,206,408,,,1255,13670,,3503,,,,862,902,,279,,,,484,43,,80.0,,,,15.0,533,,124,,,,144,,,,31.0,12.0,4.0,,26.0,2.0,1.0,,,214.0,103.0,,,1.0,,,,,,,,,,,,,,,,,,,,14.0,,,1.0,,,,,,,,,,,,,,,8.0,,,,,,,,,,,,,,,,,,,,,,,,,,,,,,,,,,,,,,,,,,,,,,,,,,,,,,,,,,,,,,,,,,,,,,,,,,,,,,,,,,,,,,,,,,,,,,,,,,,,36.0,,137,,,,,465,,477,,,,,241,,127,,,,,34,,71.0,2.0,,,,55,3.0,33,,,,,883,,139,,,,,1568,,284,,,,,648,2.0,86,,,,,,,,,,,,,,,,,,,,,2.0,,,,,,,,1.0,,,,4.0,,,,14.0,,27.0,,,,,69.0,137,,,,,9.0,,114,,,,,2.0,32.0,,,,,285,,114,,,,,,,,,,,,,,,,,,,,1.0,4.0,,,60.0,,52.0,,,,148.0,1.0,,16.0,,,,14.0,3.0,,8.0,,,,10.0,5.0,,4.0,,,,,156,,82,,,,150.0,,,28.0,7.0,1.0,,3.0,4.0,9.0,,,,,,,,,,,,,,,,,,,,,,,,,,,,72732,,,,,,,,,,,,,,,,,,,,,,,,,,,,,,,,,,,,,,,,,,,,,,,,,,,,,,,,,,,,,,,,,,,,,,,,,,,,,,,,,,,,,,,,,,16294
_500m_16_days_VI_Quality_2019209_aid0001,aid0001,2019-07-28,924,36881,3023,4590,,,12.0,1931274,,91500,,,,132.0,120660,1.0,10863,,,,9.0,7047,,1462,,,,,1412,,524,,,,,10883,,1445,,,,,9216,,2133,,,,,1369,2.0,297,,,,,81,27.0,,,,,,,,,,,,,,,2.0,,,,,,,,,,,,14.0,,,,155,3946,238,1090,,,22.0,92042,1.0,14162,,,,182,5307,,3417,1.0,,,26,207.0,,1099,4.0,,,9.0,3309,,965,,,,11,291,56,,,3.0,2.0,,8.0,1.0,2.0,,,,,,,1.0,1.0,,,362,1444,238,321,,,3056,14179,,2881,,,,610,697,,342,8.0,,,359,395,,54.0,2.0,,,15.0,472,,214,3.0,,,114,,,,18.0,2.0,,,22.0,,1.0,,,103.0,10.0,,,23.0,,,,,,,,,,,,,2.0,,,,,,,,1.0,,,,,,,,,,,,,,,,,,,,,,,,,,,,,,,,,,,,,,,,,,,,2.0,,,,,,,,,,,,,,,,,,,,,,,,,,,,,,,,,,,,,,,,,,,,,,,,,,,,,,,,,,,,,,,,,,,,,,,,,40.0,,41,,,,,251,,783,,,,,258,,502,,,,,208,,110.0,,,,,28,,40,,,,,361,,95,,,,,1147,,487,,,,,323,,74,,,,,,,,,,,,,,,,,,,,,,,,,,,,,,,,,,,,,,,,,,,,51.0,87,,,,8.0,77.0,,103,,,,1.0,16.0,93.0,,,,,385,,129,,,,7.0,,,,,,,,,,,,,,,,,6.0,,,2.0,,3.0,,,,34.0,15.0,,5.0,,,,9.0,2.0,,13.0,,,,2.0,28.0,,6.0,,,,,92,,98,,,,46.0,,,2.0,4.0,,,14.0,3.0,,,1.0,,,,,,,,,,,,,,,,,,,,,,,,,,72517,,,,,,,,,,,,,,,,,,,,,,,,,,,,,,,,,,,,,,,,,,,,,,,,,,,,,,,,,,,,,,,,,,,,,,,,,,,,,,,,,,,,,,,,,,16225
_500m_16_days_VI_Quality_2019225_aid0001,aid0001,2019-08-13,200,23821,1958,2906,,,37.0,1985826,,87181,,,,48.0,104113,,13332,,,,25.0,3674,,1519,,,,,544,,233,,,,,6356,,794,,,,2.0,5436,,1376,,,,1.0,1096,,207,,,,,2,,,,,1.0,,,,,,,,8.0,,,1.0,,,,,,,,,,,,,,,,5,1771,479,832,,,3.0,97369,,10197,,,,283,5614,,5552,,,,45,155.0,,662,,,,,1150,,504,,,,3,23,18,,,,9.0,,7.0,1.0,24.0,,,,14.0,,,,12.0,,,170,605,258,148,,,4437,15264,,2912,,,,1043,544,,262,,,,173,24,,191.0,,,,16.0,237,,42,2.0,,,48,,,,10.0,3.0,,,,,,,,17.0,,,,1.0,,,2.0,,,,,,1.0,,,,,,,,,,,,,,,,,,,,,,,,,,,,,,,,,,,,,,,,,,,,,,,,,,,,,,,,,,,,,,,,,,,,,,,,,,,,,,,,,,,,,,,,,,,,,,,,,,,,,,,,,,,,,,,,,,,,,,,,,,,,,,,,,13.0,,4,,,,,110,,109,,,,,161,,74,,,,,101,,114.0,,,,,8,,11,,,,,224,,20,,,,,415,,145,,,,3.0,191,,25,,,,,,,,,,,,,,,,,,,,,,,,,,,,,,,,,,,,,,,2.0,,,,,18.0,79,,,,,18.0,,97,,,,,1.0,27.0,,,,,158,,58,,,,,,,,,,,,,,,,,,,,,,,,,,,,,,3.0,6.0,,6.0,,,,8.0,4.0,,5.0,,,,11.0,8.0,,2.0,,,,,30,,12,,,,19.0,,,11.0,2.0,,,3.0,,1.0,,,,,,,,,,,,,,,,,,,,,,,,,,,,72620,,,,,,,,,,,,,,,,,,,,,,,,,,,,,,,,,,,,,,,,,,,,,,,,,,,,,,,,,,,,,,,,,,,,,,,,,,,,,,,,,,,,,,,,,,16164
_500m_16_days_VI_Quality_2019241_aid0001,aid0001,2019-08-29,400,25350,3202,2774,,,34.0,1949353,1.0,114884,5.0,,,24.0,101759,3.0,15239,,,,,3667,,1931,,,,,553,,304,,,,,7207,,922,,,,,6115,,1243,,,,1.0,494,,177,,,,,41,21.0,,,,3.0,,,14.0,45.0,,,,,,,,,,,,,,,,,,,,2.0,,,37,1566,400,671,,,8.0,103005,,10975,,,,271,6841,,2516,,,,42,173.0,,368,7.0,,,1.0,1722,,462,,,,4,15,17,,,7.0,7.0,,4.0,11.0,11.0,,2.0,,11.0,,,,,,,817,579,249,162,,,3502,15558,,3076,,,,621,763,,324,1.0,,,338,29,,192.0,5.0,,,80.0,249,,68,,,,36,,,,2.0,3.0,,,23.0,,10.0,,,17.0,18.0,,,29.0,3.0,,4.0,1.0,11.0,,6.0,,,,,,,,,,,,,,1.0,,,,,,,,,,,,,,,,,,,,,,,,,,,,,,,,,,,,,,,,,,,,,,,,,,,,,,,,,,,,,,,,,,,,,,,,,,,,,,,,,,,,,,,,,,,,,,,,,,,,,,,,,,,,1.0,,,,,,,,,10.0,,34,,,,,208,,209,,,,,172,,152,,,,,152,,14.0,,,,,30,,14,,,,,236,,7,,,,,491,,131,,,,2.0,168,,51,,,,,,,,,,,,,,,,,,,,,,,,,,,,,,,,,,,,,,,,,,,,15.0,199,,,,,22.0,,36,,,,2.0,24.0,13.0,,,,,111,1.0,29,,,,7.0,,,,,,,,,,,,,,,,,,,,5.0,,18.0,,,,,9.0,,32.0,,,,,2.0,,22.0,,,,17.0,1.0,,8.0,,,,,84,,19,,,,10.0,,,,7.0,,,15.0,,10.0,,,,,,,,,,,,,,,,,,6.0,,,,,,,,,,72701,,,,,,,,,,,,,,,,,,,,,,,,,,,,,,,,,,,,,,,,,,,,,,,,,,,,,,,,,,,,,,,,,,,,,,,,,,,,,,,,,,,,,,,,,,16320
_500m_16_days_VI_Quality_2019257_aid0001,aid0001,2019-09-14,775,27585,2720,3298,,,19.0,1995414,,85298,,,,49.0,77640,,15459,,,,1.0,5575,,1544,,,,,1094,,225,,,,,10677,,1296,,,,1.0,6258,,1227,,,,7.0,784,,122,,,,,202,40.0,,,29.0,2.0,,,,29.0,,,,9.0,,,1.0,,,,,,,,,16.0,,,2.0,,,,23,1494,357,488,,,5.0,102889,,8384,,,,194,6400,,4337,,,,53,85.0,,265,,,,2.0,1630,,471,,,,1,49,27,,,30.0,2.0,,5.0,9.0,14.0,,3.0,,20.0,,,3.0,2.0,,,1259,705,154,496,,,3082,15309,16.0,2041,,,,525,768,,403,,,,621,28,,26.0,,,,4.0,421,,50,,,,57,,,,6.0,5.0,2.0,,10.0,1.0,2.0,,2.0,184.0,89.0,,3.0,212.0,36.0,,,19.0,,,1.0,,,,,34.0,,,1.0,,,,,,6.0,,2.0,,,,,,,,,,,,,,,35.0,,,,,,,,,,,,,,,,,,,,,,,,,,,2.0,,,,,,,,,,,,,,,,,,,,,,,,,,,,,,,,,,,,,,169.0,,,,,,,,,,,,,,,,,,,,,,,,,,,3.0,,,,,,,,12.0,,16,,,,,391,,150,,,,,303,,224,,,,,183,,53.0,,,,,49,,6,,,,,302,,11,,,,,509,,156,,,,9.0,257,,40,,,,,,,,,,,,,,,,,,9.0,,,,,,,,,,,1.0,,,,4.0,,,,1.0,,,,,,,46.0,3,,,,,41.0,,63,,,,,19.0,5.0,,,,,146,,42,,,,,,,,,,,,,,,,,,,,,,,,19.0,,3.0,,,,8.0,30.0,,1.0,,,,,3.0,,10.0,,,,4.0,4.0,,,,,,1.0,21,1.0,18,,,,18.0,,,4.0,,,,2.0,25.0,17.0,,36.0,,,,,,,,,,,,,,,,,,,,,,,,,,72186,,,,,,,,,,,,,,,,,,,,,,,,,,,,,,,,,,,,,,,,,,,,,,,,,,,,2.0,,,,,,,,,,,,,,,,,,,,,,,,,,,,,,,,,,,,,,15893
_500m_16_days_VI_Quality_2019273_aid0001,aid0001,2019-09-30,910,25130,7029,2370,,,25.0,2015388,19.0,61528,2.0,,,18.0,83946,1.0,17841,1.0,,,,4290,,2272,,,,,1643,8.0,314,1.0,,,1.0,10260,,510,,,,,5989,2.0,971,1.0,,,8.0,355,,84,,,,,80,79.0,,15.0,974.0,36.0,,8.0,33.0,113.0,,,7.0,4.0,,,4.0,7.0,,,3.0,,,1.0,,,,2.0,1.0,2.0,,,29,1263,340,445,,,3.0,104302,,6257,,,,241,4284,,3113,,,,54,169.0,,609,,,,,1568,,391,,,,9,9,27,,,122.0,18.0,,10.0,46.0,47.0,,11.0,2.0,9.0,,,11.0,5.0,,2.0,1098,1034,107,317,,,2633,14812,151.0,1123,21.0,,,1311,493,94.0,576,,,,411,2,,50.0,,,,6.0,403,103.0,82,21.0,,,69,,,,30.0,4.0,,,4.0,,10.0,,,441.0,53.0,,2.0,404.0,58.0,,48.0,55.0,9.0,,,,,,,132.0,8.0,,4.0,,,,,27.0,5.0,34.0,2.0,,,,,,,,,,,,,,,22.0,,16.0,,,,,,,,,,,,,,,,,1.0,,,,,,,,,5.0,,,,,,,,,,12.0,,,,,,,,,,,,,,,,,,,,,,,,,,418.0,,,,,,,7.0,,,,,,,,,,,2.0,,,,,,,,,,,,,,,,,,,,29,,,,,125,,48,,,,,99,,162,,,,,42,,56.0,,,,,21,,4,,,,,116,,4,,,,,274,,54,,,,4.0,107,,35,,,,,,,,,3.0,,,,2.0,,,,,,,,3.0,,,,2.0,,,,7.0,4.0,,6.0,2.0,,,,,,,,,,,34.0,105,,,,2.0,36.0,,76,,,,,,32.0,,,,,46,,33,,,,,,,,,,,,6.0,4.0,,,,,,,2.0,,,,8.0,,11.0,,,,28.0,21.0,,10.0,,,,7.0,9.0,,,,,,,,,16.0,,,,,25,,6,,,,9.0,,,,,,,,,3.0,,,,,,,,,,,,,,,,,,2.0,22.0,,,,,,,,,71709,,,,,,,,,,,,,,,,,,,,,,,,,,,,,,,,,,,,,,,,,,,,,,,,,,,,,,,,,,,,,,,,,,,,,,,,,,,,,,,,,,,,,,,,,,15806
_500m_16_days_VI_Quality_2019289_aid0001,aid0001,2019-10-16,1690,23103,10819,2534,,,35.0,2009650,218.0,56870,,,,14.0,77707,121.0,18650,5.0,,,8.0,5770,4.0,2073,,,,,2804,19.0,503,6.0,,,,11254,2.0,471,,,,,5258,8.0,899,,,,3.0,350,,72,,,,,1182,397.0,,12.0,6511.0,61.0,,14.0,1659.0,115.0,,,7.0,23.0,,,26.0,28.0,,,41.0,7.0,,1.0,11.0,4.0,,3.0,8.0,2.0,,,71,1039,831,323,,,,105159,6.0,4892,2.0,,,202,4867,1.0,3865,6.0,,,48,118.0,,507,39.0,,,12.0,1654,,329,,,,10,80,66,,,437.0,40.0,,14.0,106.0,79.0,,1.0,22.0,38.0,,,37.0,20.0,,,1745,1172,119,386,,,2789,14507,79.0,1018,27.0,,,898,332,3.0,449,,,,465,22,,56.0,,,,,289,35.0,76,1.0,,,132,,,,21.0,,2.0,,3.0,,,,,212.0,70.0,,28.0,243.0,124.0,,26.0,24.0,27.0,,,,19.0,,,155.0,11.0,,3.0,,,,,,12.0,33.0,9.0,,,,,,,,,,,1.0,,,,31.0,,5.0,,,,,,,,,,,,,,,,3.0,3.0,,,,,,,,2.0,,,,,,,,,,,,,,,,,,,,,,,,,,,,,,,,,,,,,380.0,4.0,123.0,,,,,78.0,7.0,,,,,,,,,,48.0,,5.0,,,,,,,,,,,,,,,,5.0,,45,,,,,138,,161,,,,,86,,100,,,,,57,,33.0,,,,,40,1.0,3,,,,,99,,29,,,,,205,2.0,35,,,,10.0,71,,2,,,,1.0,,,,,1.0,11.0,,,,,,,,1.0,,,1.0,4.0,,,8.0,,,,8.0,,,2.0,2.0,,,,6.0,,6.0,,,,,29.0,38,,,,,15.0,,64,,,,,4.0,,,,,,96,,18,,,,,,,,,,,,7.0,,,,,,,,8.0,,,,4.0,,25.0,,,,79.0,36.0,,3.0,,,,7.0,1.0,2.0,24.0,,,,,9.0,,5.0,,,,,45,5.0,25,,,,35.0,,,,,,,,,,,,,,,,4.0,,,,,,,,,,,10.0,,,,,,,,,,72852,,,,,,,,,,,,,,,,,,1.0,,,,,,,,,,,,,,,,,,,,,,,,,,,,,,,,,,,,,,,,,,,,,,,,,,,,,,,,2.0,,,,,,,,,,,,,,,,16101
_500m_16_days_VI_Quality_2019305_aid0001,aid0001,2019-11-01,4892,27818,15255,2950,10.0,144.0,21.0,1975567,201.0,53121,5.0,2058.0,,41.0,90256,92.0,21769,18.0,122.0,,9.0,6563,,3874,2.0,5.0,,,5260,,813,2.0,3.0,8.0,1.0,8948,,316,,3.0,,4.0,8328,6.0,1135,,1.0,1.0,3.0,531,,145,1.0,2.0,,,492,550.0,64.0,24.0,5558.0,305.0,12.0,1.0,1254.0,653.0,10.0,3.0,21.0,48.0,,,12.0,59.0,8.0,,21.0,2.0,2.0,,24.0,23.0,3.0,3.0,19.0,9.0,,,208,2060,1239,542,23.0,105.0,4.0,97845,2.0,3544,25.0,197.0,20.0,219,6451,3.0,3489,5.0,20.0,,48,277.0,,1319,26.0,,,8.0,2078,2.0,407,5.0,11.0,2.0,6,227,100,24.0,4.0,670.0,177.0,30.0,16.0,88.0,194.0,10.0,7.0,6.0,114.0,,,28.0,42.0,10.0,,1260,1055,375,512,,150.0,1979,13111,40.0,719,11.0,377.0,3.0,645,560,,780,1.0,89.0,,469,46,,247.0,,,,4.0,318,38.0,69,,22.0,5.0,45,,,,5.0,1.0,1.0,,8.0,4.0,5.0,,,741.0,126.0,21.0,19.0,308.0,56.0,29.0,66.0,80.0,33.0,14.0,13.0,2.0,32.0,,,123.0,9.0,17.0,4.0,,,,,,9.0,,2.0,,,,,,,,,,,,,,,25.0,,,,,,,,,,,,,,1.0,,,,1.0,,,,,,,,,,,,,,,,,,,,,,,,,,,,,,,,,,,,,,,,,,,,,,467.0,,11.0,,1.0,6.0,1.0,4.0,6.0,,,,,,,,,,36.0,,2.0,,2.0,,,,,,,,,,,,,,28.0,,128,,,1.0,,552,,417,,,10.0,,554,21.0,431,9.0,,,,309,,523.0,,,,,155,,21,,,6.0,,509,,35,2.0,,3.0,4.0,1260,7.0,150,,,7.0,12.0,187,1.0,21,,,,4.0,,24.0,23.0,4.0,1.0,50.0,,,13.0,17.0,,,,1.0,,,3.0,31.0,8.0,1.0,6.0,16.0,,,21.0,26.0,,3.0,,2.0,,,,,21.0,,3.0,,,49.0,11,,20.0,24.0,,60.0,,119,,8.0,,,33.0,118.0,,,,,272,,35,,,,3.0,,,,,,,,5.0,12.0,,,,9.0,,,5.0,11.0,,,78.0,,163.0,,,,115.0,4.0,1.0,11.0,,83.0,17.0,17.0,13.0,,36.0,,50.0,,7.0,4.0,,26.0,,,,,116,,103,,15.0,,37.0,,,3.0,,,,,1.0,,,,1.0,,,,2.0,,2.0,,1.0,,9.0,,,,,7.0,7.0,4.0,1.0,,,,,,,72815,,,,,,,,,,,,,,,,,,,,,,,,,,,,,,,,,,,,,,,,,,,,,,,,,,,,,,,,,,,,,,,,,,,,,,,,,,1.0,,,,,,5.0,,,,,,,,,,16028
_500m_16_days_VI_Quality_2019321_aid0001,aid0001,2019-11-17,3362,12606,13899,7132,957.0,1250.0,5.0,1105578,4085.0,628978,4041.0,24391.0,32003.0,14.0,114533,1772.0,75016,2286.0,14890.0,6389.0,8.0,4845,41.0,3333,160.0,216.0,110.0,,3581,12.0,1491,75.0,223.0,92.0,1.0,6888,21.0,1572,25.0,264.0,123.0,11.0,6952,11.0,3101,191.0,244.0,200.0,6.0,586,7.0,267,65.0,68.0,231.0,3.0,2445,2752.0,1292.0,,56667.0,24364.0,8261.0,1.0,18001.0,7150.0,3976.0,4.0,160.0,164.0,76.0,,63.0,84.0,121.0,,218.0,150.0,33.0,2.0,249.0,196.0,95.0,3.0,45.0,84.0,87.0,,195,1147,1402,1353,376.0,582.0,3.0,45704,231.0,32384,131.0,4937.0,5120.0,132,10920,50.0,9064,188.0,3174.0,360.0,57,412.0,,1236,95.0,397.0,178.0,28.0,1625,,1766,31.0,429.0,255.0,5,224,326,498.0,4.0,2102.0,1146.0,1464.0,12.0,1235.0,622.0,276.0,9.0,29.0,83.0,133.0,,111.0,179.0,172.0,,515,1316,507,1464,89.0,717.0,1294,5058,2.0,5462,64.0,1281.0,101.0,254,1398,3.0,848,47.0,504.0,5.0,152,82,,260.0,26.0,23.0,,38.0,241,1.0,184,30.0,94.0,17.0,64,,,,,3.0,11.0,,9.0,2.0,20.0,23.0,,274.0,537.0,153.0,15.0,192.0,433.0,173.0,20.0,84.0,68.0,19.0,2.0,16.0,19.0,2.0,,29.0,91.0,29.0,6.0,,1.0,9.0,,443.0,11.0,4040.0,72.0,406.0,15.0,,,21.0,,,,13.0,15.0,22.0,5.0,3.0,,40.0,,361.0,,61.0,,,,,,3.0,,,,22.0,18.0,17.0,,2.0,9.0,,,,,,,,,2.0,,,,,,,,,3.0,158.0,13.0,49.0,2.0,,,,,,,,,,2.0,,,192.0,14.0,,,,,,,,,5.0,4.0,1899.0,96.0,77.0,52.0,5.0,,128.0,,,,,5.0,,,,,,,64.0,,47.0,,,1.0,,,2.0,17.0,,,,,,,107.0,,177,58.0,3.0,2.0,,1269,13.0,1757,58.0,52.0,24.0,2.0,1035,5.0,1339,16.0,111.0,20.0,,237,,359.0,1.0,7.0,11.0,,244,4.0,91,20.0,18.0,1.0,,844,2.0,221,3.0,17.0,,2.0,1548,5.0,677,8.0,135.0,9.0,1.0,215,4.0,107,17.0,106.0,49.0,5.0,9.0,10.0,8.0,,26.0,73.0,34.0,,40.0,116.0,32.0,,35.0,15.0,5.0,,15.0,14.0,9.0,,47.0,13.0,7.0,,78.0,106.0,24.0,1.0,3.0,54.0,67.0,3.0,1.0,,4.0,6.0,19.0,16.0,,44.0,122,,40.0,,,109.0,,104,,88.0,,,10.0,107.0,,18.0,12.0,,275,2.0,194,5.0,45.0,19.0,9.0,2.0,,11.0,5.0,20.0,2.0,,2.0,14.0,8.0,,,,11.0,,27.0,35.0,26.0,,185.0,,62.0,3.0,3.0,,97.0,22.0,,105.0,,,,5.0,8.0,,9.0,,8.0,,8.0,25.0,,22.0,,,,,261,2.0,73,45.0,82.0,41.0,52.0,,1.0,3.0,8.0,7.0,,3.0,20.0,43.0,9.0,2.0,,,,,1.0,25.0,1.0,2.0,,,,,4.0,1.0,,29.0,65.0,31.0,2.0,,,7.0,20.0,,1.0,72544,86.0,493.0,31.0,,,,,,,,,,,2.0,,4.0,,3.0,5.0,,,,6.0,,,,2.0,10.0,9.0,,,,,,,,,,,,,26.0,24.0,,,,,,,,,2.0,,,,,,,,,,54.0,,1.0,,,,,,,,,,,,23.0,,46.0,,,,,,,,,,,,16417
_500m_16_days_VI_Quality_2019337_aid0001,aid0001,2019-12-03,3826,13263,18923,47386,1819.0,23567.0,8.0,444597,428.0,868791,1917.0,66799.0,1818.0,22.0,51162,159.0,165852,1059.0,18079.0,769.0,46.0,4533,19.0,11115,265.0,4064.0,254.0,4.0,5896,64.0,7672,2490.0,719.0,1950.0,,13823,7.0,15233,86.0,2548.0,136.0,,9037,6.0,22367,117.0,4936.0,210.0,,1037,34.0,5940,1542.0,1246.0,515.0,,1844,10954.0,6193.0,7.0,2046.0,14597.0,4994.0,14.0,756.0,7123.0,1045.0,21.0,113.0,1089.0,289.0,,100.0,1095.0,1374.0,,103.0,438.0,269.0,7.0,131.0,908.0,467.0,8.0,113.0,2069.0,384.0,,108,847,1701,5820,733.0,2093.0,29.0,12170,8.0,52355,19.0,4603.0,19.0,40,3156,7.0,12982,40.0,2566.0,49.0,76,81.0,5.0,1376,2.0,388.0,86.0,5.0,1813,1.0,5531,241.0,1032.0,191.0,33,95,1551,352.0,4.0,103.0,860.0,90.0,5.0,89.0,455.0,117.0,6.0,5.0,74.0,123.0,,59.0,381.0,187.0,,218,707,368,3978,90.0,727.0,657,1148,,5574,,684.0,,112,514,7.0,1275,,150.0,18.0,63,29,,188.0,,52.0,18.0,2.0,143,,777,52.0,93.0,27.0,151,,,,5.0,,30.0,5.0,26.0,,41.0,58.0,1.0,237.0,1240.0,323.0,44.0,52.0,285.0,4.0,4.0,40.0,210.0,35.0,8.0,21.0,40.0,5.0,,13.0,113.0,57.0,4.0,,,,,1940.0,1410.0,133497.0,22457.0,15869.0,8146.0,24.0,13.0,53.0,2.0,,19.0,275.0,24.0,67.0,1086.0,897.0,,1369.0,,25084.0,,9627.0,,6.0,,,,,91.0,3.0,,34.0,1201.0,242.0,4.0,13.0,409.0,224.0,5.0,,,,3.0,,3.0,85.0,17.0,,,,,,2.0,3.0,69.0,7801.0,1835.0,2417.0,968.0,3.0,,11.0,,,56.0,9.0,,,12.0,,37.0,2384.0,1099.0,2.0,,15.0,6.0,,,1.0,,,2.0,2730.0,337.0,129.0,128.0,68.0,,38.0,,,,38.0,,,,1.0,4.0,,,314.0,,18.0,,18.0,,,,156.0,26.0,,,,35.0,,,218.0,35.0,1817,498.0,183.0,208.0,1.0,1822,4.0,8257,28.0,1690.0,39.0,,1749,32.0,8076,58.0,1381.0,48.0,2.0,316,11.0,3174.0,99.0,383.0,34.0,,253,12.0,1653,1450.0,245.0,691.0,,1011,6.0,5284,28.0,705.0,65.0,,1525,23.0,13772,132.0,3146.0,71.0,2.0,356,16.0,5944,1170.0,926.0,453.0,9.0,48.0,277.0,126.0,,12.0,87.0,176.0,4.0,27.0,181.0,83.0,,31.0,294.0,41.0,,35.0,702.0,255.0,,9.0,127.0,64.0,5.0,50.0,646.0,238.0,2.0,78.0,1994.0,249.0,6.0,9.0,4.0,186.0,49.0,77.0,69.0,,14.0,362,,43.0,,1.0,75.0,,587,,69.0,10.0,4.0,,118.0,,1.0,8.0,,105,,1109,179.0,202.0,98.0,15.0,,6.0,20.0,,36.0,10.0,,,66.0,,,,27.0,12.0,,3.0,198.0,38.0,,11.0,,113.0,2.0,6.0,4.0,74.0,26.0,,126.0,,,,6.0,8.0,,99.0,,8.0,,16.0,,,39.0,,10.0,,,29,,408,56.0,64.0,15.0,271.0,,1.0,7.0,,37.0,14.0,52.0,1.0,49.0,55.0,24.0,,2.0,,7.0,,39.0,,,,3.0,,,,12.0,1.0,5.0,211.0,24.0,14.0,,,,13.0,3.0,,73005,481.0,12480.0,2271.0,,1.0,,,,,18.0,,,283.0,114.0,,158.0,,5564.0,1443.0,,,,,98.0,31.0,,20.0,861.0,159.0,5.0,,3.0,,,1.0,67.0,5.0,,1.0,,6.0,945.0,178.0,1.0,,,,,,,1.0,674.0,157.0,1.0,,2.0,,,5.0,,,192.0,,,,18.0,14.0,,,,,9.0,4.0,,,117.0,,2.0,,8.0,,10.0,,,,,2.0,,,16167
_500m_16_days_VI_Quality_2019353_aid0001,aid0001,2019-12-19,710,4389,20882,28867,3572.0,29509.0,27.0,251041,262.0,923975,1799.0,25564.0,1587.0,98.0,54452,74.0,404985,1462.0,48386.0,1864.0,146.0,1737,,14515,217.0,7184.0,640.0,1.0,1125,1.0,5447,1626.0,2819.0,2137.0,,2905,,9814,27.0,1579.0,167.0,,3431,7.0,23572,118.0,8637.0,479.0,6.0,250,4.0,6908,737.0,3376.0,961.0,2.0,649,7779.0,4542.0,17.0,1449.0,5675.0,2013.0,47.0,478.0,5065.0,2940.0,17.0,112.0,806.0,903.0,,22.0,795.0,873.0,,13.0,309.0,159.0,,75.0,1078.0,1036.0,,46.0,1260.0,664.0,,36,349,1500,3607,718.0,3074.0,22.0,7003,31.0,51760,,1057.0,127.0,113,2325,1.0,24780,6.0,2304.0,189.0,162,33.0,,1303,12.0,581.0,108.0,2.0,810,,7285,217.0,673.0,241.0,22,65,575,684.0,8.0,82.0,563.0,115.0,26.0,57.0,480.0,186.0,37.0,,28.0,82.0,2.0,18.0,268.0,281.0,2.0,25,17,401,2399,32.0,1563.0,1896,671,,6348,,57.0,60.0,231,301,14.0,3106,,240.0,51.0,313,11,,273.0,,87.0,41.0,25.0,61,2.0,556,15.0,106.0,31.0,160,,,,4.0,,16.0,,24.0,,6.0,15.0,4.0,6.0,578.0,147.0,72.0,24.0,318.0,18.0,17.0,26.0,334.0,48.0,16.0,,49.0,74.0,,12.0,69.0,19.0,33.0,,,1.0,7.0,333.0,21.0,106779.0,15442.0,13187.0,12417.0,8.0,,124.0,,,,257.0,85.0,2.0,1375.0,356.0,,273.0,,29407.0,,7954.0,,,,3.0,,,100.0,58.0,,1.0,2233.0,371.0,3.0,3.0,338.0,991.0,,,,,,,,72.0,99.0,,,,,,,,,4407.0,1249.0,2572.0,1215.0,2.0,,,,,15.0,22.0,,,9.0,5.0,41.0,3000.0,1357.0,,,25.0,123.0,,,12.0,32.0,,3.0,2016.0,377.0,261.0,303.0,63.0,,6.0,,,,68.0,105.0,,,7.0,,,,145.0,,84.0,,14.0,,,,20.0,17.0,9.0,,,,6.0,3.0,22.0,3.0,1896,493.0,197.0,143.0,,135,,13647,15.0,1236.0,74.0,,319,,9641,68.0,2773.0,119.0,1.0,54,2.0,2869.0,53.0,1509.0,89.0,5.0,53,2.0,1238,1076.0,392.0,550.0,,280,,5294,28.0,580.0,30.0,,507,,11440,66.0,2703.0,184.0,5.0,73,8.0,4893,686.0,1209.0,543.0,15.0,,195.0,58.0,,,68.0,42.0,,,162.0,167.0,4.0,,328.0,204.0,,2.0,425.0,118.0,,,185.0,29.0,,5.0,449.0,489.0,,21.0,1393.0,604.0,8.0,,,120.0,21.0,91.0,37.0,,,415,,49.0,,2.0,55.0,,874,,341.0,28.0,1.0,2.0,126.0,,47.0,2.0,,63,,1181,219.0,265.0,132.0,15.0,,5.0,11.0,,,18.0,,,17.0,13.0,,,1.0,2.0,,2.0,147.0,127.0,1.0,3.0,,114.0,5.0,8.0,,190.0,,,218.0,,,5.0,6.0,13.0,,185.0,,17.0,,28.0,,,44.0,,48.0,,1.0,5,,373,46.0,91.0,8.0,187.0,,,,,64.0,,43.0,,32.0,2.0,19.0,,20.0,4.0,14.0,,20.0,,,,12.0,,2.0,,17.0,24.0,1.0,171.0,78.0,3.0,,,,12.0,1.0,,72673,51.0,15220.0,946.0,,,,6.0,,,75.0,6.0,10.0,539.0,97.0,,6.0,,5563.0,1101.0,,5.0,,,115.0,8.0,,15.0,1295.0,383.0,,,9.0,,8.0,,64.0,12.0,,1.0,2.0,,833.0,252.0,,,,,,11.0,,,691.0,428.0,3.0,,,,,9.0,1.0,,96.0,,47.0,,2.0,,,11.0,14.0,,,8.0,,,42.0,,28.0,,4.0,,7.0,,,2.0,,13.0,,2.0,16235
_500m_16_days_VI_Quality_2020001_aid0001,aid0001,2020-01-01,3182,16279,25967,42932,4209.0,23429.0,11.0,522157,759.0,833306,865.0,16162.0,483.0,127.0,112894,360.0,183544,694.0,28454.0,715.0,62.0,7176,23.0,15533,233.0,11283.0,397.0,,2886,421.0,6843,2615.0,943.0,1539.0,,6445,11.0,13553,21.0,311.0,69.0,,9045,12.0,21061,68.0,2193.0,280.0,4.0,939,70.0,5300,887.0,1976.0,610.0,3.0,3632,12200.0,4705.0,16.0,3657.0,2884.0,575.0,7.0,1256.0,2712.0,1303.0,18.0,331.0,1180.0,970.0,2.0,308.0,1348.0,367.0,2.0,93.0,188.0,44.0,,299.0,665.0,593.0,,311.0,1488.0,572.0,,106,1003,923,4336,1991.0,3034.0,22.0,14855,34.0,45939,3.0,2370.0,35.0,151,2539,7.0,12641,9.0,3432.0,303.0,73,41.0,,990,17.0,1647.0,100.0,8.0,1378,10.0,7075,159.0,1381.0,427.0,28,176,1003,648.0,4.0,156.0,340.0,76.0,27.0,53.0,201.0,326.0,15.0,4.0,33.0,52.0,,64.0,342.0,301.0,1.0,196,138,317,1239,63.0,471.0,1800,1054,,5654,,352.0,10.0,597,442,7.0,1890,,498.0,9.0,545,37,2.0,199.0,,499.0,19.0,125.0,182,8.0,514,3.0,184.0,9.0,138,,3.0,,6.0,1.0,17.0,4.0,6.0,,10.0,7.0,2.0,30.0,821.0,185.0,42.0,33.0,209.0,39.0,23.0,29.0,181.0,80.0,10.0,20.0,79.0,65.0,,18.0,137.0,38.0,2.0,,,,,4838.0,1775.0,74130.0,20235.0,12101.0,10091.0,24.0,125.0,97.0,,1.0,35.0,301.0,32.0,137.0,485.0,866.0,,1986.0,,24798.0,,6378.0,,,,,,4.0,114.0,16.0,,12.0,1019.0,748.0,,27.0,685.0,591.0,,,,,,,9.0,130.0,42.0,,,,,1.0,,10.0,90.0,3389.0,1623.0,3041.0,1316.0,2.0,,,,,11.0,34.0,,,,,58.0,2308.0,1888.0,2.0,3.0,88.0,65.0,,,4.0,10.0,,4.0,1673.0,279.0,313.0,364.0,3.0,,,,,,13.0,145.0,7.0,,,13.0,7.0,,76.0,,172.0,,2.0,,,,67.0,37.0,,,,2.0,3.0,,388.0,40.0,2599,361.0,410.0,97.0,,945,,16141,21.0,293.0,162.0,,1548,9.0,7961,54.0,1481.0,87.0,,709,12.0,2570.0,67.0,1247.0,29.0,,346,103.0,2178,1167.0,284.0,455.0,1.0,634,,6656,11.0,210.0,112.0,1.0,2252,7.0,13679,74.0,1133.0,116.0,1.0,453,21.0,4662,641.0,682.0,310.0,2.0,44.0,379.0,79.0,,3.0,95.0,37.0,,38.0,255.0,200.0,,43.0,314.0,54.0,,141.0,797.0,132.0,1.0,2.0,75.0,22.0,4.0,63.0,525.0,312.0,,115.0,1372.0,305.0,4.0,13.0,,115.0,28.0,266.0,69.0,,19.0,681,,29.0,3.0,3.0,35.0,,485,,195.0,3.0,,9.0,123.0,,311.0,36.0,,112,,1585,127.0,414.0,262.0,22.0,,21.0,23.0,,25.0,7.0,1.0,2.0,48.0,29.0,,,31.0,4.0,,6.0,145.0,170.0,2.0,8.0,,29.0,,3.0,,90.0,8.0,,319.0,,,,22.0,2.0,,126.0,2.0,50.0,,57.0,2.0,,3.0,,184.0,1.0,17.0,21,,502,15.0,206.0,3.0,119.0,,4.0,15.0,,36.0,,33.0,,8.0,,5.0,,9.0,27.0,,,21.0,3.0,,,34.0,22.0,3.0,,24.0,45.0,11.0,285.0,24.0,6.0,,,,13.0,,,72737,649.0,12108.0,1336.0,,,,2.0,,,76.0,46.0,30.0,308.0,158.0,,318.0,,5867.0,862.0,2.0,,1.0,,100.0,90.0,,30.0,952.0,453.0,3.0,,35.0,,,3.0,167.0,21.0,,10.0,,,749.0,368.0,,,,,22.0,,3.0,7.0,717.0,214.0,,,4.0,,,6.0,,,150.0,,138.0,,,4.0,,2.0,24.0,,,,,,56.0,4.0,87.0,,6.0,,,6.0,,,,,12.0,2.0,16422
_500m_16_days_VI_Quality_2020017_aid0001,aid0001,2020-01-17,5662,30073,19247,110159,208.0,45944.0,18.0,685972,287.0,324547,151.0,2350.0,514.0,,311470,411.0,191341,1162.0,11857.0,702.0,,15311,200.0,22438,565.0,4158.0,358.0,,5241,1118.0,6673,1839.0,229.0,5115.0,,10308,2.0,6669,13.0,223.0,63.0,,17207,34.0,14908,751.0,4250.0,547.0,,2636,264.0,5201,2272.0,3676.0,2063.0,1.0,12180,21828.0,11376.0,4.0,4675.0,1802.0,380.0,,8983.0,6444.0,3341.0,,3584.0,3968.0,1049.0,,1297.0,2631.0,1087.0,,131.0,221.0,130.0,,957.0,1985.0,925.0,,1728.0,4094.0,2236.0,,147,2559,2323,11105,157.0,5954.0,18.0,24902,9.0,17564,22.0,147.0,,25,15397,1.0,16340,86.0,1935.0,1.0,24,796.0,9.0,2781,46.0,448.0,15.0,1.0,3801,35.0,5866,251.0,912.0,867.0,11,775,3064,1297.0,5.0,194.0,159.0,,6.0,359.0,321.0,185.0,1.0,46.0,182.0,102.0,,173.0,632.0,244.0,3.0,531,1140,961,4637,4.0,1396.0,413,2613,,3121,,31.0,,90,1426,,1470,37.0,284.0,,157,36,19.0,125.0,48.0,13.0,,12.0,253,5.0,322,56.0,158.0,5.0,103,,,,16.0,,5.0,9.0,23.0,,,1.0,4.0,989.0,1670.0,277.0,6.0,45.0,135.0,2.0,,114.0,105.0,,2.0,7.0,42.0,3.0,,43.0,171.0,8.0,1.0,,,,,10414.0,5074.0,28341.0,18963.0,10987.0,6404.0,5.0,,,21.0,,9.0,32.0,,64.0,223.0,9.0,,6726.0,,19954.0,,15897.0,15.0,,,,23.0,,6.0,12.0,,74.0,735.0,99.0,,1202.0,2246.0,861.0,3.0,,,,,,165.0,149.0,314.0,,,,,11.0,,204.0,422.0,3453.0,2192.0,1659.0,920.0,,,,37.0,,21.0,,,,,,332.0,3082.0,1926.0,,92.0,182.0,109.0,,12.0,44.0,34.0,,20.0,251.0,284.0,65.0,294.0,22.0,,,,,,,,,,12.0,,5.0,,154.0,50.0,446.0,3.0,4.0,,,22.0,147.0,97.0,31.0,,,40.0,17.0,19.0,839.0,177.0,2141,370.0,35.0,464.0,,2678,33.0,6006,41.0,232.0,17.0,,3331,22.0,7980,135.0,789.0,127.0,2.0,1283,14.0,2669.0,71.0,470.0,86.0,,633,677.0,2528,1460.0,96.0,2639.0,,1515,1.0,2568,48.0,202.0,31.0,2.0,5499,32.0,8802,557.0,3679.0,322.0,,1900,174.0,4009,1936.0,4189.0,2217.0,,284.0,353.0,46.0,,98.0,259.0,48.0,,224.0,1208.0,42.0,,323.0,979.0,133.0,,665.0,1129.0,292.0,,32.0,379.0,143.0,,511.0,2224.0,366.0,1.0,1322.0,3929.0,2535.0,5.0,26.0,10.0,223.0,15.0,5.0,116.0,3.0,210.0,321,,17.0,,17.0,596.0,,855,6.0,73.0,,,62.0,381.0,14.0,15.0,,,568,35.0,1364,175.0,628.0,424.0,14.0,,1.0,38.0,3.0,27.0,1.0,,14.0,25.0,,,4.0,9.0,,,102.0,348.0,95.0,8.0,163.0,,34.0,136.0,,,204.0,71.0,,91.0,9.0,27.0,,11.0,60.0,,171.0,,73.0,,4.0,6.0,,36.0,8.0,,,,200,4.0,138,127.0,135.0,20.0,192.0,,,11.0,,5.0,33.0,1.0,3.0,1.0,1.0,,,119.0,,,1.0,18.0,,,12.0,2.0,8.0,,,1.0,,59.0,112.0,49.0,4.0,,2.0,,,,,73132,1683.0,8221.0,3052.0,,,,,,5.0,6.0,,26.0,270.0,27.0,,1332.0,,6240.0,2892.0,,,64.0,2.0,24.0,75.0,,105.0,1254.0,255.0,8.0,1.0,,52.0,1.0,76.0,100.0,95.0,,1.0,,50.0,564.0,442.0,,,,,,25.0,,146.0,647.0,380.0,,,3.0,1.0,7.0,9.0,24.0,,58.0,8.0,28.0,,,,,11.0,,,,,13.0,,54.0,15.0,100.0,10.0,14.0,,20.0,6.0,,,,4.0,8.0,11.0,16032
_500m_16_days_VI_Quality_2020033_aid0001,aid0001,2020-02-02,13705,30007,17437,12512,170.0,1166.0,24.0,1474492,1464.0,92964,23.0,3084.0,62.0,16.0,281623,929.0,49568,41.0,4093.0,32.0,11.0,7754,69.0,7225,63.0,909.0,109.0,,4022,1716.0,1845,737.0,33.0,195.0,,12118,1.0,1009,1.0,83.0,6.0,,14331,35.0,4353,6.0,292.0,19.0,1.0,1567,97.0,450,64.0,5.0,9.0,,10008,4242.0,693.0,4.0,5154.0,191.0,48.0,27.0,4875.0,505.0,202.0,9.0,760.0,283.0,134.0,,1243.0,500.0,64.0,,62.0,9.0,10.0,,293.0,155.0,89.0,,539.0,155.0,18.0,,823,1901,2286,1504,269.0,134.0,12.0,73820,17.0,6736,3.0,472.0,1.0,194,16235,14.0,5902,60.0,420.0,19.0,134,204.0,,1166,1.0,113.0,33.0,21.0,2978,81.0,846,76.0,95.0,33.0,6,469,404,118.0,,292.0,83.0,14.0,25.0,168.0,136.0,61.0,16.0,18.0,25.0,10.0,,85.0,150.0,65.0,1.0,1895,502,144,240,2.0,27.0,2552,9565,7.0,880,,155.0,2.0,531,1985,40.0,870,25.0,158.0,16.0,158,64,4.0,145.0,6.0,5.0,,4.0,232,4.0,111,2.0,6.0,,150,1.0,,,2.0,3.0,,,12.0,,,,,437.0,150.0,12.0,59.0,327.0,82.0,50.0,15.0,277.0,125.0,43.0,12.0,7.0,29.0,,,41.0,13.0,2.0,4.0,,,,,63483.0,5750.0,21968.0,7052.0,6578.0,307.0,15.0,25.0,,,,195.0,298.0,,359.0,2196.0,56.0,,11324.0,,7988.0,,1811.0,,,5.0,,,17.0,72.0,,,51.0,80.0,2.0,,640.0,276.0,12.0,1.0,,,,,,258.0,215.0,12.0,,,,,,,4064.0,665.0,3304.0,1164.0,1076.0,84.0,7.0,,,,39.0,112.0,9.0,,,115.0,,719.0,707.0,103.0,3.0,66.0,41.0,,,17.0,17.0,,1924.0,28.0,573.0,39.0,265.0,9.0,73.0,42.0,2.0,,,21.0,97.0,33.0,,5.0,11.0,,34.0,,20.0,,3.0,,3.0,,,25.0,148.0,,,,,3.0,,,990.0,111.0,566,31.0,2.0,19.0,,4079,23.0,968,,35.0,,,2093,20.0,1527,,47.0,,,663,18.0,316.0,2.0,17.0,17.0,,539,466.0,301,119.0,10.0,31.0,,3635,15.0,338,,16.0,,1.0,4894,46.0,890,5.0,67.0,,,894,58.0,124,19.0,5.0,3.0,,256.0,47.0,8.0,,60.0,3.0,,,58.0,2.0,1.0,,94.0,27.0,3.0,,550.0,118.0,18.0,,39.0,2.0,1.0,,155.0,51.0,9.0,3.0,285.0,33.0,2.0,2.0,42.0,15.0,72.0,7.0,8.0,1.0,,153.0,59,,,,5.0,136.0,,161,,10.0,,,15.0,63.0,,,,,379,32.0,126,21.0,2.0,4.0,3.0,,9.0,21.0,3.0,,,,,5.0,,,2.0,,,,88.0,26.0,2.0,2.0,44.0,,2.0,,,,194.0,14.0,,8.0,,,,2.0,12.0,,57.0,,23.0,,2.0,8.0,,4.0,,,,,180,,20,,5.0,,107.0,,1.0,5.0,13.0,,,3.0,,,,,,,,,2.0,,,2.0,,,,,2.0,3.0,,39.0,1.0,,10.0,2.0,,1.0,,,,72861,2192.0,895.0,121.0,,,,,,6.0,4.0,,44.0,3.0,,,1217.0,,547.0,35.0,,,,26.0,12.0,,,73.0,25.0,,,22.0,1.0,,,121.0,14.0,,3.0,,,145.0,52.0,,,,,,,,,94.0,57.0,1.0,,,2.0,,20.0,4.0,,14.0,,,,,,,9.0,7.0,,,,,9.0,,3.0,,,,2.0,,,,,,3.0,,,,16115
_500m_16_days_VI_Quality_2020049_aid0001,aid0001,2020-02-18,13276,34945,12782,10751,,,16.0,1596866,135.0,75752,17.0,,,14.0,225523,121.0,45853,54.0,,,10.0,8690,19.0,7125,47.0,,,,3503,1024.0,2434,752.0,,,,18765,,1154,,,,,16748,7.0,3516,,,,3.0,2087,40.0,422,54.0,,,,4997,3215.0,,9.0,3540.0,229.0,,2.0,4718.0,542.0,,10.0,318.0,327.0,,,1903.0,388.0,,,42.0,14.0,,,148.0,145.0,,7.0,309.0,119.0,,2.0,918,2127,1243,1367,,,9.0,86497,1.0,6120,,,,212,9619,1.0,5272,21.0,,,136,155.0,,758,29.0,,,5.0,3186,27.0,957,88.0,,,8,301,538,,3.0,220.0,45.0,,25.0,128.0,117.0,,16.0,6.0,84.0,,3.0,124.0,175.0,,1.0,554,705,749,1142,,,3069,10987,11.0,850,68.0,,,264,1827,63.0,1028,74.0,,,409,11,,83.0,10.0,,,11.0,321,9.0,181,,,,95,,,,1.0,1.0,,,9.0,,2.0,,,468.0,98.0,,16.0,242.0,56.0,,25.0,175.0,107.0,,32.0,2.0,39.0,,1.0,57.0,24.0,,13.0,,,,,59262.0,5553.0,14345.0,9032.0,,,10.0,5.0,,,,111.0,143.0,,337.0,1140.0,,,10619.0,,6313.0,,,,,5.0,,,3.0,4.0,,,33.0,59.0,,,591.0,398.0,,,,,,,,237.0,195.0,,,,,,,,4125.0,646.0,2022.0,1295.0,,,2.0,9.0,25.0,,35.0,27.0,,,,98.0,,776.0,781.0,,,50.0,41.0,,1.0,17.0,34.0,,1417.0,26.0,503.0,36.0,,,124.0,,6.0,,,28.0,5.0,,,,62.0,,35.0,,15.0,,,,2.0,,,8.0,,,19.0,,2.0,,,,667.0,79.0,614,16.0,,,,2795,,1479,,,,,1597,3.0,1388,,,,,471,,399.0,1.0,,,,438,253.0,357,67.0,,,,2901,5.0,236,,,,,4049,2.0,730,7.0,,,3.0,905,20.0,156,14.0,,,,206.0,47.0,,,12.0,3.0,,,,11.0,,,53.0,34.0,,,698.0,81.0,,,15.0,2.0,,,76.0,21.0,,2.0,209.0,63.0,,9.0,20.0,4.0,39.0,11.0,,,,168.0,76,,,,,111.0,,80,,,,,21.0,14.0,13.0,,,,251,13.0,78,8.0,,,,6.0,12.0,,,,,,,5.0,,1.0,,11.0,,,45.0,7.0,,,24.0,,8.0,,,,99.0,49.0,,15.0,,,,6.0,28.0,,13.0,,,,3.0,,,,1.0,,,,146,,15,,,,110.0,,,,3.0,2.0,,3.0,1.0,,,,2.0,,,,,,,,9.0,1.0,,,,,,37.0,2.0,,2.0,,,,,,,72941,1570.0,206.0,,,,,,,11.0,,,19.0,6.0,,,923.0,1.0,242.0,,,,,,3.0,,,42.0,17.0,,,13.0,,,,132.0,14.0,,,,,72.0,7.0,,,,,,,,,62.0,28.0,,,9.0,,,12.0,5.0,,13.0,,,,,,,,,,,,,,,,,,,,,,,,,,,,,16253
_500m_16_days_VI_Quality_2020065_aid0001,aid0001,2020-03-05,10021,37577,15395,29756,,,30.0,1136482,39.0,328487,32.0,,,21.0,292355,162.0,105595,32.0,,,5.0,12769,120.0,8395,22.0,,,,3026,1229.0,5622,1566.0,,,,18098,,10154,8.0,,,,24915,44.0,15927,25.0,,,,4263,178.0,3482,202.0,,,,6888,7664.0,,7.0,639.0,1709.0,,2.0,1530.0,1544.0,,,667.0,444.0,,,1340.0,1111.0,,,77.0,173.0,,,564.0,612.0,,,689.0,825.0,,,651,3551,1251,3571,,,7.0,68586,,19772,,,,257,10346,,11525,1.0,,,55,282.0,,1464,22.0,,,8.0,3967,63.0,2669,134.0,,,13,572,456,,2.0,90.0,82.0,,17.0,55.0,171.0,,,7.0,64.0,,,110.0,201.0,,,1100,1311,782,752,,,2255,9924,38.0,2423,46.0,,,551,1211,25.0,706,2.0,,,180,21,,159.0,,,,8.0,666,3.0,298,23.0,,,140,,,,6.0,18.0,1.0,,13.0,8.0,31.0,,,940.0,321.0,,41.0,78.0,162.0,,22.0,32.0,74.0,,10.0,12.0,47.0,,,52.0,91.0,,,2.0,3.0,17.0,,47121.0,3999.0,12794.0,9454.0,,,13.0,,,,,12.0,79.0,,41.0,155.0,,,11148.0,1.0,6626.0,,,,,,,,,,,,13.0,52.0,,,374.0,286.0,,,,,,,,149.0,125.0,,,,,,,,2424.0,383.0,3086.0,1224.0,,,,,,,,,,,,22.0,,742.0,1284.0,,,17.0,18.0,,,14.0,32.0,,889.0,27.0,732.0,21.0,,,52.0,,,,,,,,,,,,33.0,,27.0,,,,,,,2.0,,,,,,,,,383.0,95.0,591,3.0,,,,2991,,3091,,,,,2668,1.0,3524,1.0,,,,628,3.0,488.0,4.0,,,,416,598.0,982,232.0,,,,3670,,1648,,,,,6102,4.0,3829,2.0,,,,2213,140.0,1188,109.0,,,6.0,128.0,35.0,,,2.0,,,,17.0,25.0,,,32.0,31.0,,,648.0,234.0,,,20.0,5.0,,,128.0,72.0,,,412.0,300.0,,,24.0,,3.0,,,,,148.0,45,,,,2.0,249.0,,175,,,,,6.0,74.0,,,,2.0,355,42.0,242,48.0,,,4.0,2.0,,,,,,,3.0,,,,,,,,75.0,68.0,,,163.0,2.0,23.0,,,,102.0,39.0,,6.0,,,,2.0,41.0,,34.0,,,,,1.0,,6.0,,,,,222,,63,,,,60.0,,,8.0,52.0,,,5.0,9.0,17.0,,,,,,1.0,,,,,5.0,,,,,,,32.0,5.0,,3.0,,,10.0,38.0,,,72990,1820.0,281.0,,,,,,,,13.0,,5.0,6.0,,,960.0,,517.0,,,,,,,,,76.0,37.0,,,19.0,,,,101.0,34.0,,,,,87.0,49.0,,,,,,,,,87.0,125.0,,,1.0,,,7.0,,,5.0,6.0,,,,,,,,,,,,,,8.0,,,,,,,,,,,,,,16048
_500m_16_days_VI_Quality_2020081_aid0001,aid0001,2020-03-21,12859,53468,8397,20345,,,19.0,1337353,24.0,113052,5.0,,,7.0,321855,37.0,51157,5.0,,,17.0,10919,54.0,8682,20.0,,,7.0,3362,2289.0,1910,2780.0,,,,23381,3.0,2160,,,,,26750,5.0,5625,,,,6.0,3104,103.0,742,150.0,,,13.0,7129,4753.0,,6.0,690.0,183.0,,,1282.0,314.0,,3.0,293.0,374.0,,,2084.0,921.0,,,44.0,31.0,,,150.0,73.0,,12.0,385.0,328.0,,,406,3792,406,2932,,,20.0,74036,,5034,,,,64,14755,,5055,,,,73,612.0,,652,,,,9.0,4823,149.0,1028,230.0,,,44,397,539,,1.0,69.0,20.0,,,25.0,168.0,,,,79.0,,,146.0,294.0,,,1517,1159,507,1053,,,3138,9584,6.0,1096,,,,220,2124,187.0,754,61.0,,,251,33,7.0,142.0,,,,33.0,761,69.0,165,9.0,,,170,,,,4.0,20.0,,,37.0,10.0,19.0,,25.0,406.0,367.0,,43.0,72.0,26.0,,5.0,95.0,97.0,,23.0,18.0,29.0,,3.0,73.0,25.0,,17.0,,,,,113562.0,3107.0,25756.0,6512.0,,,9.0,,,,,22.0,75.0,,75.0,562.0,,3.0,19379.0,,9021.0,6.0,,,,,,,1.0,5.0,,,11.0,9.0,,,350.0,246.0,,,,,,,,250.0,191.0,,,,,,,,7667.0,335.0,4179.0,1011.0,,,12.0,,,,3.0,22.0,,,,12.0,,1323.0,859.0,,7.0,8.0,20.0,,,23.0,12.0,,1546.0,46.0,547.0,76.0,,,172.0,,,,,18.0,39.0,,,,10.0,,218.0,,69.0,,,,18.0,,,1.0,3.0,,,,4.0,,,,396.0,127.0,418,39.0,,,1.0,3084,,676,,,,,1387,,974,,,,,505,9.0,213.0,3.0,,,,445,719.0,222,384.0,,,,3931,,240,,,,4.0,4118,13.0,766,3.0,,,,1025,99.0,201,41.0,,,2.0,152.0,75.0,,,5.0,,,,7.0,14.0,,,63.0,48.0,,4.0,553.0,147.0,,,6.0,,,,63.0,5.0,,1.0,272.0,94.0,,8.0,11.0,8.0,10.0,6.0,,,,68.0,29,,,,,95.0,,29,,,,,33.0,12.0,,,,,207,71.0,55,73.0,,,1.0,12.0,15.0,,,,,,,2.0,,,,5.0,,,69.0,19.0,,,6.0,,22.0,,,,10.0,2.0,,11.0,,,,,14.0,,15.0,,,,11.0,32.0,,45.0,,,,9.0,50,1.0,12,,,,65.0,,,,25.0,,,42.0,25.0,36.0,,14.0,,,,,,,,,,,,,4.0,,,15.0,3.0,,5.0,,,8.0,,,,72895,2299.0,414.0,,,,,,,6.0,,,1.0,14.0,,,906.0,,364.0,,1.0,,,,,,,21.0,10.0,,,33.0,,,,80.0,10.0,,,,,313.0,138.0,,6.0,,,,,,,66.0,93.0,,3.0,7.0,,,5.0,,,59.0,74.0,,,,9.0,,,,,,,,31.0,,15.0,,,,15.0,,,,,,1.0,,,,16183
_500m_16_days_VI_Quality_2020097_aid0001,aid0001,2020-04-06,6665,3267,3949,1763,,,,337345,,11512,,,,17.0,30442,,7320,,,,20.0,1444,,2453,,,,,513,303.0,641,208.0,,,,2585,,388,,,,,1818,,361,,,,,85,3.0,9,,,,,1127,728.0,,,5.0,5.0,,4.0,5.0,16.0,,4.0,21.0,75.0,,,357.0,222.0,,,1.0,,,,3.0,3.0,,4.0,8.0,1.0,,,93,340,213,191,,,,23324,,1710,,,,76,2898,,657,,,,67,9.0,,30,,,,,539,5.0,143,12.0,,,1,25,63,,,4.0,5.0,,,13.0,2.0,,,,,,,16.0,18.0,,,43,726,18,252,,,546,3553,76.0,784,14.0,,,74,993,144.0,516,85.0,,,152,37,15.0,,,,,,298,44.0,52,,,,3,,,,,,,,,,,,,339.0,47.0,,5.0,119.0,217.0,,1.0,139.0,97.0,,7.0,19.0,,,,57.0,16.0,,,,,,,14121.0,96.0,5683.0,269.0,,,,,,,,,19.0,,13.0,,,,1229.0,,787.0,,,,,,,,,,,,,,,,35.0,24.0,,,,,,,,12.0,26.0,,,,,,,,670.0,,556.0,2.0,,,,,,,,,,,,,,72.0,57.0,,,3.0,,,,,2.0,,78.0,8.0,91.0,,,,,,,,,,,,,,,,37.0,,6.0,,,,,,,2.0,,,,,,2.0,,,106.0,5.0,184,3.0,,,,692,,498,,,,,157,,94,,,,,8,,4.0,,,,,65,18.0,55,3.0,,,,947,,111,,,,,344,,74,,,,,22,,6,,,,,27.0,18.0,,,,3.0,,,,,,,1.0,4.0,,,45.0,12.0,,,,,,,,,,,4.0,,,,,,,,,,,,2,,,,,,,2,,,,,,,,,,,13,7.0,6,,,,,,,,,,,,,,,,,,,,5.0,,,,,,,,,,,,,,,,,,11.0,,,,,,,,,,,,,,19,,1,,,,,,,,,,,,,,,,,,,,,,,,,,,,,,,8.0,,,,,,,,,,11533,77.0,13.0,,,,,,,,,,,,,,6.0,,15.0,,,,,,,,,,,,,2.0,,,,,,,,,,17.0,1.0,,,,,,,,,3.0,2.0,,,,,,,,,,,,,,,,,,,,,,6.0,,,,,,,,,,,,,,,,904
_500m_16_days_VI_Quality_2020113_aid0001,aid0001,2020-04-22,8425,38960,9619,8877,,,12.0,1561861,2.0,165644,,,,46.0,308951,2.0,29207,,,,20.0,6520,,3779,,,,,5259,178.0,3737,314.0,,,,8754,,2237,,,,1.0,11420,,2473,,,,3.0,1934,,224,,,,3.0,4338,3585.0,,,28.0,1.0,,1.0,80.0,,,,25.0,62.0,,,1437.0,1363.0,,,,,,,,3.0,,,5.0,,,,239,3153,975,1869,,,4.0,83268,,17669,,,,221,11316,,5108,,,,102,150.0,,343,,,,,2611,10.0,1263,60.0,,,17,263,756,,,4.0,1.0,,,10.0,4.0,,,,5.0,,,105.0,217.0,,,125,987,937,601,,,4154,11416,,3489,5.0,,,291,1209,,1026,23.0,,,395,155,,30.0,,,,,493,,366,,,,280,,,,,1.0,,,7.0,,,,,837.0,94.0,,,39.0,66.0,,,15.0,107.0,,,1.0,,,,9.0,19.0,,4.0,,,,,16396.0,568.0,4167.0,1485.0,,,,,,,,,,,6.0,10.0,,,7429.0,,2804.0,,,,,,,,,,,,,8.0,,,491.0,329.0,,,,,,,,410.0,261.0,,,,,,,,675.0,161.0,824.0,402.0,,,,,,,,,,,,,,148.0,259.0,,,45.0,59.0,,,20.0,29.0,,20.0,2.0,53.0,7.0,,,,,,,,,,,,,,,6.0,,2.0,,,,,,,,2.0,,,,,1.0,,,295.0,21.0,549,13.0,,,,694,,1040,,,,,548,,855,,,,,251,,152.0,,,,,586,43.0,325,18.0,,,,1011,,251,,,,,2018,,351,,,,,816,,117,,,,1.0,65.0,84.0,,,,,,,,,,,5.0,,,,179.0,93.0,,,,,,,,5.0,,,3.0,,,,24.0,,64.0,,,,,91.0,118,,,,,8.0,,119,,,,,,8.0,,,,,219,2.0,179,2.0,,,2.0,10.0,20.0,,,,,,,,,,,,,,14.0,20.0,,,1.0,,19.0,,,,44.0,9.0,,14.0,,,,,1.0,,36.0,,,,2.0,35.0,,,,,,,84,,72,,,,75.0,,,,1.0,,,3.0,1.0,,,,,,,,5.0,,,,,,,,5.0,,,25.0,,,,,,8.0,,,,72716,212.0,53.0,,,,,,,,,,,,,,63.0,,47.0,,,,,,,,,2.0,,,,18.0,,,,41.0,13.0,,,,,1.0,11.0,,,,,,,,,1.0,5.0,,,,,,4.0,2.0,,,15.0,,,,,,,,,,,,,,,,,,,,,,,,,,,,16207
_500m_16_days_VI_Quality_2020129_aid0001,aid0001,2020-05-08,5412,46172,7882,11251,,,13.0,1507752,41.0,257407,,,,24.0,285094,169.0,21898,,,,18.0,6714,,2149,,,,,6387,493.0,3583,208.0,,,1.0,11147,,5116,,,,,12995,,2769,,,,6.0,2895,3.0,539,,,,7.0,2803,2495.0,,4.0,272.0,7.0,,,589.0,15.0,,,16.0,7.0,,,1779.0,1734.0,,,,,,,16.0,2.0,,,42.0,13.0,,,271,3799,462,2005,,,8.0,77475,,27114,,,,65,13034,,5885,,,,44,277.0,,306,,,,1.0,4632,44.0,2008,145.0,,,27,377,529,,,10.0,8.0,,,3.0,1.0,,,,37.0,,,145.0,313.0,,,1780,1224,227,1031,,,2357,9488,,4863,36.0,,,374,1402,,416,,,,375,360,1.0,41.0,,,,1.0,1187,2.0,366,,,,279,,,,9.0,6.0,,,16.0,,,,1.0,236.0,187.0,,,31.0,118.0,,,4.0,,,,12.0,,,,26.0,14.0,,,,,,,2919.0,228.0,580.0,388.0,,,,,,,,,,,,,,,1664.0,,878.0,,,,,,,,,,,,,,,,157.0,264.0,,,,,,,,135.0,111.0,,,,,,,,239.0,71.0,171.0,136.0,,,,,,,,,,,,,,87.0,122.0,,,14.0,57.0,,,9.0,27.0,,15.0,2.0,,1.0,,,,,,,,,,,,,,,,,,,,,,,,,,,,,,,,,532.0,14.0,545,,,,,509,,1346,,,,,694,,611,,,,,356,,121.0,,,,,464,89.0,364,34.0,,,,745,,574,,,,,1948,,417,,,,,1086,,63,,,,,97.0,39.0,,,,,,,1.0,,,,1.0,,,,335.0,116.0,,,,,,,11.0,2.0,,,13.0,2.0,,,56.0,1.0,20.0,,,,,72.0,235,,,,,87.0,,235,,,,,18.0,,,,,1.0,288,12.0,253,15.0,,,2.0,9.0,46.0,,,,,,,,,,,,,,38.0,28.0,,,21.0,,16.0,,,,31.0,35.0,,13.0,,,,1.0,31.0,,38.0,,,,4.0,35.0,,6.0,,,,,237,,12,,,,57.0,,,2.0,,,,3.0,,,,,,,,,,,,,,,,,,,,10.0,2.0,,,,,,,,,72855,66.0,,,,,,,,,,,,,,,15.0,,9.0,,,,,,,,,,,,,5.0,1.0,,,28.0,,,,,,17.0,,,,,,,,,,2.0,,,,,,,,2.0,,,,,,,,,,,,,,,,,,,,,,,,,,,,,,,16253
_500m_16_days_VI_Quality_2020145_aid0001,aid0001,2020-05-24,2246,41903,2062,9341,,,,1730672,,165788,,,,63.0,193228,4.0,30976,,,,1.0,5545,1.0,1747,,,,,5149,34.0,2669,16.0,,,1.0,12325,8.0,2970,,,,,11572,12.0,3659,,,,,2903,12.0,438,1.0,,,,1151,416.0,,,,1.0,,,,,,,,6.0,,,165.0,141.0,,,5.0,,,,3.0,3.0,,,12.0,7.0,,,207,3625,638,1763,,,10.0,83652,,19626,,,,157,7748,,6370,,,,39,278.0,,812,,,,8.0,4283,2.0,1754,4.0,,,18,177,113,,,,,,,,37.0,,,,6.0,,,28.0,45.0,,,1425,923,397,274,,,2967,11274,,3571,,,,617,1038,,639,,,,354,249,,83.0,,,,,795,9.0,217,3.0,,,206,2.0,,,21.0,1.0,,,12.0,,,,,92.0,6.0,,,1.0,54.0,,4.0,,,,,3.0,,,,12.0,,,,,,,,191.0,2.0,99.0,10.0,,,,,,,,,,,,,,,82.0,,87.0,,,,,,,,,,,,,,,,7.0,9.0,,,,,,,,5.0,2.0,,,,,,,,,2.0,,2.0,,,,,,,,,,,,,,2.0,,,,2.0,1.0,,,,,,,1.0,,,,,,,,,,,,,,,,,,,,,,,,,,,,,,,,,,,145.0,,226,,,,,624,,760,,,,,361,,267,,,,,134,,109.0,,,,,107,1.0,117,18.0,,,,1115,,385,,,,,1802,,584,,,,,839,,213,3.0,,,,,3.0,,,,,,,,,,,,,,,25.0,28.0,,,,,,,2.0,,,,6.0,2.0,,,11.0,,13.0,,,,,36.0,143,,,,,8.0,,135,,,,,,42.0,,,,,204,1.0,192,,,,,,,,,,,,,,,,,,,,1.0,3.0,,,30.0,,39.0,,,,45.0,6.0,,25.0,,,,8.0,1.0,,,,,,3.0,8.0,,2.0,,,,,76,,24,,,,79.0,1.0,,8.0,1.0,,,1.0,,1.0,,,2.0,,,,,,,,,,,,,,,3.0,,,,,,,,,,72747,9.0,14.0,,,,,,,,,,,,,,,,1.0,,,,,,,,,,,,,,,,,,,,,,,,,,,,,,,,,,,,,,,,,,,,,,,,,,,,,,,,,,,,,,,,,,,,,,,,16390
_500m_16_days_VI_Quality_2020161_aid0001,aid0001,2020-06-09,205,34874,1579,6154,,,11.0,1806103,,116404,,,,53.0,219593,,18056,,,,3.0,4431,,1344,,,,,2198,3.0,854,4.0,,,,8136,,1290,,,,,8907,,2358,,,,,2364,1.0,418,2.0,,,,77,127.0,,,,,,,1.0,,,,,,,,25.0,22.0,,,,,,,4.0,1.0,,,,2.0,,,15,3860,333,1498,,,22.0,92483,,14571,,,,110,7685,,2730,,,,14,106.0,,213,,,,,2957,3.0,1268,,,,44,62,107,,,7.0,2.0,,2.0,,,,,,15.0,,,2.0,56.0,,2.0,2048,877,318,248,,,2941,13142,,2978,,,,476,1029,,62,,,,249,21,21.0,,,,,,609,9.0,155,,,,320,,,,6.0,,2.0,,9.0,,,,,29.0,12.0,,3.0,14.0,58.0,,,20.0,,,,,,,,24.0,,,,,,,,,,,,,,,,,,,,,,,,,,1.0,,3.0,,,,,,,,,,,,,,,,,,,,,,,,,,1.0,,,,,,,,,,,,,,,,,,,,,,,,,,,,,,,,,,,,,,,,,,,,,,,,,,,,,,,,,,,,,,,,,,,,,,,,7.0,,15,,,,,197,,331,,,,,245,,61,,,,,96,,,,,,,29,,33,1.0,,,,388,,52,,,,,1248,,279,,,,,335,,50,1.0,,,,,,,,,,,,,,,,,,,,,,,,,,,,,,,,,1.0,,,,,2.0,,,,,22.0,37,,,,,22.0,,24,,,,,3.0,4.0,,,,,204,,114,,,,,,,,,,,,,,,,,,,,,,,,12.0,,1.0,,,,26.0,7.0,,49.0,,,,17.0,,,,,,,,,,,,,,,93,,25,,,,31.0,,,1.0,,,,5.0,,,,,,,,,,,,,,,,,,,,,,,,,,,,,,72864,,,,,,,,,,,,,,,,,,,,,,,,,,,,,,,,,,,,,,,,,,,,,,,,,,,,,,,,,,,,,,,,,,,,,,,,,,,,,,,,,,,,,,,,,,16402
_500m_16_days_VI_Quality_2020177_aid0001,aid0001,2020-06-25,200,37918,1705,3733,,,1.0,1896897,,94936,,,,40.0,162764,,16162,,,,1.0,5257,,1688,,,,,709,,240,,,,,6799,,1173,,,,,7596,,1554,,,,,1123,1.0,296,,,,,14,34.0,,,,,,,,,,,,,,,4.0,2.0,,,,,,,,,,,,3.0,,,4,3119,137,931,,,9.0,90381,,14653,,,,200,5727,,5162,,,,43,201.0,,192,8.0,,,1.0,2502,,787,5.0,,,29,28,12,,,,3.0,,,,5.0,,,,,,,,,,,1675,874,238,251,,,2968,13782,,3007,,,,712,598,,171,,,,447,3,,15.0,,,,,368,,161,6.0,,,224,,,,30.0,,2.0,,15.0,,,,,6.0,2.0,,,18.0,1.0,,3.0,4.0,,,,,,,,,,,,,,,,,,,,,,,,,,,,,,,,,,,,,,,,,,,,,,,,,,,,,,,,,,,,,,,,,,,,,,,,,,,,,,,,,,,,,,,,,,,,,,,,,,,,,,,,,,,,,,,,,,,,,,,,,,,,,,,,,,,,,,,,56,,,,,63,,397,,,,,42,,155,,,,,34,,73.0,,,,,8,,9,,,,,163,,40,,,,,458,,99,,,,,119,,25,,,,,,,,,,,,,,,,,,,,,,,,,,,,,,,,,,,,,,,15.0,,,,,6.0,372,,,,,13.0,,56,,,,,11.0,19.0,,,,1.0,163,,75,,,,4.0,,,,,,,,,,,,,,,,,,,,13.0,,23.0,,,,48.0,10.0,,62.0,,,,3.0,,,9.0,,,,,,,,,,,,24,,9,,,,27.0,,,2.0,,,,6.0,,,,,,,,,,,,,,,,,,,,,,,,,,,,,,72788,,,,,,,,,,,,,,,,,,,,,,,,,,,,,,,,,,,,,,,,,,,,,,,,,,,,,,,,,,,,,,,,,,,,,,,,,,,,,,,,,,,,,,,,,,16440
_500m_16_days_VI_Quality_2020193_aid0001,aid0001,2020-07-11,82,33048,1196,3945,,,1.0,1797503,,107830,,,,5.0,252830,,17172,,,,3.0,5626,,1890,,,,,427,,164,,,,,6030,,1145,,,,,6941,,1404,,,,,838,1.0,99,,,,2.0,26,15.0,,,,,,,,,,,,4.0,,,,,,,,,,,,,,,5.0,,,,100,3448,248,1133,,,3.0,90022,,12859,,,,164,7912,,5146,,,,40,444.0,,809,,,,6.0,2960,,809,,,,12,187,126,,,,,,,2.0,,,1.0,1.0,,,,1.0,14.0,,2.0,1181,757,293,298,,,2688,12710,,2551,,,,1124,1109,,775,,,,457,12,,102.0,,,,,273,,134,,,,139,,,,36.0,5.0,2.0,,4.0,,,,,8.0,1.0,,,8.0,,,2.0,,,,,,,,,,,,,,,,,,,,,,,,,,,,,,,,,,,,,,,,,,,,,,,,,,,,,,,,,,,,,,,,,,,,,,,,,,,,,,,,,,,,,,,,,,,,,,,,,,,,,,,,,,,,,,,,,,,,,,,,,,,,,,,,,,,,,,,5.0,,27,,,,,98,,625,,,,,95,,162,,,,,142,,41.0,,,,,13,,8,,,,,138,,131,,,,,402,,185,,,,,242,,32,,,,,,,,,,,,,,,,,,,,,,,,,,,,,,,,,,,,,,,1.0,,,,,47.0,140,,,,,62.0,,153,,,,,9.0,82.0,,,,,258,,138,,,,5.0,,,,,,,,,,,,,1.0,,3.0,,7.0,,,7.0,,2.0,,,,37.0,3.0,,19.0,,,,12.0,4.0,,2.0,,,,,4.0,,26.0,,,,,65,,29,,,,52.0,,,12.0,,,,,2.0,,,,,,,,,,,,,,,,,,,,,,,,,,,,,72591,,,,,,,,,,,,,,,,,,,,,,,,,,,,,,,,,,,,,,,,,,,,,,,,,,,,,,,,,,,,,,,,,,,,,,,,,,,,,,,,,,,,,,,,,,16494
_500m_16_days_VI_Quality_2020209_aid0001,aid0001,2020-07-27,166,27398,2046,2425,,,,1896525,,103729,,,,5.0,170919,,16199,,,,,5221,,1881,,,,,428,,145,,,,,6148,,1009,,,,,4708,,964,,,,,386,,45,,,,,19,2.0,,,,,,,,,,,,,,,,,,,,,,,,,,,3.0,1.0,,,60,2850,255,750,,,36.0,94043,,12144,,,,132,6463,,3526,3.0,,,45,653.0,,691,,,,9.0,2874,,646,,,,25,76,91,,1.0,,2.0,,,1.0,,,,,56.0,,,,46.0,,,814,806,262,254,,,3615,12784,,2384,,,,1087,907,,423,6.0,,,515,23,,44.0,,,,9.0,399,,155,,,,129,,,,21.0,5.0,,,13.0,,,,,,11.0,,3.0,7.0,5.0,,,6.0,,,,,,,,,,,,,,,,,,,,,,,,,,,,,,,,,,,,,,,,,,,,,,,,,,,,,,,,,,,,,,,,,,,,,,,,,,,,,,,,,,,,,,,,,,,,,,,,,,,,,,,,,,,,,,,,,,,,,,,,,,,,,,,,,,,,,,3.0,,85,,,,,47,,422,,,,,48,,72,,,,,63,,6.0,,,,,11,,6,,,,,33,,5,,,,,151,,57,,,,,63,,8,,,,,,,,,,,,,,,,,,,,,,,,,,,,,,,,,,,,,11.0,,31.0,,,,,88.0,234,,,,6.0,72.0,,116,,,,,37.0,43.0,,,,,206,,52,,,,4.0,,,,,,,,,,,,,,,,4.0,3.0,,,2.0,,78.0,,,,44.0,3.0,,73.0,,,,12.0,1.0,,17.0,6.0,,,3.0,4.0,,38.0,,,,,24,,2,,,,38.0,,,25.0,,,,1.0,,,,,,,,,,,,,,,,,,,,,,,,,,,,,,73186,,,,,,,,,,,,,,,,,,,,,,,,,,,,,,,,,,,,,,,,,,,,,,,,,,,,,,,,,,,,,,,,,,,,,,,,,,,,,,,,,,,,,,,,,,15961
_500m_16_days_VI_Quality_2020225_aid0001,aid0001,2020-08-12,428,48942,4461,4543,,,,1662758,12.0,69642,6.0,,,4.0,337422,76.0,34274,74.0,,,,27569,4.0,8654,10.0,,,,1513,,227,2.0,,,,14196,,603,,,,,11110,,1782,2.0,,,,2333,2.0,324,1.0,,,,20,8.0,,,,,,,5.0,,,,26.0,22.0,,,,,,,,,,,,,,,4.0,3.0,,,37,2611,419,806,,,12.0,86872,,9622,,,,82,14821,2.0,4711,25.0,,,23,2744.0,2.0,3306,7.0,,,2.0,3297,1.0,1207,16.0,,,21,98,90,,,3.0,,,,11.0,8.0,,,4.0,98.0,,,14.0,56.0,,,653,2043,199,1114,,,2011,11467,,1080,,,,630,1420,,337,2.0,,,85,746,,1188.0,,,,10.0,950,2.0,189,9.0,,,252,1.0,,,37.0,,,,14.0,4.0,3.0,,7.0,32.0,267.0,,3.0,4.0,2.0,,1.0,,,,,,12.0,,,,,,,,,,,,,,,,,,,,,,,,,,,,,,,,,,,,,,,,,,,,,,,,,,,,,,,,,,,,,,,,,,,,,,,,,,,,,,,,,,,,,,,,,,,,,,,,,,,,,,,,,,,,,,,,,,,,,,,,,,,,,,,,,6.0,,373,,,,,155,,512,,,,,191,,387,,,,,513,,604.0,,,,,26,,8,,,,,323,,60,,,,,798,,221,,,,,532,2.0,118,4.0,,,,,,,,,,,,,,,,,3.0,,,,,,,,,,,,,,,,1.0,,,,,31.0,,,,,51.0,35,,,,,93.0,,96,,,,3.0,55.0,209.0,,,,5.0,381,9.0,175,8.0,,,6.0,,,,,,,,,,,,2.0,6.0,,,44.0,12.0,,,118.0,,192.0,,,,309.0,25.0,,14.0,,,,6.0,3.0,,12.0,11.0,,,7.0,100.0,,50.0,,,,5.0,268,2.0,113,,,,224.0,,,8.0,2.0,,,10.0,2.0,26.0,,16.0,,,,,,,,,,,,,,,,,,,,,,,3.0,,,72711,,,,,,,,,,,,,,,,,,,,,,,,,,,,,,,,,,,,,,,,,,,,,,,,,,,,,,,,,,,,,,,,,,,,,,,,,,,,,,,,,,,,,,,,,,16118
_500m_16_days_VI_Quality_2020241_aid0001,aid0001,2020-08-28,113,28648,2626,3264,,,,1326045,,131576,,,,,498706,,88623,,,,,125963,12.0,7373,,,,,491,,219,1.0,,,,7487,,1789,,,,,6447,,1756,,,,,2157,19.0,457,7.0,,,,191,2.0,,,,,,,,31.0,,,172.0,8.0,,,,,,,,,,,,,,,7.0,,,,53,2594,203,561,,,12.0,53805,,6518,,,,69,30845,,11593,,,,33,15410.0,,4086,6.0,,,24.0,2775,,1114,,,,14,230,78,,2.0,,,,,13.0,26.0,,,43.0,68.0,,,25.0,44.0,,2.0,1417,793,149,186,,,3069,7897,,2105,,,,459,2874,,883,7.0,,,373,2804,,957.0,5.0,,,24.0,718,,188,1.0,,,82,,,,13.0,,,,20.0,,,,,452.0,120.0,,,,,,,11.0,3.0,,19.0,8.0,53.0,,,12.0,5.0,,,,,,,,,,,,,,,,,,,,,,,,,1.0,,,,,,,,,,,,,,,,,,,,,,,,,,,,,,,,,,,,,,,,,,,,,,,,,,,,,,,,,,,,,,,,,,,,,,,,,,,,,,,,,,,,,,,,,,,,,,,,,,,,2.0,,50,,,,,203,,107,,,,,126,,76,,,,,381,9.0,129.0,13.0,,,,26,,7,,,,,121,,4,,,,,262,,68,,,,,443,20.0,30,1.0,,,,,,,,,,,,,,,,,3.0,,,,,,,,,,,,,,,,,,,6.0,,9.0,,,,,14.0,99,,,,,103.0,,85,4.0,,,6.0,106.0,328.0,,,,,341,,129,1.0,,,13.0,,,,4.0,,,3.0,7.0,,,,2.0,7.0,,,38.0,13.0,,,35.0,,29.0,,,,105.0,27.0,,88.0,,,,20.0,27.0,,36.0,9.0,,,7.0,32.0,,38.0,,,,1.0,74,,37,,,,44.0,,,4.0,,2.0,,4.0,,,,,,,,,,,,,,,,,,3.0,,1.0,,,,,,,,,,72610,,,,,,,,,,,,,,,,,,,,,,,,,,,,,,,,,,,,,,,,,,,,,,,,,,,,,,,,,,,,,,,,,,,,,,,,,,,,,,,,,,,,,,,,,,16232
_500m_16_days_VI_Quality_2020257_aid0001,aid0001,2020-09-13,1325,41580,1957,4852,,,,1585768,,38486,,,,3.0,423429,,31758,,,,5.0,55271,,14988,10.0,,,,2638,4.0,411,3.0,,,,13912,,619,,,,,10840,,1480,,,,,5753,42.0,587,34.0,,,,181,53.0,,,67.0,1.0,,,6.0,,,,186.0,28.0,,,10.0,7.0,,,,,,,6.0,,,,178.0,38.0,,,104,1902,193,593,,,8.0,83059,,4818,,,,18,19785,,4934,,,,36,2822.0,5.0,2335,,,,10.0,3519,,897,17.0,,,39,69,41,,,1.0,1.0,,,1.0,25.0,,,23.0,13.0,,1.0,18.0,19.0,,,521,2606,247,841,,,3746,11036,,1036,,,,139,2420,,655,,,,82,663,,423.0,,,,132.0,1256,,214,,,,700,,,,13.0,,1.0,,1.0,16.0,2.0,,35.0,73.0,113.0,,4.0,8.0,6.0,,,30.0,25.0,,3.0,6.0,15.0,,,3.0,1.0,,,,,,,,1.0,,,,,,,,,,,,,,,,,2.0,,,,,,,,,,,,,,,,,,,,,,,,,,,,,,,,,,,,,,,,,,,,,,,,,,,,,,,,,,,,,,,,,1.0,,,,,,,,,,,,,,,,,,,,,,,,,,6.0,,,,,,,,,25.0,,4,,,,,312,,116,,,,,418,,116,,,,,630,2.0,413.0,,,,,77,,18,,,,,390,,23,,,,,649,,67,,,,,950,20.0,160,17.0,,,,,5.0,,,,,,,,,,,16.0,,,,1.0,2.0,,,,,,,1.0,,,,63.0,6.0,,,,,,,,,,49.0,12,,,,,89.0,,167,,,,3.0,84.0,204.0,,,,2.0,283,,159,,,,14.0,,,,,,,,,,,,4.0,9.0,,,5.0,5.0,,,31.0,,8.0,,,,404.0,2.0,,17.0,,,,,2.0,,,,,,,40.0,,20.0,,,,17.0,116,,75,,,,267.0,1.0,,4.0,9.0,2.0,,2.0,41.0,,,41.0,,,,,,,,,,,,,,2.0,,,5.0,,,,,,1.0,,,72763,,,,,,,,,,,,,,,,,,,,,,,,,,,,,,,,,,,,,,,,,,,,,,,,,,,,,,,,,,,,,,,,,,,,,,,,,,,,,,,,,,,,,,,,,,16101
_500m_16_days_VI_Quality_2020273_aid0001,aid0001,2020-09-29,1161,27235,7164,3611,,,4.0,1918306,,61016,,,,1.0,149340,,17300,,,,1.0,19326,,8134,,,,,2037,,705,,,,,11520,,754,,,,,8293,,1291,,,,,1919,2.0,300,4.0,,,2.0,104,48.0,,,3.0,,,,,,,,,14.0,,,3.0,,,,,,,,2.0,,,,,2.0,,,158,1904,693,632,,,25.0,97205,,5671,,,,81,6545,,3055,,,,50,1929.0,,1574,3.0,,,14.0,2801,,700,21.0,,,13,69,53,,1.0,39.0,4.0,,4.0,7.0,6.0,,,5.0,38.0,,1.0,7.0,39.0,,4.0,248,1066,97,206,,,4129,13832,,1518,,,,490,801,,529,,,,403,377,,274.0,,,,16.0,1009,3.0,109,,,,105,,3.0,,13.0,1.0,,,16.0,1.0,,,2.0,135.0,87.0,,6.0,74.0,19.0,,2.0,13.0,,,,5.0,1.0,,2.0,6.0,,,3.0,,,,,,7.0,,,,,,,,,,,,,,,,,2.0,,,,,,,,,,,,,,,,,,,,,,,,,,,,,,,,,,,,,,,,,,,,,,,,,,,,,,,,,,,,,,,,,,,,,,,,,,,,,,,,,,,,,,,,,,,,,,,,,,,,37.0,,18,,,,,339,,279,,,,,290,,191,,,,,323,,546.0,,,,,57,,2,,,,,391,,17,,,,,527,,79,,,,,374,1.0,72,,,,,,,,,,,,,,,,,,,,,,,,,2.0,,,,,,,,5.0,2.0,,,,,67.0,,,,,65.0,92,,,,,37.0,,123,,,,1.0,74.0,192.0,2.0,,,5.0,392,,56,11.0,,,17.0,,,,,,,,,,,,3.0,5.0,,2.0,5.0,20.0,,1.0,7.0,,,,,,124.0,7.0,,,,,,8.0,16.0,,5.0,,,,6.0,,,12.0,,,,2.0,119,6.0,11,,,,88.0,,,4.0,1.0,,,8.0,1.0,,,,,,,,,,,,,,,,,2.0,,5.0,5.0,,,,,,,,,72762,,,,,,,,,,,,,,,,1.0,,,,,,,,,,,,,,,,,,,,,,,,,,,,,,,,,,,,,,,,,,,,,,,,,,,,,,,,,,,,,,,,,,,,,,,,,,16134
_500m_16_days_VI_Quality_2020289_aid0001,aid0001,2020-10-15,3798,29909,9122,3372,,,2.0,1863021,32.0,39629,3.0,,,1.0,215040,,27813,,,,,15912,,5564,,,,,3750,6.0,508,4.0,,,,10794,4.0,422,,,,,7962,2.0,1517,,,,,1721,8.0,402,4.0,,,,1301,138.0,,,119.0,16.0,,,29.0,4.0,,,9.0,24.0,,,26.0,10.0,,,18.0,2.0,,,12.0,1.0,,,9.0,13.0,,,150,1359,691,393,,,4.0,97253,,3331,,,,313,9534,,4912,2.0,,,97,656.0,,1044,9.0,,,,2324,2.0,502,1.0,,,6,61,50,,,93.0,11.0,,21.0,30.0,125.0,,,8.0,60.0,,,19.0,27.0,,6.0,553,1971,68,394,,,2694,13068,1.0,896,9.0,,,982,959,,318,,,,788,116,,305.0,,,,75.0,583,,33,,,,96,,,,14.0,,,,9.0,,,,,91.0,82.0,,15.0,120.0,45.0,,40.0,20.0,36.0,,,,,,,26.0,4.0,,3.0,,,,,,4.0,,,,,,,,,,,,,,,,,,,,,,,,,,,,,,,,,,,,,,,,,,,,3.0,,,,,,,,,,,,,,,,,,,,,,,,,,,,,,,,,,,,,1.0,,,,,,,,,,,,,,,,,,,,,,,,,,,,,,,,,,,,29.0,,29,9.0,,,,327,7.0,101,,,,,370,,56,,,,,240,6.0,66.0,,,,,81,,7,,,,,260,,6,,,,,433,3.0,18,1.0,,,,199,3.0,16,2.0,,,5.0,,,,,,,,,,,,,,5.0,,,,9.0,,,1.0,,,,3.0,,,,,,,,9.0,,8.0,,,,,30.0,29,,,,,35.0,,112,,,,,29.0,57.0,,,,,99,,51,,,,3.0,,,,,,,,,,,,,,,,2.0,1.0,,,8.0,,13.0,,,,78.0,6.0,,,,,,5.0,,,3.0,,,,7.0,3.0,,12.0,,,,1.0,79,,11,,,,25.0,,,3.0,,,,14.0,3.0,,,2.0,,1.0,,,,,,,,,,,,,,4.0,2.0,,,,,,,,,72636,,,,,,,,,,,,,,,,,,,,,,,,,,,,,,,,,,,,,,,,,,,,,,,,,,,,,,,,,,,,,,,,,,,,,,,,,,,,,,,,,,,,,,,,,,16200
_500m_16_days_VI_Quality_2020305_aid0001,aid0001,2020-10-31,4587,24544,9644,3040,338.0,26.0,4.0,1899698,547.0,56650,15.0,995.0,4.0,7.0,140262,119.0,27975,16.0,14.0,,,16924,20.0,7912,1.0,,,,3891,9.0,628,10.0,10.0,8.0,,14157,2.0,300,,5.0,,,8008,4.0,1192,,,4.0,1.0,909,11.0,207,2.0,,1.0,4.0,1908,959.0,22.0,1.0,1833.0,182.0,8.0,,593.0,384.0,,,241.0,388.0,,,41.0,65.0,10.0,,54.0,8.0,1.0,,74.0,37.0,1.0,,103.0,8.0,,,252,1901,479,459,1.0,43.0,4.0,97406,6.0,3572,20.0,58.0,2.0,199,8049,4.0,3507,47.0,12.0,2.0,62,1003.0,,2197,7.0,,,14.0,2821,7.0,655,13.0,12.0,2.0,8,190,162,28.0,,205.0,80.0,12.0,24.0,102.0,258.0,6.0,6.0,14.0,134.0,,6.0,81.0,103.0,2.0,8.0,575,1186,63,1109,6.0,170.0,4133,12850,,687,1.0,60.0,1.0,739,858,,324,6.0,16.0,,112,79,,56.0,1.0,,,37.0,653,11.0,250,13.0,12.0,,250,1.0,,,3.0,6.0,,,15.0,,,,,242.0,252.0,19.0,10.0,107.0,39.0,18.0,105.0,50.0,76.0,2.0,6.0,22.0,45.0,,5.0,55.0,43.0,41.0,15.0,,,,,2804.0,33.0,351.0,19.0,9.0,2.0,,,,,,,,,12.0,,,,352.0,,66.0,,1.0,,,,,,,,,,,,,,4.0,,1.0,,,,,,,5.0,1.0,,,,,,,,210.0,8.0,96.0,6.0,,,,,,,2.0,,,,,,,177.0,4.0,,,,,,,,,,115.0,17.0,,12.0,,,,12.0,,,,,,,,9.0,,,26.0,,,,1.0,,,,,,1.0,,,,,,,,33.0,1.0,112,,,,,1043,,358,,3.0,,,599,26.0,1568,,,,,351,1.0,1124.0,6.0,,,,109,,17,1.0,,,,785,,31,,,,,1156,32.0,247,,,,,161,17.0,47,1.0,,,,1.0,,,,1.0,,,,21.0,48.0,,,30.0,64.0,,,11.0,4.0,,,15.0,1.0,,,65.0,12.0,,,22.0,2.0,,,27.0,2.0,53.0,,,,,122.0,2,,,,,103.0,,348,,,,5.0,41.0,241.0,,,,,240,1.0,39,1.0,1.0,,1.0,10.0,,,,,,,,,,,,17.0,,,13.0,1.0,,2.0,7.0,,25.0,,,,216.0,28.0,,19.0,,,,15.0,7.0,,41.0,,,,3.0,1.0,,1.0,,,,,169,2.0,201,13.0,,,170.0,,,3.0,3.0,,,1.0,,,,4.0,2.0,,,,,,,,,1.0,,,,,,31.0,6.0,,7.0,,,,,3.0,,72715,35.0,9.0,,,,,,,,,,4.0,,,,4.0,,1.0,,,,,,,,,3.0,,,,,,,,,,,,,,,5.0,,,,,,,,,,,,,,,,,,,,,,,,,,,,,,,,1.0,,,,,,,,,,,,,,,,16431
_500m_16_days_VI_Quality_2020321_aid0001,aid0001,2020-11-16,6069,20280,19384,11730,2025.0,7089.0,8.0,1055463,2480.0,658596,3471.0,23565.0,610.0,32.0,82958,2778.0,67279,1547.0,16050.0,261.0,12.0,3754,49.0,5553,127.0,5163.0,538.0,,6067,223.0,1853,653.0,549.0,1066.0,,8665,11.0,4122,6.0,552.0,11.0,,5774,10.0,6467,26.0,2108.0,57.0,,885,23.0,1051,122.0,371.0,70.0,2.0,4704,4113.0,3701.0,16.0,34706.0,24086.0,583.0,12.0,12395.0,9822.0,503.0,,202.0,284.0,184.0,,350.0,447.0,337.0,,169.0,63.0,40.0,,219.0,174.0,154.0,,186.0,308.0,97.0,,219,1602,1134,1579,891.0,939.0,17.0,33373,65.0,49328,63.0,1108.0,168.0,145,4507,119.0,6503,83.0,2318.0,111.0,115,84.0,,887,,221.0,16.0,18.0,1713,26.0,2570,67.0,273.0,229.0,31,488,466,492.0,4.0,1215.0,1365.0,72.0,31.0,435.0,645.0,133.0,13.0,,25.0,32.0,,106.0,158.0,96.0,,165,178,156,548,19.0,50.0,4293,3589,17.0,10026,44.0,332.0,161.0,940,593,,992,20.0,360.0,4.0,244,17,,46.0,4.0,58.0,,,162,,240,,17.0,11.0,130,,,,6.0,1.0,,,15.0,,,,,70.0,192.0,20.0,28.0,139.0,352.0,100.0,79.0,106.0,168.0,77.0,7.0,,27.0,33.0,,28.0,33.0,3.0,5.0,,,,,5382.0,855.0,38322.0,2182.0,9671.0,956.0,,,19.0,,,2.0,278.0,52.0,36.0,619.0,1637.0,,1712.0,,5845.0,,2660.0,,,,,,,45.0,15.0,,8.0,174.0,79.0,,212.0,112.0,279.0,,,,,,,20.0,56.0,136.0,,,,,,,379.0,138.0,3133.0,143.0,3421.0,51.0,,,7.0,,,19.0,59.0,,,2.0,34.0,132.0,430.0,295.0,,32.0,42.0,45.0,,1.0,16.0,19.0,4.0,13.0,290.0,19.0,72.0,20.0,17.0,,48.0,18.0,,,5.0,57.0,,,,,5.0,,57.0,,16.0,,2.0,,,,,,,,,,,,228.0,21.0,684,82.0,121.0,68.0,,1114,4.0,3824,28.0,1391.0,,,1401,12.0,2849,28.0,1196.0,,,266,,809.0,19.0,320.0,8.0,,162,44.0,504,189.0,111.0,66.0,,664,13.0,3069,8.0,357.0,6.0,,1843,33.0,4170,31.0,734.0,6.0,,577,26.0,714,62.0,65.0,27.0,,39.0,88.0,22.0,,13.0,62.0,3.0,,28.0,87.0,12.0,,17.0,45.0,12.0,,96.0,248.0,27.0,,11.0,47.0,18.0,,76.0,113.0,56.0,,168.0,125.0,28.0,2.0,25.0,4.0,114.0,,32.0,21.0,,173.0,248,,27.0,,3.0,102.0,,194,,115.0,,,12.0,71.0,,34.0,,,185,8.0,344,12.0,45.0,14.0,9.0,,9.0,7.0,3.0,7.0,,4.0,5.0,1.0,17.0,,,2.0,,,22.0,35.0,32.0,1.0,37.0,,64.0,,3.0,,274.0,18.0,,91.0,,3.0,,21.0,9.0,,61.0,,25.0,6.0,21.0,3.0,,7.0,,10.0,,,51,,90,,9.0,,115.0,,,,,,,8.0,,,,,,,,,,,,2.0,3.0,4.0,7.0,1.0,,3.0,,2.0,18.0,2.0,3.0,,,,,,,72906,961.0,1649.0,404.0,,,,,,,17.0,17.0,15.0,106.0,27.0,,164.0,,681.0,137.0,,,,1.0,32.0,7.0,,18.0,83.0,19.0,,,6.0,,,9.0,7.0,7.0,,,,40.0,89.0,61.0,,,,,,,,17.0,31.0,23.0,,,,,,1.0,3.0,,18.0,,4.0,,,,,,15.0,,,,,,2.0,,,,2.0,,,,,,,,,,16103
_500m_16_days_VI_Quality_2020337_aid0001,aid0001,2020-12-02,4624,7397,19663,17479,6244.0,11286.0,4.0,605384,1323.0,1042707,6866.0,66513.0,7253.0,119.0,45916,419.0,102941,6158.0,40108.0,4175.0,4.0,3679,32.0,7318,1253.0,12152.0,352.0,,3947,4.0,4179,754.0,2231.0,383.0,,7167,9.0,7622,58.0,620.0,16.0,,4102,9.0,10094,110.0,3084.0,132.0,,213,2.0,1901,415.0,2392.0,44.0,1.0,1730,5985.0,3523.0,12.0,11244.0,35179.0,2432.0,88.0,3204.0,14394.0,3784.0,7.0,93.0,1560.0,1399.0,,133.0,668.0,394.0,,94.0,205.0,48.0,,129.0,381.0,175.0,,77.0,479.0,143.0,,125,491,1576,2080,2129.0,1853.0,20.0,15292,43.0,63195,218.0,5526.0,689.0,226,1674,3.0,7623,135.0,6745.0,643.0,74,24.0,,479,29.0,960.0,121.0,4.0,1082,8.0,4982,158.0,1618.0,116.0,14,103,637,411.0,2.0,458.0,1462.0,185.0,48.0,83.0,458.0,363.0,9.0,1.0,40.0,81.0,,60.0,214.0,149.0,6.0,91,105,127,786,89.0,887.0,2106,1271,,10550,22.0,841.0,68.0,1396,198,,1351,,1033.0,119.0,308,8,,145.0,16.0,96.0,20.0,8.0,98,2.0,325,7.0,139.0,26.0,139,,,,9.0,,,1.0,15.0,3.0,,,,80.0,232.0,89.0,32.0,85.0,336.0,162.0,39.0,14.0,141.0,157.0,46.0,,14.0,10.0,5.0,24.0,93.0,23.0,10.0,,,,,,1.0,24414.0,1069.0,12544.0,1259.0,3.0,,26.0,,,,379.0,80.0,,503.0,677.0,,,,2629.0,,1982.0,,,,1.0,,,26.0,10.0,,,156.0,195.0,,,119.0,104.0,,,,,,,,23.0,65.0,,,,,,,,,2395.0,94.0,3236.0,191.0,,,,,,8.0,14.0,,,,19.0,,280.0,342.0,,,11.0,41.0,,,5.0,4.0,,,182.0,19.0,114.0,36.0,19.0,,115.0,13.0,,,,10.0,,,,,,,30.0,,26.0,,,,,,3.0,,,,,,,,48.0,,732,61.0,230.0,61.0,,189,,3778,19.0,686.0,,,111,,3135,38.0,1262.0,22.0,,24,,1077.0,22.0,760.0,34.0,,95,1.0,471,210.0,217.0,38.0,,248,2.0,3412,7.0,261.0,1.0,,210,2.0,4733,63.0,734.0,21.0,,14,1.0,1118,96.0,733.0,31.0,,,83.0,33.0,,2.0,22.0,42.0,,2.0,48.0,14.0,,,59.0,35.0,,2.0,199.0,35.0,,3.0,27.0,28.0,,4.0,171.0,43.0,,6.0,406.0,30.0,,6.0,,51.0,8.0,89.0,1.0,,55.0,215,1.0,36.0,,1.0,31.0,,298,,275.0,,2.0,,48.0,,31.0,10.0,,94,,542,58.0,301.0,36.0,18.0,,7.0,8.0,,12.0,1.0,,,16.0,14.0,,,7.0,3.0,,4.0,72.0,28.0,4.0,40.0,,19.0,,,4.0,169.0,,,56.0,,,,3.0,,,66.0,,5.0,8.0,8.0,,,8.0,,10.0,3.0,,35,,98,,33.0,22.0,89.0,,,2.0,,,,3.0,2.0,1.0,,,,1.0,,,,3.0,,,,,,,2.0,21.0,32.0,1.0,29.0,13.0,,,,,4.0,,,72888,,1474.0,550.0,,,,,,,45.0,11.0,,61.0,46.0,,,,177.0,90.0,,6.0,7.0,,31.0,10.0,,,133.0,65.0,,,5.0,2.0,,,3.0,4.0,,,,,69.0,119.0,,,,,,,,,31.0,25.0,,,,,,3.0,2.0,,,,,,1.0,,,,,,,,,,5.0,,,,,,,,,,,,,,16271
_500m_16_days_VI_Quality_2020353_aid0001,aid0001,2020-12-18,2650,2252,25172,24865,3803.0,14898.0,6.0,358986,1357.0,1120946,12657.0,11659.0,1773.0,245.0,20664,130.0,164417,4640.0,15717.0,2124.0,86.0,1603,7.0,12241,606.0,7379.0,556.0,,2164,1.0,5254,1859.0,506.0,811.0,,2820,17.0,15954,101.0,234.0,60.0,,1378,2.0,12996,71.0,1112.0,232.0,,81,5.0,3615,903.0,741.0,572.0,,828,11045.0,3741.0,7.0,6557.0,35192.0,1156.0,55.0,623.0,12057.0,2163.0,17.0,118.0,2571.0,826.0,,32.0,1452.0,285.0,,134.0,748.0,40.0,,99.0,985.0,513.0,,28.0,1092.0,268.0,,136,366,1445,2681,1319.0,2092.0,10.0,12724,39.0,52968,135.0,1148.0,193.0,200,902,,13346,92.0,1720.0,551.0,83,2.0,,505,4.0,783.0,118.0,20.0,865,4.0,4675,167.0,810.0,383.0,23,68,896,459.0,6.0,238.0,1049.0,240.0,31.0,36.0,907.0,378.0,18.0,,66.0,82.0,3.0,55.0,265.0,207.0,3.0,28,532,116,1045,17.0,501.0,1806,867,,7600,62.0,230.0,30.0,1316,274,8.0,1734,71.0,413.0,39.0,204,3,,92.0,,25.0,6.0,2.0,102,4.0,499,11.0,52.0,11.0,159,,1.0,1.0,9.0,,6.0,,7.0,,,,,67.0,489.0,62.0,83.0,29.0,424.0,52.0,32.0,21.0,302.0,65.0,14.0,,38.0,8.0,,29.0,102.0,1.0,39.0,,,,,7.0,,147310.0,10359.0,15675.0,9182.0,3.0,,21.0,,1.0,,281.0,18.0,,1206.0,739.0,,14.0,,23415.0,,5451.0,,,,,,,113.0,15.0,,,1569.0,207.0,,,625.0,235.0,,,,,,,,288.0,19.0,,,,2.0,,,4.0,,9386.0,1052.0,2891.0,1081.0,2.0,,3.0,,,27.0,30.0,4.0,,2.0,6.0,1.0,2734.0,1276.0,,,73.0,41.0,,,34.0,2.0,,3.0,1530.0,356.0,141.0,365.0,101.0,,49.0,4.0,1.0,,4.0,199.0,,,,,,,401.0,,77.0,,1.0,,,,73.0,43.0,29.0,1.0,,19.0,,2.0,36.0,,1658,547.0,325.0,141.0,,296,3.0,11904,83.0,494.0,11.0,,52,,4672,83.0,1049.0,7.0,,34,,1732.0,66.0,736.0,64.0,,25,,1162,1405.0,135.0,328.0,,82,11.0,7308,37.0,148.0,16.0,,143,,8545,99.0,734.0,61.0,,7,,3145,789.0,341.0,377.0,3.0,,327.0,27.0,,36.0,97.0,14.0,,,173.0,49.0,,,254.0,90.0,,2.0,631.0,50.0,,3.0,103.0,16.0,,,406.0,189.0,,2.0,1336.0,175.0,1.0,1.0,,77.0,82.0,92.0,87.0,,35.0,425,,43.0,6.0,,27.0,,417,4.0,69.0,22.0,,,69.0,3.0,17.0,15.0,,56,1.0,818,180.0,143.0,130.0,11.0,,23.0,39.0,2.0,24.0,1.0,,,46.0,8.0,,,12.0,6.0,,,167.0,55.0,,25.0,2.0,29.0,2.0,1.0,,358.0,17.0,,81.0,,49.0,,44.0,2.0,,66.0,6.0,57.0,3.0,14.0,,,18.0,,,,,29,2.0,260,14.0,39.0,3.0,324.0,,13.0,14.0,,5.0,2.0,2.0,,,,,,13.0,,18.0,2.0,17.0,,2.0,,36.0,16.0,3.0,,3.0,,11.0,92.0,5.0,55.0,,,,,,,72750,14.0,14549.0,1441.0,3.0,,,15.0,,,112.0,5.0,,512.0,195.0,,,,3722.0,595.0,,29.0,11.0,,210.0,39.0,,,1099.0,122.0,,,36.0,,5.0,,108.0,8.0,,3.0,,,1189.0,528.0,,,,,15.0,,1.0,,449.0,220.0,,,5.0,,,17.0,3.0,,135.0,,35.0,,,,,,7.0,,,,,,31.0,8.0,16.0,1.0,,,,,,,,14.0,10.0,,16372
