Date,NDVI,County_FIP
01/01/2019,0.5394326853932585,001
01/01/2020,0.5795240261902121,001
01/01/2021,0.4383592698111216,001
01/17/2019,0.575613428032405,001
01/17/2020,0.60308200270636,001
02/02/2019,0.5875434547721292,001
02/02/2020,0.601947058229892,001
02/18/2019,0.5622748576434516,001
02/18/2020,0.5588065994962217,001
03/05/2020,0.5450648841354725,001
03/06/2019,0.6198620910840282,001
03/21/2020,0.6133034047350621,001
03/22/2019,0.6533737094436393,001
04/06/2020,0.4948121228284381,001
04/07/2019,0.6493257909008737,001
04/22/2020,0.5616651260504202,001
04/23/2019,0.6155242169045908,001
05/08/2020,0.46688890783164627,001
05/09/2019,0.5314238750137529,001
05/24/2020,0.41077861034022,001
05/25/2019,0.47192498706138086,001
06/09/2020,0.3846654494088103,001
06/10/2019,0.424492756112346,001
06/25/2020,0.3692859636438752,001
06/26/2019,0.40463903357389397,001
07/11/2020,0.361715939200986,001
07/12/2019,0.38687048747063435,001
07/27/2020,0.3615737095592084,001
07/28/2019,0.38519188891116907,001
08/12/2020,0.3580950266808965,001
08/13/2019,0.3778678438297038,001
08/28/2020,0.36599968496304375,001
08/29/2019,0.37917528747026175,001
09/13/2020,0.3499398159509202,001
09/14/2019,0.3799300263903822,001
09/29/2020,0.34909125953820236,001
09/30/2019,0.37551828462770215,001
10/15/2020,0.3413572735234018,001
10/16/2019,0.3703107298690996,001
10/31/2020,0.35371912099276115,001
11/01/2019,0.37392919567312843,001
11/16/2020,0.38128865123301464,001
11/17/2019,0.4107710551330799,001
12/02/2020,0.37072515158320235,001
12/03/2019,0.5087828001375989,001
12/18/2020,0.40826769509981853,001
12/19/2019,0.5540646737348344,001
01/01/2019,0.39654731323722153,003
01/01/2020,0.3552510673234811,003
01/01/2021,0.42798109360519,003
01/17/2019,0.30362074688796686,003
01/17/2020,0.37011932584269663,003
02/02/2019,0.4948121228284381,003
02/02/2020,0.40064218146718145,003
02/18/2019,0.4948121228284381,003
02/18/2020,0.4085427299703264,003
03/05/2020,0.40235478522984175,003
03/06/2019,0.29747500000000004,003
03/21/2020,0.381633135391924,003
03/22/2019,0.33648480565371025,003
04/06/2020,0.4948121228284381,003
04/07/2019,0.40307997630331754,003
04/22/2020,0.4495634741075918,003
04/23/2019,0.4304966318785579,003
05/08/2020,0.46094296987087524,003
05/09/2019,0.43636292085701794,003
05/24/2020,0.49126388316567693,003
05/25/2019,0.48065609633718015,003
06/09/2020,0.46979915943353134,003
06/10/2019,0.49372632063882066,003
06/25/2020,0.4728610395301955,003
06/26/2019,0.4886948215692897,003
07/11/2020,0.48997579104215977,003
07/12/2019,0.5083381649731022,003
07/27/2020,0.4835448154965379,003
07/28/2019,0.5071123963296277,003
08/12/2020,0.4759226926110965,003
08/13/2019,0.4907948374090631,003
08/28/2020,0.4624962310456658,003
08/29/2019,0.48825040757296884,003
09/13/2020,0.44205748093610303,003
09/14/2019,0.48859247962135155,003
09/29/2020,0.45494484179156813,003
09/30/2019,0.47500137610658255,003
10/15/2020,0.4494312735559646,003
10/16/2019,0.4703690979223284,003
10/31/2020,0.44420345735345734,003
11/01/2019,0.4660958015601718,003
11/16/2020,0.4366422953451043,003
11/17/2019,0.4937814700974796,003
12/02/2020,0.4806194357366771,003
12/03/2019,0.29747469512195124,003
12/18/2020,0.3851605105105105,003
12/19/2019,0.31719200000000003,003
01/01/2019,0.6144651948051949,005
01/01/2020,0.6359669792629772,005
01/01/2021,0.5924633729094856,005
01/17/2019,0.6498895048722676,005
01/17/2020,0.685542478480667,005
02/02/2019,0.6268298227535037,005
02/02/2020,0.6610835647853229,005
02/18/2019,0.6182907156024804,005
02/18/2020,0.6528224566691786,005
03/05/2020,0.6495839333080713,005
03/06/2019,0.6726141724617525,005
03/21/2020,0.6838983854836407,005
03/22/2019,0.6885048871659974,005
04/06/2020,0.4948121228284381,005
04/07/2019,0.7178100211808314,005
04/22/2020,0.6677423660021488,005
04/23/2019,0.7107743312101912,005
05/08/2020,0.6048298634008479,005
05/09/2019,0.6363791442480143,005
05/24/2020,0.5821771494965143,005
05/25/2019,0.6143239809034154,005
06/09/2020,0.535440996784566,005
06/10/2019,0.5887178036997762,005
06/25/2020,0.5269902512025654,005
06/26/2019,0.5471025823394244,005
07/11/2020,0.5197320516928335,005
07/12/2019,0.5416215268817206,005
07/27/2020,0.5148242097394276,005
07/28/2019,0.5324611941892758,005
08/12/2020,0.5052194782980544,005
08/13/2019,0.5276653106982704,005
08/28/2020,0.5177913716420566,005
08/29/2019,0.5263825734116392,005
09/13/2020,0.4985470632208458,005
09/14/2019,0.5416052974473994,005
09/29/2020,0.4965152176237836,005
09/30/2019,0.5361190837249039,005
10/15/2020,0.5042990811965813,005
10/16/2019,0.5294389797882579,005
10/31/2020,0.4994450064157399,005
11/01/2019,0.524151751097783,005
11/16/2020,0.5587833664490491,005
11/17/2019,0.5812239963364373,005
12/02/2020,0.5423525631591857,005
12/03/2019,0.5829212889593238,005
12/18/2020,0.5663724428726876,005
12/19/2019,0.6150630781825625,005
01/01/2019,0.5187883458646617,007
01/01/2020,0.5340510390310672,007
01/01/2021,0.469420821646593,007
01/17/2019,0.5419211175616836,007
01/17/2020,0.5413811463625037,007
02/02/2019,0.4584448485266717,007
02/02/2020,0.573084563493629,007
02/18/2019,0.5103465142192724,007
02/18/2020,0.5679505703125001,007
03/05/2020,0.5986171252743807,007
03/06/2019,0.5521019275449618,007
03/21/2020,0.5907136322049406,007
03/22/2019,0.5757781668426611,007
04/06/2020,0.6792749029754205,007
04/07/2019,0.6181505496726214,007
04/22/2020,0.5944934119545175,007
04/23/2019,0.6176392135229914,007
05/08/2020,0.5860289791987674,007
05/09/2019,0.5718217770788283,007
05/24/2020,0.6060593209359043,007
05/25/2019,0.5967671025064017,007
06/09/2020,0.6168235666361696,007
06/10/2019,0.6170362031921425,007
06/25/2020,0.6204565320121952,007
06/26/2019,0.6144669994665042,007
07/11/2020,0.6135529790721612,007
07/12/2019,0.6137311675939334,007
07/27/2020,0.6008604405655703,007
07/28/2019,0.6071445773950156,007
08/12/2020,0.587006452843141,007
08/13/2019,0.5979141414526332,007
08/28/2020,0.5987254329941546,007
08/29/2019,0.5875017872113406,007
09/13/2020,0.47670102244772444,007
09/14/2019,0.5877125557801594,007
09/29/2020,0.4556015971639857,007
09/30/2019,0.5715276128081873,007
10/15/2020,0.45200554580822333,007
10/16/2019,0.5315597505452041,007
10/31/2020,0.4467538319482918,007
11/01/2019,0.5149869092185307,007
11/16/2020,0.45951504023107076,007
11/17/2019,0.5162905566992247,007
12/02/2020,0.4622864495631454,007
12/03/2019,0.5422761025773417,007
12/18/2020,0.4398914551320146,007
12/19/2019,0.5361205665819951,007
01/01/2019,0.6080037084057196,009
01/01/2020,0.6221182307108875,009
01/01/2021,0.5862504556035917,009
01/17/2019,0.6126046286842285,009
01/17/2020,0.6603710652263093,009
02/02/2019,0.617481289540988,009
02/02/2020,0.6463941195991239,009
02/18/2019,0.5899321872922405,009
02/18/2020,0.6418341599422686,009
03/05/2020,0.6347612133834991,009
03/06/2019,0.6418996249448449,009
03/21/2020,0.6573538050937929,009
03/22/2019,0.6710496548717576,009
04/06/2020,0.4948121228284381,009
04/07/2019,0.6965065187619831,009
04/22/2020,0.6592624013347879,009
04/23/2019,0.6919961188276733,009
05/08/2020,0.5954361501749921,009
05/09/2019,0.6213710824124619,009
05/24/2020,0.5837558211208251,009
05/25/2019,0.6048583042071197,009
06/09/2020,0.5456262372497167,009
06/10/2019,0.5824716078975588,009
06/25/2020,0.535276687039254,009
06/26/2019,0.5578991506228766,009
07/11/2020,0.5241876692486933,009
07/12/2019,0.5453091795646157,009
07/27/2020,0.5174175296044344,009
07/28/2019,0.5353288674729151,009
08/12/2020,0.5060772386413763,009
08/13/2019,0.5307001196548901,009
08/28/2020,0.5138476636213868,009
08/29/2019,0.5281077828852089,009
09/13/2020,0.5117333207357018,009
09/14/2019,0.5425970614145481,009
09/29/2020,0.5067705552404361,009
09/30/2019,0.5331016671909405,009
10/15/2020,0.5128906078740157,009
10/16/2019,0.5257257632026185,009
10/31/2020,0.5164210867648911,009
11/01/2019,0.5219787234042553,009
11/16/2020,0.5529323544340511,009
11/17/2019,0.5764372552447552,009
12/02/2020,0.5498252073732719,009
12/03/2019,0.5700874610812341,009
12/18/2020,0.576460787695846,009
12/19/2019,0.600586098014002,009
01/01/2019,0.41218884043834986,011
01/01/2020,0.39873867968658644,011
01/01/2021,0.3491828599933488,011
01/17/2019,0.4313960722295705,011
01/17/2020,0.43359850522306226,011
02/02/2019,0.44664199873896593,011
02/02/2020,0.4525615840243696,011
02/18/2019,0.4318133141055739,011
02/18/2020,0.4565781944524206,011
03/05/2020,0.490634850265883,011
03/06/2019,0.45400751182033094,011
03/21/2020,0.47715362033019665,011
03/22/2019,0.5122848088184637,011
04/06/2020,0.4948121228284381,011
04/07/2019,0.5275417380592419,011
04/22/2020,0.44295761626287944,011
04/23/2019,0.5012673777082868,011
05/08/2020,0.4358079478387949,011
05/09/2019,0.45258378892056567,011
05/24/2020,0.47192120942146,011
05/25/2019,0.46839969931510667,011
06/09/2020,0.5135041093602094,011
06/10/2019,0.5231064424522524,011
06/25/2020,0.5237912578651372,011
06/26/2019,0.5333144217384042,011
07/11/2020,0.5167922267386826,011
07/12/2019,0.542581145943538,011
07/27/2020,0.4940567681942201,011
07/28/2019,0.5354831894871653,011
08/12/2020,0.48241232251238936,011
08/13/2019,0.5178153349295618,011
08/28/2020,0.4165959199686152,011
08/29/2019,0.487278623531377,011
09/13/2020,0.38801355129776094,011
09/14/2019,0.46161251322604,011
09/29/2020,0.3518660854548493,011
09/30/2019,0.4138460484957342,011
10/15/2020,0.34980588169767185,011
10/16/2019,0.3644628197966708,011
10/31/2020,0.3460086892903371,011
11/01/2019,0.34535739165191576,011
11/16/2020,0.3541730000638448,011
11/17/2019,0.3366005321100918,011
12/02/2020,0.34445376729249017,011
12/03/2019,0.37550205875270887,011
12/18/2020,0.31817750440434966,011
12/19/2019,0.4092572025822318,011
01/01/2019,0.5107864145658264,013
01/01/2020,0.5475280067758329,013
01/01/2021,0.4553239114844791,013
01/17/2019,0.5496185923590505,013
01/17/2020,0.5713378028903618,013
02/02/2019,0.581621770853875,013
02/02/2020,0.5906438513633935,013
02/18/2019,0.5657536726431465,013
02/18/2020,0.559509693425483,013
03/05/2020,0.5440665764302474,013
03/06/2019,0.6019788518819389,013
03/21/2020,0.5826907034255359,013
03/22/2019,0.6416853779429987,013
04/06/2020,0.4948121228284381,013
04/07/2019,0.6424418575851394,013
04/22/2020,0.5268991487097633,013
04/23/2019,0.6060082823987953,013
05/08/2020,0.4507751539663572,013
05/09/2019,0.5264183834894082,013
05/24/2020,0.41722553383187677,013
05/25/2019,0.47955611056794956,013
06/09/2020,0.39093432500449393,013
06/10/2019,0.44651567392311253,013
06/25/2020,0.381234489540497,013
06/26/2019,0.42431367144432197,013
07/11/2020,0.3797025245187069,013
07/12/2019,0.40994367755065925,013
07/27/2020,0.37445263681592045,013
07/28/2019,0.4030498525864379,013
08/12/2020,0.3742653105531433,013
08/13/2019,0.3969803667460108,013
08/28/2020,0.3780815685333973,013
08/29/2019,0.39293956610651726,013
09/13/2020,0.36018802004115597,013
09/14/2019,0.39617782697246084,013
09/29/2020,0.37028806396855185,013
09/30/2019,0.38762434222301784,013
10/15/2020,0.358918480565371,013
10/16/2019,0.37990000000000007,013
10/31/2020,0.36226400433682693,013
11/01/2019,0.3701413954358399,013
11/16/2020,0.37660071581196586,013
11/17/2019,0.4043004598662208,013
12/02/2020,0.38084356465604197,013
12/03/2019,0.46871710047579057,013
12/18/2020,0.4011964592378196,013
12/19/2019,0.5252750441490844,013
01/01/2019,0.8125950514912398,015
01/01/2020,0.8467403085824494,015
01/01/2021,0.7884757335448057,015
01/17/2019,0.831838839010349,015
01/17/2020,0.7183178589047854,015
02/02/2019,0.8285872064777328,015
02/02/2020,0.8177855632545181,015
02/18/2019,0.8153353834808259,015
02/18/2020,0.7979931104220035,015
03/05/2020,0.7932079803772543,015
03/06/2019,0.7967907580283795,015
03/21/2020,0.8024652993689396,015
03/22/2019,0.755796179136307,015
04/06/2020,0.785672171960642,015
04/07/2019,0.782300942542603,015
04/22/2020,0.7857555228465379,015
04/23/2019,0.7653870573631256,015
05/08/2020,0.7701604139881718,015
05/09/2019,0.7689575039390758,015
05/24/2020,0.778993533472671,015
05/25/2019,0.7685528117970507,015
06/09/2020,0.7729159078133783,015
06/10/2019,0.7766540876185721,015
06/25/2020,0.790845594986971,015
06/26/2019,0.7723170748909977,015
07/11/2020,0.7880828020709875,015
07/12/2019,0.7778852446675032,015
07/27/2020,0.786912115709724,015
07/28/2019,0.7822977278417627,015
08/12/2020,0.7975473074258362,015
08/13/2019,0.7871467265407247,015
08/28/2020,0.7975389506364484,015
08/29/2019,0.8003437106722323,015
09/13/2020,0.7766305485814713,015
09/14/2019,0.7958927887039838,015
09/29/2020,0.7855369033087054,015
09/30/2019,0.8007883087048305,015
10/15/2020,0.8014076689774697,015
10/16/2019,0.8030118676921154,015
10/31/2020,0.7940037448947534,015
11/01/2019,0.8081364509889563,015
11/16/2020,0.8243676423523136,015
11/17/2019,0.8081967893999236,015
12/02/2020,0.8333375589066919,015
12/03/2019,0.8291814898419865,015
12/18/2020,0.8305145022624435,015
12/19/2019,0.8471283717165772,015
01/01/2019,0.673858036751505,017
01/01/2020,0.6863018280223119,017
01/01/2021,0.6660153001803658,017
01/17/2019,0.6809513439322887,017
01/17/2020,0.7047480192499561,017
02/02/2019,0.6015364643268124,017
02/02/2020,0.6732117040269788,017
02/18/2019,0.6057176845342706,017
02/18/2020,0.6648964905588404,017
03/05/2020,0.6535095936361894,017
03/06/2019,0.6627572709499091,017
03/21/2020,0.6737828551649874,017
03/22/2019,0.6594681320114794,017
04/06/2020,0.4948121228284381,017
04/07/2019,0.6754776094942074,017
04/22/2020,0.6564890216811801,017
04/23/2019,0.6757005542859922,017
05/08/2020,0.6476980383849511,017
05/09/2019,0.6580341474093894,017
05/24/2020,0.6615785335168075,017
05/25/2019,0.657250720028271,017
06/09/2020,0.62666761302682,017
06/10/2019,0.659609547472608,017
06/25/2020,0.6249859003630647,017
06/26/2019,0.6419619643773944,017
07/11/2020,0.6235305873522237,017
07/12/2019,0.6419699023861172,017
07/27/2020,0.6191990957466602,017
07/28/2019,0.6347714454299745,017
08/12/2020,0.6130047416188183,017
08/13/2019,0.6274319102803738,017
08/28/2020,0.6280567236037847,017
08/29/2019,0.6261604802680566,017
09/13/2020,0.5994995557048984,017
09/14/2019,0.6442060422624132,017
09/29/2020,0.6019173066943436,017
09/30/2019,0.641519504156992,017
10/15/2020,0.6125543983031927,017
10/16/2019,0.6355655580357144,017
10/31/2020,0.6111249176893145,017
11/01/2019,0.6362253596920662,017
11/16/2020,0.657111543431443,017
11/17/2019,0.6370311647058824,017
12/02/2020,0.6570498165810712,017
12/03/2019,0.6710940686190557,017
12/18/2020,0.673133809443791,017
12/19/2019,0.6810363934021129,017
01/01/2019,0.43126686304538076,019
01/01/2020,0.4506304599456618,019
01/01/2021,0.35088160806574603,019
01/17/2019,0.47924381546654693,019
01/17/2020,0.48330327501036996,019
02/02/2019,0.5122072268470345,019
02/02/2020,0.4640751395844997,019
02/18/2019,0.48433725449190507,019
02/18/2020,0.44027527589259374,019
03/05/2020,0.44485689105866316,019
03/06/2019,0.5103294237822534,019
03/21/2020,0.46237456071502947,019
03/22/2019,0.5118004718023165,019
04/06/2020,0.4948121228284381,019
04/07/2019,0.48534704227075304,019
04/22/2020,0.4735184850369757,019
04/23/2019,0.45591569071831184,019
05/08/2020,0.43043641266973204,019
05/09/2019,0.42275828259666326,019
05/24/2020,0.43251465405661715,019
05/25/2019,0.44015092927352845,019
06/09/2020,0.4238641025955698,019
06/10/2019,0.44102880720584664,019
06/25/2020,0.4141116740165401,019
06/26/2019,0.437197214448923,019
07/11/2020,0.4112649262097101,019
07/12/2019,0.4410595236902735,019
07/27/2020,0.3980406834046385,019
07/28/2019,0.4327794225270198,019
08/12/2020,0.39915248840989825,019
08/13/2019,0.41517592596958613,019
08/28/2020,0.37851843441121213,019
08/29/2019,0.40476513519173485,019
09/13/2020,0.35338113291086704,019
09/14/2019,0.39143851205510904,019
09/29/2020,0.35777039512410486,019
09/30/2019,0.3775174304922516,019
10/15/2020,0.33932358097998877,019
10/16/2019,0.3640898205591556,019
10/31/2020,0.3610444848468994,019
11/01/2019,0.3573292547945841,019
11/16/2020,0.36563998324074365,019
11/17/2019,0.3885385940310769,019
12/02/2020,0.35456046677859604,019
12/03/2019,0.3925496300695741,019
12/18/2020,0.3426098837810808,019
12/19/2019,0.4347736161117961,019
01/01/2019,0.5048572215989464,021
01/01/2020,0.47960365510306685,021
01/01/2021,0.35346098135559,021
01/17/2019,0.5477867265672861,021
01/17/2020,0.5342180608758671,021
02/02/2019,0.5268998114874816,021
02/02/2020,0.5522944533722912,021
02/18/2019,0.4982771266204937,021
02/18/2020,0.5532702073571927,021
03/05/2020,0.5768584595350631,021
03/06/2019,0.5447143468950749,021
03/21/2020,0.5532690857170992,021
03/22/2019,0.5880728170642009,021
04/06/2020,0.4948121228284381,021
04/07/2019,0.6146697390448055,021
04/22/2020,0.4745128674351585,021
04/23/2019,0.5777599864982159,021
05/08/2020,0.4667992757821553,021
05/09/2019,0.49973694427050724,021
05/24/2020,0.4900403207221049,021
05/25/2019,0.5193191713078549,021
06/09/2020,0.510831732154866,021
06/10/2019,0.5366203812175917,021
06/25/2020,0.5104112594228647,021
06/26/2019,0.5304315920875744,021
07/11/2020,0.5068837463976945,021
07/12/2019,0.5274887123103514,021
07/27/2020,0.48821462395543186,021
07/28/2019,0.5237984203956213,021
08/12/2020,0.4800956866324031,021
08/13/2019,0.5179520697272377,021
08/28/2020,0.44775633802816905,021
08/29/2019,0.5071721229586936,021
09/13/2020,0.35795974993988944,021
09/14/2019,0.4867752437677122,021
09/29/2020,0.33907444060309233,021
09/30/2019,0.46013507264565334,021
10/15/2020,0.3404464017702521,021
10/16/2019,0.43053709103156274,021
10/31/2020,0.33742704207621166,021
11/01/2019,0.41305028428585433,021
11/16/2020,0.35707530211480365,021
11/17/2019,0.4315324493762146,021
12/02/2020,0.361917332761118,021
12/03/2019,0.4443698014901266,021
12/18/2020,0.3206883509421632,021
12/19/2019,0.48311030078285955,021
01/01/2019,0.8030782321696626,023
01/01/2020,0.8253455984995235,023
01/01/2021,0.7753681610033543,023
01/17/2019,0.8302460167457332,023
01/17/2020,0.7337608206958074,023
02/02/2019,0.8095585475352113,023
02/02/2020,0.8240771782298213,023
02/18/2019,0.8005268180665521,023
02/18/2020,0.8120251932472837,023
03/05/2020,0.8024668100799017,023
03/06/2019,0.7967982702681572,023
03/21/2020,0.8099921637209303,023
03/22/2019,0.7713961588541668,023
04/06/2020,0.8154553756476686,023
04/07/2019,0.8042959890798259,023
04/22/2020,0.8174523445765417,023
04/23/2019,0.8004343081631557,023
05/08/2020,0.8118508064662446,023
05/09/2019,0.8094664896689212,023
05/24/2020,0.8192655185390944,023
05/25/2019,0.809851110276093,023
06/09/2020,0.8145783451267645,023
06/10/2019,0.8089879955809769,023
06/25/2020,0.8049204091772095,023
06/26/2019,0.7996235254297677,023
07/11/2020,0.8030543181411975,023
07/12/2019,0.7969467801681153,023
07/27/2020,0.8036975342072702,023
07/28/2019,0.7969538972101937,023
08/12/2020,0.800893369298499,023
08/13/2019,0.8000045860504679,023
08/28/2020,0.7953456655375737,023
08/29/2019,0.8032927776596499,023
09/13/2020,0.7823785977584988,023
09/14/2019,0.8063595518846888,023
09/29/2020,0.7866951058106169,023
09/30/2019,0.8129311692454937,023
10/15/2020,0.7959720785092463,023
10/16/2019,0.811511136696298,023
10/31/2020,0.7829438140635081,023
11/01/2019,0.8073015900933238,023
11/16/2020,0.8121078111165766,023
11/17/2019,0.8127612108736006,023
12/02/2020,0.8200826199417536,023
12/03/2019,0.8064354117616621,023
12/18/2020,0.8234542348342262,023
12/19/2019,0.8369251382177528,023
01/01/2019,0.18217575380415144,025
01/01/2020,0.18627369595864665,025
01/01/2021,0.17292472532649872,025
01/17/2019,0.20726988835223295,025
01/17/2020,0.19284964759067094,025
02/02/2019,0.20623813559322032,025
02/02/2020,0.19517819441307133,025
02/18/2019,0.1817286283928738,025
02/18/2020,0.20575482970807102,025
03/05/2020,0.20524949550948002,025
03/06/2019,0.1942569226623552,025
03/21/2020,0.21376689111229744,025
03/22/2019,0.19653825364181662,025
04/06/2020,0.4948121228284381,025
04/07/2019,0.19717733908136623,025
04/22/2020,0.20746823285899094,025
04/23/2019,0.19186698225253657,025
05/08/2020,0.1953320871903077,025
05/09/2019,0.19447651010489578,025
05/24/2020,0.1893592013340355,025
05/25/2019,0.18537836101070426,025
06/09/2020,0.17855930651020793,025
06/10/2019,0.1740552784748362,025
06/25/2020,0.1682151574768877,025
06/26/2019,0.16170234530683153,025
07/11/2020,0.15904426442542993,025
07/12/2019,0.1558918083134763,025
07/27/2020,0.1558263048228897,025
07/28/2019,0.15494508146492683,025
08/12/2020,0.1613758188901256,025
08/13/2019,0.14868579393735834,025
08/28/2020,0.15405503954822078,025
08/29/2019,0.1462671199263879,025
09/13/2020,0.15705268419104038,025
09/14/2019,0.15495900022650846,025
09/29/2020,0.1597178283449501,025
09/30/2019,0.1581699529538392,025
10/15/2020,0.1601232843666739,025
10/16/2019,0.16171940915966543,025
10/31/2020,0.16964264450867053,025
11/01/2019,0.16896532336630696,025
11/16/2020,0.17530852150113166,025
11/17/2019,0.18595133007654122,025
12/02/2020,0.17000671250048968,025
12/03/2019,0.20445709325119016,025
12/18/2020,0.17310021978021978,025
12/19/2019,0.18885730131731326,025
01/01/2019,0.1289533383389728,027
01/01/2020,0.13305236964501618,027
01/01/2021,0.1438364075617564,027
01/17/2019,0.11495670411756947,027
01/17/2020,0.1438502943008096,027
02/02/2019,0.1138641706394871,027
02/02/2020,0.14651824990594184,027
02/18/2019,0.11398699695529768,027
02/18/2020,0.14499339015760696,027
03/05/2020,0.15626440642450787,027
03/06/2019,0.12981882396594152,027
03/21/2020,0.1566384838449678,027
03/22/2019,0.14830213757649038,027
04/06/2020,0.4948121228284381,027
04/07/2019,0.15925709582188344,027
04/22/2020,0.1808935236431492,027
04/23/2019,0.16586986099604165,027
05/08/2020,0.17306527084832338,027
05/09/2019,0.16677838348104226,027
05/24/2020,0.16350623254109994,027
05/25/2019,0.16787487963173822,027
06/09/2020,0.155726126106211,027
06/10/2019,0.1568382146053479,027
06/25/2020,0.15166166993827482,027
06/26/2019,0.15556732288248878,027
07/11/2020,0.1491120263493665,027
07/12/2019,0.15338929355387235,027
07/27/2020,0.14726337795189903,027
07/28/2019,0.15048648956695995,027
08/12/2020,0.14718532447300522,027
08/13/2019,0.1483317880166164,027
08/28/2020,0.1505745266935846,027
08/29/2019,0.1509160212536693,027
09/13/2020,0.14818054974213324,027
09/14/2019,0.14922484941235006,027
09/29/2020,0.15079519435250474,027
09/30/2019,0.15007034652942333,027
10/15/2020,0.15087777769006075,027
10/16/2019,0.15051041660377365,027
10/31/2020,0.15218469059664835,027
11/01/2019,0.15183152255816143,027
11/16/2020,0.15207706750461186,027
11/17/2019,0.15617210464179887,027
12/02/2020,0.156168392280164,027
12/03/2019,0.12937839948300933,027
12/18/2020,0.1493857395252838,027
12/19/2019,0.1427456656384056,027
01/01/2019,0.34070831640775096,029
01/01/2020,0.3886353655970061,029
01/01/2021,0.2860880317783268,029
01/17/2019,0.37336883592532866,029
01/17/2020,0.4198384464334243,029
02/02/2019,0.40667663725638964,029
02/02/2020,0.4000579855868222,029
02/18/2019,0.4029105298367674,029
02/18/2020,0.37579159134437684,029
03/05/2020,0.3817735747977526,029
03/06/2019,0.45053329500008593,029
03/21/2020,0.3916723627249943,029
03/22/2019,0.4505160895144791,029
04/06/2020,0.4948121228284381,029
04/07/2019,0.39812581630512317,029
04/22/2020,0.40577585862453597,029
04/23/2019,0.36776323711838027,029
05/08/2020,0.3551421699224133,029
05/09/2019,0.3331870892932713,029
05/24/2020,0.3316419918617837,029
05/25/2019,0.32130715475040805,029
06/09/2020,0.31043003391408436,029
06/10/2019,0.3099761970269211,029
06/25/2020,0.3016641822756967,029
06/26/2019,0.3080914342131574,029
07/11/2020,0.2953318094301408,029
07/12/2019,0.30248859548539914,029
07/27/2020,0.2893431348885986,029
07/28/2019,0.29439753818478603,029
08/12/2020,0.2836962139514453,029
08/13/2019,0.28659511328557286,029
08/28/2020,0.28227375534501553,029
08/29/2019,0.2836770245840866,029
09/13/2020,0.28293048206268584,029
09/14/2019,0.28372779632442535,029
09/29/2020,0.28251578938507516,029
09/30/2019,0.2796267823138343,029
10/15/2020,0.27831006464453867,029
10/16/2019,0.27507529347598064,029
10/31/2020,0.2908507746051033,029
11/01/2019,0.2645855157068284,029
11/16/2020,0.2886144609698937,029
11/17/2019,0.29679658783173857,029
12/02/2020,0.2783071591682279,029
12/03/2019,0.3352760714352292,029
12/18/2020,0.28367753679099705,029
12/19/2019,0.38273440127468816,029
01/01/2019,0.41068173154146814,031
01/01/2020,0.4714541340840372,031
01/01/2021,0.2854100833787891,031
01/17/2019,0.4947587984967393,031
01/17/2020,0.5004472991059479,031
02/02/2019,0.5453224683076013,031
02/02/2020,0.4729601396070321,031
02/18/2019,0.533917633241113,031
02/18/2020,0.42900317872202404,031
03/05/2020,0.4295667223983857,031
03/06/2019,0.558242792769462,031
03/21/2020,0.42022061703695907,031
03/22/2019,0.5322248421411911,031
04/06/2020,0.4948121228284381,031
04/07/2019,0.42026193241551946,031
04/22/2020,0.38652076995491264,031
04/23/2019,0.3542141720932545,031
05/08/2020,0.3294666153846154,031
05/09/2019,0.33400864375166534,031
05/24/2020,0.32340938751587384,031
05/25/2019,0.3536260032497907,031
06/09/2020,0.3516205650267901,031
06/10/2019,0.36763429088773614,031
06/25/2020,0.3781219469627188,031
06/26/2019,0.39174447105983573,031
07/11/2020,0.39032574040752815,031
07/12/2019,0.40853732435884843,031
07/27/2020,0.38993761266747873,031
07/28/2019,0.4015909059928922,031
08/12/2020,0.3642179165676254,031
08/13/2019,0.38382483345489915,031
08/28/2020,0.34087270300075456,031
08/29/2019,0.36957511479780775,031
09/13/2020,0.32461868354430373,031
09/14/2019,0.34747264368971065,031
09/29/2020,0.3037473141289438,031
09/30/2019,0.3157532976368223,031
10/15/2020,0.2721802661381653,031
10/16/2019,0.27796141301403265,031
10/31/2020,0.26578669869311433,031
11/01/2019,0.2551023253130229,031
11/16/2020,0.2633485408443966,031
11/17/2019,0.2880766884100942,031
12/02/2020,0.2613307676644268,031
12/03/2019,0.3753134138837613,031
12/18/2020,0.2734880818729464,031
12/19/2019,0.4334116549881534,031
01/01/2019,0.49354792808482306,033
01/01/2020,0.5430204163454125,033
01/01/2021,0.5344928620624882,033
01/17/2019,0.510729619635722,033
01/17/2020,0.5352027883331623,033
02/02/2019,0.5234301306769495,033
02/02/2020,0.5523746274708565,033
02/18/2019,0.4992287475345168,033
02/18/2020,0.5343573326648282,033
03/05/2020,0.5544070847967888,033
03/06/2019,0.48661605055793544,033
03/21/2020,0.563458423884922,033
03/22/2019,0.484724343953772,033
04/06/2020,0.4948121228284381,033
04/07/2019,0.5290972157301087,033
04/22/2020,0.5728303693167885,033
04/23/2019,0.5259868109553762,033
05/08/2020,0.5671787237171004,033
05/09/2019,0.5278252993414488,033
05/24/2020,0.5814560510495713,033
05/25/2019,0.5464638433243861,033
06/09/2020,0.5405320358700921,033
06/10/2019,0.5362078138847858,033
06/25/2020,0.5143879992245056,033
06/26/2019,0.5041295938485805,033
07/11/2020,0.4988977690479655,033
07/12/2019,0.4874934769746574,033
07/27/2020,0.49772741016109046,033
07/28/2019,0.47909975869201227,033
08/12/2020,0.5039828746025438,033
08/13/2019,0.4853115056536402,033
08/28/2020,0.5192842153917264,033
08/29/2019,0.48240886699507396,033
09/13/2020,0.4792867758373325,033
09/14/2019,0.49284216557416854,033
09/29/2020,0.48541925715405726,033
09/30/2019,0.49564467904984816,033
10/15/2020,0.4854896703841388,033
10/16/2019,0.4911199410117977,033
10/31/2020,0.4855854219693567,033
11/01/2019,0.48047011310977134,033
11/16/2020,0.4965476133172884,033
11/17/2019,0.46854819013726484,033
12/02/2020,0.5191193139074176,033
12/03/2019,0.5284036424753403,033
12/18/2020,0.5113028364082385,033
12/19/2019,0.5605224688656141,033
01/01/2019,0.2643461972690518,035
01/01/2020,0.3219699782237655,035
01/01/2021,0.23835021655248445,035
01/17/2019,0.24456772514931108,035
01/17/2020,0.2924923671199011,035
02/02/2019,0.2673095238095238,035
02/02/2020,0.35008997008973086,035
02/18/2019,0.16506600414078676,035
02/18/2020,0.3421545872370515,035
03/05/2020,0.34775389349075364,035
03/06/2019,0.23320597132091275,035
03/21/2020,0.3000001212121212,035
03/22/2019,0.26712788813807703,035
04/06/2020,0.3700660786676893,035
04/07/2019,0.3359622590004963,035
04/22/2020,0.406667271427786,035
04/23/2019,0.37896439398381615,035
05/08/2020,0.42975651767551815,035
05/09/2019,0.3912049571103461,035
05/24/2020,0.4210192625288605,035
05/25/2019,0.43432100726270273,035
06/09/2020,0.3916869331367571,035
06/10/2019,0.44912210527745333,035
06/25/2020,0.3797161923228159,035
06/26/2019,0.4159574265429022,035
07/11/2020,0.3658976391622923,035
07/12/2019,0.39871395580975,035
07/27/2020,0.36076748405677844,035
07/28/2019,0.39101744081187667,035
08/12/2020,0.3683111916982816,035
08/13/2019,0.3824444612435541,035
08/28/2020,0.35427839153817586,035
08/29/2019,0.3995339492695024,035
09/13/2020,0.34866341324991007,035
09/14/2019,0.3935111974969186,035
09/29/2020,0.3536607882237271,035
09/30/2019,0.4032989746268247,035
10/15/2020,0.357362219749423,035
10/16/2019,0.4065193283458481,035
10/31/2020,0.35436941205897476,035
11/01/2019,0.39846182635977456,035
11/16/2020,0.3067448156953458,035
11/17/2019,0.39255700157435236,035
12/02/2020,0.33051385352981627,035
12/03/2019,0.3451159242811645,035
12/18/2020,0.22528617886178864,035
12/19/2019,0.3309221295313211,035
01/01/2019,0.36697846093798153,037
01/01/2020,0.39196221700223716,037
01/01/2021,0.33451324761220985,037
01/17/2019,0.3802694190078237,037
01/17/2020,0.41868502404052543,037
02/02/2019,0.42381580019925735,037
02/02/2020,0.4033208978786384,037
02/18/2019,0.405852891795071,037
02/18/2020,0.4217416587962565,037
03/05/2020,0.38603590046460357,037
03/06/2019,0.4531496989101396,037
03/21/2020,0.4465979739176274,037
03/22/2019,0.45558599991527937,037
04/06/2020,0.4948121228284381,037
04/07/2019,0.4315574141251288,037
04/22/2020,0.44486802029454736,037
04/23/2019,0.421385924668435,037
05/08/2020,0.4205357278316141,037
05/09/2019,0.39352895000477056,037
05/24/2020,0.39897906348400203,037
05/25/2019,0.3818177194666667,037
06/09/2020,0.37209637748937996,037
06/10/2019,0.36228108351331895,037
06/25/2020,0.3628941960752481,037
06/26/2019,0.3554569773006263,037
07/11/2020,0.344416211560671,037
07/12/2019,0.34208879197036685,037
07/27/2020,0.3371623529411765,037
07/28/2019,0.3361662679707754,037
08/12/2020,0.34129520401309715,037
08/13/2019,0.328001588275915,037
08/28/2020,0.3241926622801955,037
08/29/2019,0.3283436277802299,037
09/13/2020,0.3211646108225367,037
09/14/2019,0.3331462008666048,037
09/29/2020,0.3162869352151328,037
09/30/2019,0.3313209641362707,037
10/15/2020,0.3263638243402915,037
10/16/2019,0.32818617175856934,037
10/31/2020,0.33790552789330836,037
11/01/2019,0.3313348240722938,037
11/16/2020,0.33091677278231324,037
11/17/2019,0.3459028139337968,037
12/02/2020,0.3296252070189274,037
12/03/2019,0.3777581893101013,037
12/18/2020,0.3336902193384022,037
12/19/2019,0.39385465225144894,037
01/01/2019,0.5331644588953115,039
01/01/2020,0.5232991753710831,039
01/01/2021,0.4545609767461561,039
01/17/2019,0.5653683934343647,039
01/17/2020,0.5501578682624345,039
02/02/2019,0.590202889992161,039
02/02/2020,0.5486931733733892,039
02/18/2019,0.5667338039254268,039
02/18/2020,0.5466481674978233,039
03/05/2020,0.5554447696926602,039
03/06/2019,0.5998171194190426,039
03/21/2020,0.5981172696337422,039
03/22/2019,0.6227902833661502,039
04/06/2020,0.4948121228284381,039
04/07/2019,0.6061148952772074,039
04/22/2020,0.5606923062696505,039
04/23/2019,0.5608670103092784,039
05/08/2020,0.4904030234208659,039
05/09/2019,0.4838277597986336,039
05/24/2020,0.48575135625727794,039
05/25/2019,0.5155632167409534,039
06/09/2020,0.4747311068385986,039
06/10/2019,0.5084611346316681,039
06/25/2020,0.4598372284955696,039
06/26/2019,0.4922727080274525,039
07/11/2020,0.4601846553758811,039
07/12/2019,0.4887505285483437,039
07/27/2020,0.45155509561094304,039
07/28/2019,0.4839029271303727,039
08/12/2020,0.44513639776665387,039
08/13/2019,0.4693195630617663,039
08/28/2020,0.4331848205809759,039
08/29/2019,0.45692449754708025,039
09/13/2020,0.3767928612605688,039
09/14/2019,0.4501591486396605,039
09/29/2020,0.396407912145087,039
09/30/2019,0.43317883760255527,039
10/15/2020,0.3812948396663578,039
10/16/2019,0.4279575309742969,039
10/31/2020,0.42073342489464177,039
11/01/2019,0.411810596005258,039
11/16/2020,0.43340482933914315,039
11/17/2019,0.4810642193889824,039
12/02/2020,0.42122269748189034,039
12/03/2019,0.467645599340931,039
12/18/2020,0.44646528331272045,039
12/19/2019,0.5113439740950421,039
01/01/2019,0.6921754174120454,041
01/01/2020,0.6681435046539862,041
01/01/2021,0.6641422500363849,041
01/17/2019,0.6994940639269406,041
01/17/2020,0.6734674266083699,041
02/02/2019,0.6889230008244023,041
02/02/2020,0.6964867158671586,041
02/18/2019,0.6878312036273702,041
02/18/2020,0.7013520464881253,041
03/05/2020,0.7075700999333778,041
03/06/2019,0.7013499293149981,041
03/21/2020,0.7415383241397425,041
03/22/2019,0.7234899335106383,041
04/06/2020,0.4948121228284381,041
04/07/2019,0.739288449306704,041
04/22/2020,0.7269426900584796,041
04/23/2019,0.7447115404837014,041
05/08/2020,0.6924817521090202,041
05/09/2019,0.7321400169563375,041
05/24/2020,0.673410943825911,041
05/25/2019,0.7172977507277057,041
06/09/2020,0.6113082995438419,041
06/10/2019,0.665685246124558,041
06/25/2020,0.5765609693877551,041
06/26/2019,0.628273697078883,041
07/11/2020,0.5713977104201899,041
07/12/2019,0.6048317155903459,041
07/27/2020,0.5570778598264025,041
07/28/2019,0.5913300275121185,041
08/12/2020,0.5537882345259859,041
08/13/2019,0.576851796031148,041
08/28/2020,0.5410787656135195,041
08/29/2019,0.5744982020764751,041
09/13/2020,0.5274191837260203,041
09/14/2019,0.5781646278276255,041
09/29/2020,0.5436511232307494,041
09/30/2019,0.5728784353312303,041
10/15/2020,0.5380168014148561,041
10/16/2019,0.5589326407253495,041
10/31/2020,0.5377895099540582,041
11/01/2019,0.5578907254361799,041
11/16/2020,0.5533070132544075,041
11/17/2019,0.5441878507112097,041
12/02/2020,0.5997472430582972,041
12/03/2019,0.6300232978293111,041
12/18/2020,0.6153934991446244,041
12/19/2019,0.6750169004585919,041
01/01/2019,0.5499953064257947,043
01/01/2020,0.5642351598173515,043
01/01/2021,0.5188416589914806,043
01/17/2019,0.5648447609596638,043
01/17/2020,0.6151306242096793,043
02/02/2019,0.6265569848661235,043
02/02/2020,0.5962606161163653,043
02/18/2019,0.5957330517969491,043
02/18/2020,0.6059533399036356,043
03/05/2020,0.6002812190094157,043
03/06/2019,0.6033717977458124,043
03/21/2020,0.638660352795678,043
03/22/2019,0.6315342832940039,043
04/06/2020,0.4948121228284381,043
04/07/2019,0.6381548446384471,043
04/22/2020,0.6018466279129585,043
04/23/2019,0.5912106068218611,043
05/08/2020,0.5193877097483021,043
05/09/2019,0.5077827648876234,043
05/24/2020,0.5124327228032969,043
05/25/2019,0.5090607103796677,043
06/09/2020,0.4810413857503035,043
06/10/2019,0.5008840607210626,043
06/25/2020,0.45823096146855685,043
06/26/2019,0.47898656651740573,043
07/11/2020,0.45197801087801087,043
07/12/2019,0.47489612660995206,043
07/27/2020,0.44441809454808917,043
07/28/2019,0.46288613034903453,043
08/12/2020,0.44741434622987863,043
08/13/2019,0.45588856673960615,043
08/28/2020,0.4405692487167523,043
08/29/2019,0.4560676371423365,043
09/13/2020,0.4423865178829654,043
09/14/2019,0.46352435531384545,043
09/29/2020,0.4416611487112925,043
09/30/2019,0.45186281918018717,043
10/15/2020,0.4390772132933806,043
10/16/2019,0.44733461832920507,043
10/31/2020,0.46382741662518673,043
11/01/2019,0.4375934754142774,043
11/16/2020,0.5119172184540999,043
11/17/2019,0.512484731489279,043
12/02/2020,0.5123560512634506,043
12/03/2019,0.5175207647997779,043
12/18/2020,0.5115091937937328,043
12/19/2019,0.5412736216474524,043
01/01/2019,0.7543451674773598,045
01/01/2020,0.7627184903509807,045
01/01/2021,0.7767777557351032,045
01/17/2019,0.7756473239436621,045
01/17/2020,0.7474723671129725,045
02/02/2019,0.7965445375372064,045
02/02/2020,0.7673695339022789,045
02/18/2019,0.7666317089568965,045
02/18/2020,0.7552735989898616,045
03/05/2020,0.7573602250815783,045
03/06/2019,0.7528958420120302,045
03/21/2020,0.7639643392325348,045
03/22/2019,0.7437176979427998,045
04/06/2020,0.4948121228284381,045
04/07/2019,0.7683876776534625,045
04/22/2020,0.7765846322378716,045
04/23/2019,0.7680065669036965,045
05/08/2020,0.7760181787877104,045
05/09/2019,0.7743301456485824,045
05/24/2020,0.7765658911155768,045
05/25/2019,0.7611466766092209,045
06/09/2020,0.7578048647357201,045
06/10/2019,0.7616627861081908,045
06/25/2020,0.7446612066115702,045
06/26/2019,0.737638634359615,045
07/11/2020,0.7402443167541203,045
07/12/2019,0.7317816075467536,045
07/27/2020,0.7379956130980884,045
07/28/2019,0.7344292446419717,045
08/12/2020,0.7358142238134581,045
08/13/2019,0.7410278254794168,045
08/28/2020,0.7424724792688452,045
08/29/2019,0.7422540306731564,045
09/13/2020,0.6963714626038783,045
09/14/2019,0.7425152118371474,045
09/29/2020,0.7033376806251844,045
09/30/2019,0.7416416466180604,045
10/15/2020,0.7047198123427774,045
10/16/2019,0.7355629727190672,045
10/31/2020,0.7028642695179278,045
11/01/2019,0.7240843061247093,045
11/16/2020,0.71642350079521,045
11/17/2019,0.7192258614253182,045
12/02/2020,0.7375028307053159,045
12/03/2019,0.7533309063171764,045
12/18/2020,0.7528927058099744,045
12/19/2019,0.7782300578593959,045
01/01/2019,0.499722841062118,047
01/01/2020,0.5098661109209175,047
01/01/2021,0.41772769489799916,047
01/17/2019,0.5580924281279526,047
01/17/2020,0.5852621994521661,047
02/02/2019,0.6189838297437296,047
02/02/2020,0.5672588869863014,047
02/18/2019,0.5860041392635529,047
02/18/2020,0.5719326788218794,047
03/05/2020,0.5597872112543648,047
03/06/2019,0.6357665845094199,047
03/21/2020,0.6023965555971547,047
03/22/2019,0.6540012849761794,047
04/06/2020,0.4948121228284381,047
04/07/2019,0.637294422537094,047
04/22/2020,0.4809001471867265,047
04/23/2019,0.4917436725146199,047
05/08/2020,0.4020863768697922,047
05/09/2019,0.40005557080682963,047
05/24/2020,0.38511747107160826,047
05/25/2019,0.40657486518171165,047
06/09/2020,0.39178565250913483,047
06/10/2019,0.41282633715858,047
06/25/2020,0.40889286384661794,047
06/26/2019,0.42340450709884814,047
07/11/2020,0.41901588973103493,047
07/12/2019,0.43299652345579875,047
07/27/2020,0.4202068200107297,047
07/28/2019,0.43775827309236953,047
08/12/2020,0.39544004161213464,047
08/13/2019,0.424137888717983,047
08/28/2020,0.3847553307499743,047
08/29/2019,0.4066756422263848,047
09/13/2020,0.3436901383850598,047
09/14/2019,0.3839899128394234,047
09/29/2020,0.32698656276185695,047
09/30/2019,0.3509647663363685,047
10/15/2020,0.32103641917293235,047
10/16/2019,0.3240930380855611,047
10/31/2020,0.32988352827519585,047
11/01/2019,0.3056957964902735,047
11/16/2020,0.3564915870893812,047
11/17/2019,0.3203738569965665,047
12/02/2020,0.36217677481089955,047
12/03/2019,0.4244205277550876,047
12/18/2020,0.39396055425006077,047
12/19/2019,0.48982752044521366,047
01/01/2019,0.3042842431405117,049
01/01/2020,0.3805091961156542,049
01/01/2021,0.38545711442786074,049
01/17/2019,0.3464055614469188,049
01/17/2020,0.3140523501708376,049
02/02/2019,0.30827671232876713,049
02/02/2020,0.3544636397374795,049
02/18/2019,0.15855227272727274,049
02/18/2020,0.3372881514177248,049
03/05/2020,0.3494212217620817,049
03/06/2019,0.24950411693303665,049
03/21/2020,0.34126005231846757,049
03/22/2019,0.29189342089900755,049
04/06/2020,0.37872955474628095,049
04/07/2019,0.3655014444362456,049
04/22/2020,0.4193084386029353,049
04/23/2019,0.4029926404131698,049
05/08/2020,0.45510540060202387,049
05/09/2019,0.40146301570537934,049
05/24/2020,0.4422403571709543,049
05/25/2019,0.4322765677771259,049
06/09/2020,0.4201617602869933,049
06/10/2019,0.44915467412873616,049
06/25/2020,0.3877827027935179,049
06/26/2019,0.41410477457708894,049
07/11/2020,0.36631020598677766,049
07/12/2019,0.39245027110165154,049
07/27/2020,0.36024061545109415,049
07/28/2019,0.3788792335625435,049
08/12/2020,0.35952602213975327,049
08/13/2019,0.37186519135483487,049
08/28/2020,0.3507543338042877,049
08/29/2019,0.38183242096264525,049
09/13/2020,0.35224312579415507,049
09/14/2019,0.37846395917303954,049
09/29/2020,0.3509564539787312,049
09/30/2019,0.3830562628143928,049
10/15/2020,0.35542965753747896,049
10/16/2019,0.3908645805992569,049
10/31/2020,0.34600308852062733,049
11/01/2019,0.37839058153733934,049
11/16/2020,0.342961352710394,049
11/17/2019,0.37472702352540066,049
12/02/2020,0.3556128110501898,049
12/03/2019,0.35854639277510963,049
12/18/2020,0.28705778188242853,049
12/19/2019,0.3621951762157905,049
01/01/2019,0.1721963311849281,051
01/01/2020,0.1910840426752323,051
01/01/2021,0.20867605424177277,051
01/17/2019,0.15065108359133125,051
01/17/2020,0.20421076755748913,051
02/02/2019,0.12583455445544556,051
02/02/2020,0.2169136310484994,051
02/18/2019,0.11706495271867613,051
02/18/2020,0.2164837669883292,051
03/05/2020,0.22752274141738604,051
03/06/2019,0.14185386847195358,051
03/21/2020,0.22250034788929854,051
03/22/2019,0.1642967551093582,051
04/06/2020,0.4948121228284381,051
04/07/2019,0.20898411614005125,051
04/22/2020,0.26952846410116943,051
04/23/2019,0.24701161319475826,051
05/08/2020,0.28907170401408877,051
05/09/2019,0.28292000291942393,051
05/24/2020,0.3072948780691266,051
05/25/2019,0.32458971911855994,051
06/09/2020,0.29968238931798674,051
06/10/2019,0.3294047736927356,051
06/25/2020,0.29175134667134667,051
06/26/2019,0.33344817119155357,051
07/11/2020,0.29508902520051256,051
07/12/2019,0.34017704583602326,051
07/27/2020,0.2856476782374675,051
07/28/2019,0.32831227261021234,051
08/12/2020,0.28990827960468996,051
08/13/2019,0.3167621140472879,051
08/28/2020,0.2740987973693893,051
08/29/2019,0.31550990778617494,051
09/13/2020,0.27504344232934197,051
09/14/2019,0.3065388773242896,051
09/29/2020,0.2804615234375,051
09/30/2019,0.28973736922155136,051
10/15/2020,0.2719630765186637,051
10/16/2019,0.2835932767534429,051
10/31/2020,0.27362812302400286,051
11/01/2019,0.28512086244110757,051
11/16/2020,0.25403399490363565,051
11/17/2019,0.3004944455589548,051
12/02/2020,0.2572231885038039,051
12/03/2019,0.1880435942711399,051
12/18/2020,0.20673200759573795,051
12/19/2019,0.19520300727032389,051
01/01/2019,0.5448669198995371,053
01/01/2020,0.5635472535865415,053
01/01/2021,0.43209367851696534,053
01/17/2019,0.5917538040571124,053
01/17/2020,0.6058157045946396,053
02/02/2019,0.6241850327966607,053
02/02/2020,0.5875348721924152,053
02/18/2019,0.59394768365752,053
02/18/2020,0.5821834564223927,053
03/05/2020,0.5869731614176606,053
03/06/2019,0.6264471222431746,053
03/21/2020,0.6106076239274029,053
03/22/2019,0.6563390567005025,053
04/06/2020,0.4948121228284381,053
04/07/2019,0.6601967739299214,053
04/22/2020,0.6052804022859932,053
04/23/2019,0.5968169922512234,053
05/08/2020,0.5144992113596896,053
05/09/2019,0.5306082829007023,053
05/24/2020,0.48823817191184843,053
05/25/2019,0.5004659417618872,053
06/09/2020,0.46195314161184553,053
06/10/2019,0.4819448334335022,053
06/25/2020,0.45112927097998407,053
06/26/2019,0.4628080899245159,053
07/11/2020,0.43832235020671784,053
07/12/2019,0.4608758939857289,053
07/27/2020,0.4373306551681351,053
07/28/2019,0.45352812754354555,053
08/12/2020,0.4352029161654291,053
08/13/2019,0.45024189823755406,053
08/28/2020,0.42154594169132925,053
08/29/2019,0.4528483669158271,053
09/13/2020,0.4087981156648081,053
09/14/2019,0.44850230544035136,053
09/29/2020,0.4033413392893566,053
09/30/2019,0.45407352445193927,053
10/15/2020,0.4023378757678071,053
10/16/2019,0.44415060637455056,053
10/31/2020,0.4061053062468258,053
11/01/2019,0.4368804212454213,053
11/16/2020,0.4134756345630548,053
11/17/2019,0.44950648488068795,053
12/02/2020,0.40862393745820175,053
12/03/2019,0.503706891877802,053
12/18/2020,0.4311042909108314,053
12/19/2019,0.5563973212254102,053
01/01/2019,0.5814312838427947,055
01/01/2020,0.5971110978316544,055
01/01/2021,0.501629892310281,055
01/17/2019,0.6070496404095101,055
01/17/2020,0.5963321615683623,055
02/02/2019,0.6090279366438357,055
02/02/2020,0.6251823529411765,055
02/18/2019,0.6046491978145868,055
02/18/2020,0.6130312935323383,055
03/05/2020,0.6132897361673972,055
03/06/2019,0.6223550872460593,055
03/21/2020,0.6353617360422862,055
03/22/2019,0.6353316328331863,055
04/06/2020,0.4948121228284381,055
04/07/2019,0.6734756054785369,055
04/22/2020,0.595778705688376,055
04/23/2019,0.6476849892898336,055
05/08/2020,0.5782083680266444,055
05/09/2019,0.6024626668864348,055
05/24/2020,0.567834521435693,055
05/25/2019,0.5962705038371705,055
06/09/2020,0.5221680133000831,055
06/10/2019,0.5786342812267504,055
06/25/2020,0.5081299766783275,055
06/26/2019,0.542582676971142,055
07/11/2020,0.49723283780416916,055
07/12/2019,0.5296849321865698,055
07/27/2020,0.48355956284153,055
07/28/2019,0.5167267239243538,055
08/12/2020,0.49318763061761967,055
08/13/2019,0.5135905683792504,055
08/28/2020,0.4954543362403101,055
08/29/2019,0.50794330423324,055
09/13/2020,0.4193356432333027,055
09/14/2019,0.5203180715935336,055
09/29/2020,0.4074424453781512,055
09/30/2019,0.5169189580917675,055
10/15/2020,0.4034537428667338,055
10/16/2019,0.5124019707724426,055
10/31/2020,0.40759594458438286,055
11/01/2019,0.4987536828752643,055
11/16/2020,0.41912021474467365,055
11/17/2019,0.4785663461538462,055
12/02/2020,0.4555908177056936,055
12/03/2019,0.5547271525423729,055
12/18/2020,0.4617686598812553,055
12/19/2019,0.5904772106520998,055
01/01/2019,0.6918781213597375,057
01/01/2020,0.701072297008547,057
01/01/2021,0.6790365388876579,057
01/17/2019,0.7056869874430493,057
01/17/2020,0.6430334346119763,057
02/02/2019,0.6076912271540471,057
02/02/2020,0.6842910756501183,057
02/18/2019,0.6163121499839074,057
02/18/2020,0.6662444434306569,057
03/05/2020,0.659508177527682,057
03/06/2019,0.6639753291836247,057
03/21/2020,0.6785678262028523,057
03/22/2019,0.6567231458554417,057
04/06/2020,0.4948121228284381,057
04/07/2019,0.6984446947437154,057
04/22/2020,0.6622835353285514,057
04/23/2019,0.7008123813997182,057
05/08/2020,0.6616100458751264,057
05/09/2019,0.6754921897546898,057
05/24/2020,0.6667832987695286,057
05/25/2019,0.6795168815071889,057
06/09/2020,0.6338767816854678,057
06/10/2019,0.6841728962078863,057
06/25/2020,0.6338888947542065,057
06/26/2019,0.6510706788440568,057
07/11/2020,0.6287669086110196,057
07/12/2019,0.6491362315943766,057
07/27/2020,0.6277220521280106,057
07/28/2019,0.652920131969647,057
08/12/2020,0.6335377367205542,057
08/13/2019,0.6405753942593203,057
08/28/2020,0.6199948399868029,057
08/29/2019,0.6414243549983504,057
09/13/2020,0.609384896073903,057
09/14/2019,0.6589557769712966,057
09/29/2020,0.6081152688881557,057
09/30/2019,0.6554285516331244,057
10/15/2020,0.6171897525569121,057
10/16/2019,0.6527891059056417,057
10/31/2020,0.6106484592543716,057
11/01/2019,0.6479807258330585,057
11/16/2020,0.6510091878809608,057
11/17/2019,0.6379658193221244,057
12/02/2020,0.6764598325614536,057
12/03/2019,0.7112265510555794,057
12/18/2020,0.6966983252818036,057
12/19/2019,0.7014842631695933,057
01/01/2019,0.4475949396415071,059
01/01/2020,0.5025363315217392,059
01/01/2021,0.42024717417949076,059
01/17/2019,0.491228790238837,059
01/17/2020,0.5294572603478496,059
02/02/2019,0.5151586921049328,059
02/02/2020,0.514067024265645,059
02/18/2019,0.4994543036571851,059
02/18/2020,0.5425894516594517,059
03/05/2020,0.5274643191755154,059
03/06/2019,0.5412809101426919,059
03/21/2020,0.5462755850456621,059
03/22/2019,0.5388326291711518,059
04/06/2020,0.4948121228284381,059
04/07/2019,0.5352324097397145,059
04/22/2020,0.5175003858210754,059
04/23/2019,0.5290348446794448,059
05/08/2020,0.5081466862095335,059
05/09/2019,0.5213699536162172,059
05/24/2020,0.4859383790072389,059
05/25/2019,0.4979355968009657,059
06/09/2020,0.46945750574419204,059
06/10/2019,0.4801898221772445,059
06/25/2020,0.4315593487394958,059
06/26/2019,0.45584284949832776,059
07/11/2020,0.4339797481500714,059
07/12/2019,0.426867170518426,059
07/27/2020,0.41584465711601687,059
07/28/2019,0.4274796142894124,059
08/12/2020,0.4158999867144945,059
08/13/2019,0.40558581937528293,059
08/28/2020,0.4100790620433108,059
08/29/2019,0.40720766479914183,059
09/13/2020,0.4021833333333334,059
09/14/2019,0.39200918985637345,059
09/29/2020,0.4084760815822002,059
09/30/2019,0.4049081747305664,059
10/15/2020,0.41059470773098683,059
10/16/2019,0.39103860136869123,059
10/31/2020,0.4085794994857731,059
11/01/2019,0.40570628960899197,059
11/16/2020,0.4177799697847161,059
11/17/2019,0.41429163079866094,059
12/02/2020,0.417899141054892,059
12/03/2019,0.4654624282560707,059
12/18/2020,0.41827029350362277,059
12/19/2019,0.48453393003552886,059
01/01/2019,0.6268807754442649,061
01/01/2020,0.6414669337768371,061
01/01/2021,0.6543521142330724,061
01/17/2019,0.6375758552049543,061
01/17/2020,0.6426702234784913,061
02/02/2019,0.5777394668319902,061
02/02/2020,0.638606193937013,061
02/18/2019,0.5792472197309417,061
02/18/2020,0.6368881443943943,061
03/05/2020,0.6408777973790324,061
03/06/2019,0.6278651923890064,061
03/21/2020,0.6433051582761251,061
03/22/2019,0.6340343671835919,061
04/06/2020,0.4948121228284381,061
04/07/2019,0.6669360348488176,061
04/22/2020,0.6191660069327967,061
04/23/2019,0.651092397698623,061
05/08/2020,0.6009649641980873,061
05/09/2019,0.6135548793014896,061
05/24/2020,0.620548134816754,061
05/25/2019,0.6152651586728173,061
06/09/2020,0.6022315033557047,061
06/10/2019,0.6232965954154174,061
06/25/2020,0.6074284333899973,061
06/26/2019,0.6148328604661771,061
07/11/2020,0.6077636135057471,061
07/12/2019,0.6189502969943281,061
07/27/2020,0.6004564215686276,061
07/28/2019,0.6215564169205952,061
08/12/2020,0.5996484895601955,061
08/13/2019,0.6154051726454387,061
08/28/2020,0.6154482651765304,061
08/29/2019,0.6064513573260236,061
09/13/2020,0.5830656671461967,061
09/14/2019,0.626067280630994,061
09/29/2020,0.5780877837595334,061
09/30/2019,0.6171319105964723,061
10/15/2020,0.5828313073188276,061
10/16/2019,0.6085219925403317,061
10/31/2020,0.5740310757330456,061
11/01/2019,0.5994665146841893,061
11/16/2020,0.59872189919937,061
11/17/2019,0.6361078248159941,061
12/02/2020,0.59520881328379,061
12/03/2019,0.6133676668618269,061
12/18/2020,0.607079252596168,061
12/19/2019,0.6295311902956786,061
01/01/2019,0.6263978975646791,063
01/01/2020,0.6157351812027081,063
01/01/2021,0.5614366830639494,063
01/17/2019,0.6926218452380952,063
01/17/2020,0.5155961318051575,063
02/02/2019,0.4948121228284381,063
02/02/2020,0.608007771643279,063
02/18/2019,0.6934386792452831,063
02/18/2020,0.586010101829031,063
03/05/2020,0.5752358662125691,063
03/06/2019,0.5533596089850249,063
03/21/2020,0.5314533658049208,063
03/22/2019,0.5435746914623838,063
04/06/2020,0.5559607339838778,063
04/07/2019,0.581747709747578,063
04/22/2020,0.5768431559280691,063
04/23/2019,0.5738339718364825,063
05/08/2020,0.6133184846045482,063
05/09/2019,0.5856988867406762,063
05/24/2020,0.6261556664308194,063
05/25/2019,0.6338476391994039,063
06/09/2020,0.6083819185577839,063
06/10/2019,0.6518730770192236,063
06/25/2020,0.6110331293876755,063
06/26/2019,0.6345873089879412,063
07/11/2020,0.6167206053778713,063
07/12/2019,0.6345133615963746,063
07/27/2020,0.6166488064050144,063
07/28/2019,0.6367672580605854,063
08/12/2020,0.6251342843847962,063
08/13/2019,0.63168293348937,063
08/28/2020,0.6047790438425856,063
08/29/2019,0.6430464063908035,063
09/13/2020,0.576734909369668,063
09/14/2019,0.6459080634951552,063
09/29/2020,0.5822645046852446,063
09/30/2019,0.6400504,063
10/15/2020,0.5877442302045612,063
10/16/2019,0.6339882032889279,063
10/31/2020,0.5836615871851308,063
11/01/2019,0.6436431591796875,063
11/16/2020,0.6043979179564042,063
11/17/2019,0.6343285852329039,063
12/02/2020,0.623273430470691,063
12/03/2019,0.6465011080677292,063
12/18/2020,0.6850754886293793,063
12/19/2019,0.6259987131367292,063
01/01/2019,0.2540486892142016,065
01/01/2020,0.2547642900616376,065
01/01/2021,0.21422781410180955,065
01/17/2019,0.2813080930945312,065
01/17/2020,0.27571358282251734,065
02/02/2019,0.29348037334320787,065
02/02/2020,0.26916885009471336,065
02/18/2019,0.29092513059403385,065
02/18/2020,0.26993623239663045,065
03/05/2020,0.26035549493991145,065
03/06/2019,0.30668718492117014,065
03/21/2020,0.2716253952151492,065
03/22/2019,0.29394631309748526,065
04/06/2020,0.4948121228284381,065
04/07/2019,0.25943080163483756,065
04/22/2020,0.27076025880442506,065
04/23/2019,0.24404823049229318,065
05/08/2020,0.24359381131309027,065
05/09/2019,0.23518910308308355,065
05/24/2020,0.22910616847519802,065
05/25/2019,0.22152258031658076,065
06/09/2020,0.21862642413734693,065
06/10/2019,0.21382200536641605,065
06/25/2020,0.21124622851735406,065
06/26/2019,0.20961707235614235,065
07/11/2020,0.2048657499874542,065
07/12/2019,0.20802598927275925,065
07/27/2020,0.20293291404403033,065
07/28/2019,0.2082158014529355,065
08/12/2020,0.20610506894890726,065
08/13/2019,0.20237458116639187,065
08/28/2020,0.20222289381635836,065
08/29/2019,0.20661517944173685,065
09/13/2020,0.20444262417305467,065
09/14/2019,0.20836315239244071,065
09/29/2020,0.20657122911281628,065
09/30/2019,0.20878345255415456,065
10/15/2020,0.21175867638116982,065
10/16/2019,0.21167837104636777,065
10/31/2020,0.2159085292497759,065
11/01/2019,0.21393567312343578,065
11/16/2020,0.21609436271686888,065
11/17/2019,0.2221247968522795,065
12/02/2020,0.2171555662260588,065
12/03/2019,0.24254366797750243,065
12/18/2020,0.22046515969888994,065
12/19/2019,0.24429638634913886,065
01/01/2019,0.4699187593904272,067
01/01/2020,0.49319378421628907,067
01/01/2021,0.4329456870443073,067
01/17/2019,0.521068167645566,067
01/17/2020,0.5340449165956411,067
02/02/2019,0.560314951827609,067
02/02/2020,0.537456318441384,067
02/18/2019,0.5189480617208878,067
02/18/2020,0.5417058807787516,067
03/05/2020,0.5521464617873029,067
03/06/2019,0.5624704428144526,067
03/21/2020,0.577455030828647,067
03/22/2019,0.593069366941065,067
04/06/2020,0.4948121228284381,067
04/07/2019,0.6088475384302838,067
04/22/2020,0.5114757901726428,067
04/23/2019,0.5656537704259309,067
05/08/2020,0.43455677132461934,067
05/09/2019,0.4768635686485036,067
05/24/2020,0.40989181631435956,067
05/25/2019,0.45857388573337793,067
06/09/2020,0.39556732026143787,067
06/10/2019,0.43539330493810735,067
06/25/2020,0.39456972483176767,067
06/26/2019,0.4162328827933479,067
07/11/2020,0.3920335017618509,067
07/12/2019,0.4135487160772344,067
07/27/2020,0.3912808933333334,067
07/28/2019,0.4110143236779166,067
08/12/2020,0.38571574196236375,067
08/13/2019,0.4109727760482215,067
08/28/2020,0.3163698557327259,067
08/29/2019,0.40501052631578954,067
09/13/2020,0.35904050392847464,067
09/14/2019,0.40749578912466844,067
09/29/2020,0.35930563689604683,067
09/30/2019,0.38561505636070853,067
10/15/2020,0.3418481309032859,067
10/16/2019,0.36178805651274987,067
10/31/2020,0.33511490870175914,067
11/01/2019,0.3384355776482687,067
11/16/2020,0.34302839992989836,067
11/17/2019,0.34926805749372036,067
12/02/2020,0.3213155918428776,067
12/03/2019,0.4136136566293985,067
12/18/2020,0.35754075264888563,067
12/19/2019,0.4786551885771977,067
01/01/2019,0.5220783908487937,069
01/01/2020,0.5308046590854567,069
01/01/2021,0.36859163228543207,069
01/17/2019,0.5838758422389418,069
01/17/2020,0.6002256970393792,069
02/02/2019,0.6277155860953921,069
02/02/2020,0.5757618764674877,069
02/18/2019,0.5840136200543057,069
02/18/2020,0.5691562784458392,069
03/05/2020,0.5613237357898865,069
03/06/2019,0.6316902284811036,069
03/21/2020,0.5958312386156648,069
03/22/2019,0.6585276603900148,069
04/06/2020,0.4948121228284381,069
04/07/2019,0.6636516118216219,069
04/22/2020,0.5604256214973417,069
04/23/2019,0.5717183599176128,069
05/08/2020,0.44250110801995396,069
05/09/2019,0.4783742542340262,069
05/24/2020,0.3949906739474063,069
05/25/2019,0.42303366863055036,069
06/09/2020,0.3594874311443215,069
06/10/2019,0.39368417876131634,069
06/25/2020,0.34576369210135555,069
06/26/2019,0.36808524213249033,069
07/11/2020,0.3323809790678738,069
07/12/2019,0.36091263112516164,069
07/27/2020,0.3355614599798822,069
07/28/2019,0.3543210470853092,069
08/12/2020,0.33113875288018435,069
08/13/2019,0.34988017435455293,069
08/28/2020,0.3288045075684997,069
08/29/2019,0.3518367054653447,069
09/13/2020,0.32977137519758587,069
09/14/2019,0.350661929395986,069
09/29/2020,0.3310844230492887,069
09/30/2019,0.35209822771471,069
10/15/2020,0.3265041960051732,069
10/16/2019,0.34699238875317334,069
10/31/2020,0.33909659433826705,069
11/01/2019,0.3408289840494324,069
11/16/2020,0.3366981737438251,069
11/17/2019,0.3536857348443964,069
12/02/2020,0.3471032734754957,069
12/03/2019,0.45028304696449023,069
12/18/2020,0.36779817763516376,069
12/19/2019,0.5142449235048678,069
01/01/2019,0.15236774471969797,071
01/01/2020,0.1483405056353892,071
01/01/2021,0.1511083344301613,071
01/17/2019,0.15317658520862634,071
01/17/2020,0.16583756887781628,071
02/02/2019,0.16586545659347512,071
02/02/2020,0.1656042939106544,071
02/18/2019,0.16791651969969995,071
02/18/2020,0.1674121695137929,071
03/05/2020,0.16985274959617122,071
03/06/2019,0.20884890680931067,071
03/21/2020,0.18967897655842902,071
03/22/2019,0.20923766067157784,071
04/06/2020,0.4948121228284381,071
04/07/2019,0.17954177621461628,071
04/22/2020,0.1932140579612242,071
04/23/2019,0.16499903191522944,071
05/08/2020,0.17171127402876854,071
05/09/2019,0.15459617363753483,071
05/24/2020,0.16223969228350504,071
05/25/2019,0.14876316293769795,071
06/09/2020,0.15618508609187598,071
06/10/2019,0.14343837184386274,071
06/25/2020,0.15193497171559023,071
06/26/2019,0.14085701381135943,071
07/11/2020,0.14942424092677176,071
07/12/2019,0.13933960680496796,071
07/27/2020,0.14824610315206393,071
07/28/2019,0.1400263290261965,071
08/12/2020,0.14946072503030394,071
08/13/2019,0.13759090685552997,071
08/28/2020,0.14903687522155265,071
08/29/2019,0.13957428370233255,071
09/13/2020,0.14899769345838249,071
09/14/2019,0.1397738048901313,071
09/29/2020,0.14909614313347613,071
09/30/2019,0.14037028172086907,071
10/15/2020,0.15083555576638175,071
10/16/2019,0.14073656999414397,071
10/31/2020,0.15214741261734452,071
11/01/2019,0.14219883332969885,071
11/16/2020,0.1535569692727857,071
11/17/2019,0.1478422125589305,071
12/02/2020,0.15568692736155873,071
12/03/2019,0.14576150181777295,071
12/18/2020,0.15835224093146602,071
12/19/2019,0.14986818288910675,071
01/01/2019,0.3899032854101044,073
01/01/2020,0.4451194998683864,073
01/01/2021,0.3751539260533104,073
01/17/2019,0.4154577789336801,073
01/17/2020,0.45379027343750006,073
02/02/2019,0.4403673917655,073
02/02/2020,0.4495336542283829,073
02/18/2019,0.4449923736115316,073
02/18/2020,0.4581444096449862,073
03/05/2020,0.44193693463234096,073
03/06/2019,0.45280065964236693,073
03/21/2020,0.4555377851107808,073
03/22/2019,0.44617729965541236,073
04/06/2020,0.4948121228284381,073
04/07/2019,0.4328273812878681,073
04/22/2020,0.44377349373196784,073
04/23/2019,0.42781000017289383,073
05/08/2020,0.42216732462080175,073
05/09/2019,0.431359182229768,073
05/24/2020,0.39597124526499,073
05/25/2019,0.4009080201005025,073
06/09/2020,0.38267232576566645,073
06/10/2019,0.3868768553202536,073
06/25/2020,0.3666940999051105,073
06/26/2019,0.3665186122434878,073
07/11/2020,0.35487708187603434,073
07/12/2019,0.3566050830806755,073
07/27/2020,0.3461962064343163,073
07/28/2019,0.36198691378034603,073
08/12/2020,0.3489879836517168,073
08/13/2019,0.3434280812301521,073
08/28/2020,0.3443655461152267,073
08/29/2019,0.3471446504016166,073
09/13/2020,0.34058591208564953,073
09/14/2019,0.3480472988439019,073
09/29/2020,0.34365107343859597,073
09/30/2019,0.34928813258855407,073
10/15/2020,0.3544921221588959,073
10/16/2019,0.3496642125404271,073
10/31/2020,0.3623933268329399,073
11/01/2019,0.3554124785709387,073
11/16/2020,0.37031492071038064,073
11/17/2019,0.38074577455048414,073
12/02/2020,0.37887500043982336,073
12/03/2019,0.42766729227506933,073
12/18/2020,0.3870010669253152,073
12/19/2019,0.42652684351046427,073
01/01/2019,0.2741071428571429,075
01/01/2020,0.1939,075
01/01/2021,0.1513,075
01/17/2019,0.27049285714285715,075
01/17/2020,0.4948121228284381,075
02/02/2019,0.1971736842105263,075
02/02/2020,0.35847266666666666,075
02/18/2019,0.17871111111111115,075
02/18/2020,0.31237375565610864,075
03/05/2020,0.3846357142857143,075
03/06/2019,0.3164642424242424,075
03/21/2020,0.42275428571428575,075
03/22/2019,0.33584682779456193,075
04/06/2020,0.4948121228284381,075
04/07/2019,0.3345553086419753,075
04/22/2020,0.3106275,075
04/23/2019,0.3303296296296297,075
05/08/2020,0.3129184000000001,075
05/09/2019,0.2515833333333333,075
05/24/2020,0.21003103448275862,075
05/25/2019,0.25971818181818185,075
06/09/2020,0.3355259842519685,075
06/10/2019,0.1851875,075
06/25/2020,0.25209139784946244,075
06/26/2019,0.28275,075
07/11/2020,0.11233571428571432,075
07/12/2019,0.2654272580645161,075
07/27/2020,0.1518,075
07/28/2019,0.13343392857142858,075
08/12/2020,0.5320333333333334,075
08/13/2019,0.2752689440993789,075
08/28/2020,0.4948121228284381,075
08/29/2019,0.26607352941176476,075
09/13/2020,0.16422727272727275,075
09/14/2019,0.27776345454545454,075
09/29/2020,0.19089193548387104,075
09/30/2019,0.3217206896551725,075
10/15/2020,0.2410393501805054,075
10/16/2019,0.21637790697674422,075
10/31/2020,0.3107742857142857,075
11/01/2019,0.32186875000000004,075
11/16/2020,0.23839285714285716,075
11/17/2019,0.3186848484848485,075
12/02/2020,0.24895588235294117,075
12/03/2019,0.4607,075
12/18/2020,0.34513488372093026,075
12/19/2019,0.5020384615384615,075
01/01/2019,0.4784807851239669,077
01/01/2020,0.5060811895431321,077
01/01/2021,0.4108587370297282,077
01/17/2019,0.540494883294753,077
01/17/2020,0.5672137692747001,077
02/02/2019,0.5904912532831161,077
02/02/2020,0.537052895986591,077
02/18/2019,0.5490119471849998,077
02/18/2020,0.5223472496070868,077
03/05/2020,0.5225322385560104,077
03/06/2019,0.5979562672789467,077
03/21/2020,0.5470345968006756,077
03/22/2019,0.6098619753804402,077
04/06/2020,0.4948121228284381,077
04/07/2019,0.6108631671121763,077
04/22/2020,0.49970425286294795,077
04/23/2019,0.5397485491174568,077
05/08/2020,0.4708969373353406,077
05/09/2019,0.47462910543717857,077
05/24/2020,0.4686868731563421,077
05/25/2019,0.4852780225884096,077
06/09/2020,0.4688469814205625,077
06/10/2019,0.4967229410404625,077
06/25/2020,0.472462064682339,077
06/26/2019,0.49243695310332064,077
07/11/2020,0.47171679301631064,077
07/12/2019,0.49606852829149645,077
07/27/2020,0.47322259975205466,077
07/28/2019,0.49875249274962025,077
08/12/2020,0.4667145731223451,077
08/13/2019,0.48791100302835644,077
08/28/2020,0.4400575107556202,077
08/29/2019,0.4738506929784305,077
09/13/2020,0.4104461435925722,077
09/14/2019,0.4695366637546554,077
09/29/2020,0.39663293884693324,077
09/30/2019,0.4259491323110826,077
10/15/2020,0.37491148707589184,077
10/16/2019,0.39503185414033615,077
10/31/2020,0.3650789733875439,077
11/01/2019,0.36918666979142256,077
11/16/2020,0.3472539704653107,077
11/17/2019,0.35359107071514184,077
12/02/2020,0.33623895859473024,077
12/03/2019,0.42579689337514703,077
12/18/2020,0.3653101076095312,077
12/19/2019,0.4806316660216719,077
01/01/2019,0.5085755444588982,079
01/01/2020,0.5206218435592942,079
01/01/2021,0.3899985405564631,079
01/17/2019,0.5825023284237566,079
01/17/2020,0.5628588562084653,079
02/02/2019,0.6296480746525261,079
02/02/2020,0.5496913859301462,079
02/18/2019,0.5975859577467709,079
02/18/2020,0.5378592800644348,079
03/05/2020,0.5636998404661164,079
03/06/2019,0.6287620547184937,079
03/21/2020,0.5705845936794582,079
03/22/2019,0.6629442573340197,079
04/06/2020,0.4948121228284381,079
04/07/2019,0.6460840975007714,079
04/22/2020,0.5757150803435663,079
04/23/2019,0.5687229072981559,079
05/08/2020,0.4556080752947036,079
05/09/2019,0.46127636124671423,079
05/24/2020,0.41147031149212426,079
05/25/2019,0.42228567187727056,079
06/09/2020,0.3822226053877484,079
06/10/2019,0.3940158710355244,079
06/25/2020,0.36854842544317,079
06/26/2019,0.37697926444324464,079
07/11/2020,0.35637334636012136,079
07/12/2019,0.3714233560185379,079
07/27/2020,0.3494483983026168,079
07/28/2019,0.3615374727261393,079
08/12/2020,0.3580603241646207,079
08/13/2019,0.3612132321399109,079
08/28/2020,0.3504034416546657,079
08/29/2019,0.36035544857948126,079
09/13/2020,0.34442805834055373,079
09/14/2019,0.35370417550289274,079
09/29/2020,0.34874453357591806,079
09/30/2019,0.3552194341563786,079
10/15/2020,0.3475359969401257,079
10/16/2019,0.35254058963913926,079
10/31/2020,0.3517975045886696,079
11/01/2019,0.3431218854248178,079
11/16/2020,0.3690661157229588,079
11/17/2019,0.37040955544598136,079
12/02/2020,0.3534618915552213,079
12/03/2019,0.4367877413598997,079
12/18/2020,0.3776205999420092,079
12/19/2019,0.49419837267080746,079
01/01/2019,0.6967500917767989,081
01/01/2020,0.7004198398576512,081
01/01/2021,0.6666891691691692,081
01/17/2019,0.6857148814828018,081
01/17/2020,0.6833798199385157,081
02/02/2019,0.6200990451103062,081
02/02/2020,0.6811397892383841,081
02/18/2019,0.6775841305090536,081
02/18/2020,0.6713669165736162,081
03/05/2020,0.7115249697946033,081
03/06/2019,0.6786186653452264,081
03/21/2020,0.7402313689936537,081
03/22/2019,0.7052341348667015,081
04/06/2020,0.4948121228284381,081
04/07/2019,0.6950974258358187,081
04/22/2020,0.7097958126897874,081
04/23/2019,0.7256891123099559,081
05/08/2020,0.7056467087312415,081
05/09/2019,0.753018358974359,081
05/24/2020,0.7030778565539983,081
05/25/2019,0.7112148219273743,081
06/09/2020,0.6866066725978648,081
06/10/2019,0.7014338023276011,081
06/25/2020,0.6705073567595639,081
06/26/2019,0.7135397180922958,081
07/11/2020,0.6680811172586115,081
07/12/2019,0.659483668261563,081
07/27/2020,0.6864149597238205,081
07/28/2019,0.6862644991212654,081
08/12/2020,0.6555480611687603,081
08/13/2019,0.6425565155583636,081
08/28/2020,0.6338500192455735,081
08/29/2019,0.6549075225677031,081
09/13/2020,0.6088340969632392,081
09/14/2019,0.6393176470588235,081
09/29/2020,0.5966863583040055,081
09/30/2019,0.6347621111111111,081
10/15/2020,0.5832374513618677,081
10/16/2019,0.6311548863636365,081
10/31/2020,0.5981679655870445,081
11/01/2019,0.6567356230893725,081
11/16/2020,0.6132135135135135,081
11/17/2019,0.6550038738738739,081
12/02/2020,0.6368001826150474,081
12/03/2019,0.6875382676535308,081
12/18/2020,0.6401575356953992,081
12/19/2019,0.7169604003813156,081
01/01/2019,0.5566138178432555,083
01/01/2020,0.5560832013976089,083
01/01/2021,0.4559376180941369,083
01/17/2019,0.5749264087974615,083
01/17/2020,0.5700422426225871,083
02/02/2019,0.6184186075727475,083
02/02/2020,0.5766206321215409,083
02/18/2019,0.5787919455285229,083
02/18/2020,0.5663482053501393,083
03/05/2020,0.5991987994133496,083
03/06/2019,0.5932835150197091,083
03/21/2020,0.5859035562690467,083
03/22/2019,0.6199177222750101,083
04/06/2020,0.4948121228284381,083
04/07/2019,0.6053937160694897,083
04/22/2020,0.5823082012236573,083
04/23/2019,0.5920907842706503,083
05/08/2020,0.5347074037593368,083
05/09/2019,0.5415726454659076,083
05/24/2020,0.5035102158392369,083
05/25/2019,0.5231881381256744,083
06/09/2020,0.47336423154353163,083
06/10/2019,0.4753484129348294,083
06/25/2020,0.45889960297766746,083
06/26/2019,0.47561310098792536,083
07/11/2020,0.4426391152053397,083
07/12/2019,0.4739709831932773,083
07/27/2020,0.43670622828715155,083
07/28/2019,0.4498875414273089,083
08/12/2020,0.4317827123287671,083
08/13/2019,0.4462239877852605,083
08/28/2020,0.4227774201420902,083
08/29/2019,0.43987507748699567,083
09/13/2020,0.4204041071671427,083
09/14/2019,0.4355930781473389,083
09/29/2020,0.42828579909048825,083
09/30/2019,0.43461175123278817,083
10/15/2020,0.4265154181208235,083
10/16/2019,0.4327198619238964,083
10/31/2020,0.43468572241029113,083
11/01/2019,0.4277351810291215,083
11/16/2020,0.43416120783757234,083
11/17/2019,0.44238693518649835,083
12/02/2020,0.4301461393442624,083
12/03/2019,0.49575552464671196,083
12/18/2020,0.43875451858108105,083
12/19/2019,0.5426965153650973,083
01/01/2019,0.5807481491930934,085
01/01/2020,0.6117505406782541,085
01/01/2021,0.48069510447102926,085
01/17/2019,0.621910869191543,085
01/17/2020,0.6378003176125128,085
02/02/2019,0.6199106098944246,085
02/02/2020,0.6311375305291722,085
02/18/2019,0.5937826806713096,085
02/18/2020,0.6172924687107177,085
03/05/2020,0.6065052471317491,085
03/06/2019,0.6309311231764834,085
03/21/2020,0.6557039472154401,085
03/22/2019,0.6652663360456139,085
04/06/2020,0.4948121228284381,085
04/07/2019,0.6699665318393004,085
04/22/2020,0.6384981369531766,085
04/23/2019,0.6544574669504818,085
05/08/2020,0.5729957956301037,085
05/09/2019,0.5978803440640438,085
05/24/2020,0.5421989769681054,085
05/25/2019,0.5713523433242507,085
06/09/2020,0.5054729799505631,085
06/10/2019,0.5607006545010816,085
06/25/2020,0.49350083599164013,085
06/26/2019,0.5270705807239618,085
07/11/2020,0.484695030336459,085
07/12/2019,0.5108420164454238,085
07/27/2020,0.4775835778872705,085
07/28/2019,0.5010658524696706,085
08/12/2020,0.4793351898588965,085
08/13/2019,0.49631843653835767,085
08/28/2020,0.4565564121435142,085
08/29/2019,0.49577355470228757,085
09/13/2020,0.4372755077927193,085
09/14/2019,0.5047554924656038,085
09/29/2020,0.43052761414650176,085
09/30/2019,0.49365812850836555,085
10/15/2020,0.42281955868141313,085
10/16/2019,0.4856707564476098,085
10/31/2020,0.4468880700214016,085
11/01/2019,0.4909304856215733,085
11/16/2020,0.44528652259980206,085
11/17/2019,0.48616685082872935,085
12/02/2020,0.4357064567887573,085
12/03/2019,0.5607063487419544,085
12/18/2020,0.46794621412803533,085
12/19/2019,0.6011822757361334,085
01/01/2019,0.7775298044825942,087
01/01/2020,0.7850940715883669,087
01/01/2021,0.6822119719485724,087
01/17/2019,0.7710443468884781,087
01/17/2020,0.7521573407202216,087
02/02/2019,0.7380370194068109,087
02/02/2020,0.7673059401451028,087
02/18/2019,0.758616706105064,087
02/18/2020,0.7462236094316808,087
03/05/2020,0.7644260744500846,087
03/06/2019,0.75722782369146,087
03/21/2020,0.761920083617219,087
03/22/2019,0.76004404743083,087
04/06/2020,0.4948121228284381,087
04/07/2019,0.760427665051484,087
04/22/2020,0.7503479981938592,087
04/23/2019,0.7580695059108821,087
05/08/2020,0.736447287290313,087
05/09/2019,0.742283677653367,087
05/24/2020,0.7475316530426885,087
05/25/2019,0.728576681409181,087
06/09/2020,0.7204771868332825,087
06/10/2019,0.7726073451489129,087
06/25/2020,0.7260150428921568,087
06/26/2019,0.7358425231516624,087
07/11/2020,0.7386761526232115,087
07/12/2019,0.7230105962264151,087
07/27/2020,0.726452386799693,087
07/28/2019,0.7305227692773822,087
08/12/2020,0.7417692742847907,087
08/13/2019,0.7282443047561346,087
08/28/2020,0.6395280681631985,087
08/29/2019,0.7267351686582968,087
09/13/2020,0.621128720508167,087
09/14/2019,0.7346104802174569,087
09/29/2020,0.6292455430483724,087
09/30/2019,0.7237615199398044,087
10/15/2020,0.625135987933635,087
10/16/2019,0.719514723186001,087
10/31/2020,0.6463247834675582,087
11/01/2019,0.7328053040695017,087
11/16/2020,0.6533012456326902,087
11/17/2019,0.7222793140572132,087
12/02/2020,0.6665191717077711,087
12/03/2019,0.7584810731228531,087
12/18/2020,0.6585130003102699,087
12/19/2019,0.785683191957273,087
01/01/2019,0.5847523373732377,089
01/01/2020,0.603430266926813,089
01/01/2021,0.5866387715016963,089
01/17/2019,0.618892257614971,089
01/17/2020,0.5743588245124018,089
02/02/2019,0.5690914480874317,089
02/02/2020,0.6053521362778825,089
02/18/2019,0.5396193685021179,089
02/18/2020,0.5835482086782758,089
03/05/2020,0.6145961310430064,089
03/06/2019,0.555538560157791,089
03/21/2020,0.591163038548753,089
03/22/2019,0.5402254529152105,089
04/06/2020,0.6162616662187584,089
04/07/2019,0.5969155595463139,089
04/22/2020,0.6375928899507041,089
04/23/2019,0.6160746656997312,089
05/08/2020,0.6464897683816777,089
05/09/2019,0.6007737356739234,089
05/24/2020,0.651535972444254,089
05/25/2019,0.6306249767181973,089
06/09/2020,0.6383833959848324,089
06/10/2019,0.6296991731969717,089
06/25/2020,0.6124980648535564,089
06/26/2019,0.6041347733746029,089
07/11/2020,0.6060791850921137,089
07/12/2019,0.5961726926048294,089
07/27/2020,0.5997274788228958,089
07/28/2019,0.5913575519638057,089
08/12/2020,0.5965454135043184,089
08/13/2019,0.6000917422645027,089
08/28/2020,0.5952582419375898,089
08/29/2019,0.6110088708624403,089
09/13/2020,0.5817042419891667,089
09/14/2019,0.607033176090363,089
09/29/2020,0.5929778705909226,089
09/30/2019,0.6050066678639652,089
10/15/2020,0.5904600881129151,089
10/16/2019,0.5906076428443198,089
10/31/2020,0.5797075202820717,089
11/01/2019,0.5810241477829297,089
11/16/2020,0.5948611885044565,089
11/17/2019,0.580406439872877,089
12/02/2020,0.6281815501016856,089
12/03/2019,0.607709592644118,089
12/18/2020,0.584583102023957,089
12/19/2019,0.6177047213817449,089
01/01/2019,0.6827125965428467,091
01/01/2020,0.658243474213368,091
01/01/2021,0.7060700972104819,091
01/17/2019,0.7859358580212409,091
01/17/2020,0.6368826043983198,091
02/02/2019,0.6647000000000001,091
02/02/2020,0.6534565340179718,091
02/18/2019,0.7189662576687117,091
02/18/2020,0.6314880541871922,091
03/05/2020,0.6186138803343598,091
03/06/2019,0.6231085023400936,091
03/21/2020,0.5493835014118597,091
03/22/2019,0.6021379562043796,091
04/06/2020,0.4948121228284381,091
04/07/2019,0.6279906890818401,091
04/22/2020,0.6027540974020549,091
04/23/2019,0.6207605084138921,091
05/08/2020,0.6310459915611815,091
05/09/2019,0.6209119286161554,091
05/24/2020,0.6497710031974421,091
05/25/2019,0.6365746396023199,091
06/09/2020,0.6260747661691544,091
06/10/2019,0.6504737265969162,091
06/25/2020,0.6380486301824212,091
06/26/2019,0.6501596133404198,091
07/11/2020,0.6406902487562189,091
07/12/2019,0.6624470514096186,091
07/27/2020,0.641819880597015,091
07/28/2019,0.6665251409618573,091
08/12/2020,0.6457383217247099,091
08/13/2019,0.649440776119403,091
08/28/2020,0.6301245306799337,091
08/29/2019,0.6537151641791045,091
09/13/2020,0.6225853134328357,091
09/14/2019,0.669576039800995,091
09/29/2020,0.6277578706467661,091
09/30/2019,0.657735336650083,091
10/15/2020,0.633684715404007,091
10/16/2019,0.6563663018242124,091
10/31/2020,0.625868537313433,091
11/01/2019,0.670157695626203,091
11/16/2020,0.6542252497729337,091
11/17/2019,0.661533062948314,091
12/02/2020,0.6851906683626272,091
12/03/2019,0.7528600643474765,091
12/18/2020,0.7973934011411561,091
12/19/2019,0.7420567499298345,091
01/01/2019,0.5535102655374856,093
01/01/2020,0.5888638640343512,093
01/01/2021,0.4907295580314322,093
01/17/2019,0.5778885660466213,093
01/17/2020,0.46254236581297226,093
02/02/2019,0.44905459115281504,093
02/02/2020,0.574520663594988,093
02/18/2019,0.4665573382254837,093
02/18/2020,0.5649482451195048,093
03/05/2020,0.5716621575074371,093
03/06/2019,0.481591549617739,093
03/21/2020,0.5498313837493274,093
03/22/2019,0.4763828644678492,093
04/06/2020,0.5559763724080797,093
04/07/2019,0.5514585112429141,093
04/22/2020,0.5858830045123679,093
04/23/2019,0.5693103114616423,093
05/08/2020,0.6114399836173001,093
05/09/2019,0.5813094152130397,093
05/24/2020,0.6021604238149384,093
05/25/2019,0.5955816874583373,093
06/09/2020,0.5988381178311772,093
06/10/2019,0.6083194166683367,093
06/25/2020,0.5919535550616605,093
06/26/2019,0.5992893461867527,093
07/11/2020,0.5991706101614902,093
07/12/2019,0.6002645859256187,093
07/27/2020,0.5929026835756142,093
07/28/2019,0.589629885839347,093
08/12/2020,0.594285127052346,093
08/13/2019,0.602837992253701,093
08/28/2020,0.5803553731357958,093
08/29/2019,0.6209753344276153,093
09/13/2020,0.5722504416776797,093
09/14/2019,0.6137046428431027,093
09/29/2020,0.5782731794963175,093
09/30/2019,0.6143933881044916,093
10/15/2020,0.5810771422402371,093
10/16/2019,0.6056184519071066,093
10/31/2020,0.5630565183542744,093
11/01/2019,0.6002826622826879,093
11/16/2020,0.5997767256344,093
11/17/2019,0.6054082405572693,093
12/02/2020,0.6144879843439425,093
12/03/2019,0.6626495781407229,093
12/18/2020,0.5681483391270761,093
12/19/2019,0.5675308276238619,093
01/01/2019,0.49529559189772543,095
01/01/2020,0.5190315569823435,095
01/01/2021,0.4542589266392556,095
01/17/2019,0.5243877247466492,095
01/17/2020,0.5699274786729858,095
02/02/2019,0.5636944703476483,095
02/02/2020,0.580523240161533,095
02/18/2019,0.5446293911769493,095
02/18/2020,0.5951183079606724,095
03/05/2020,0.5837738636363637,095
03/06/2019,0.5865407164320735,095
03/21/2020,0.608896818722729,095
03/22/2019,0.6251539846588615,095
04/06/2020,0.4948121228284381,095
04/07/2019,0.6537733427252094,095
04/22/2020,0.5118378221049363,095
04/23/2019,0.6167453762430507,095
05/08/2020,0.4591104918808135,095
05/09/2019,0.5274345342294467,095
05/24/2020,0.4396140344018765,095
05/25/2019,0.5038434728294816,095
06/09/2020,0.41632906904092476,095
06/10/2019,0.460906614632608,095
06/25/2020,0.4121514960752312,095
06/26/2019,0.4423031039874903,095
07/11/2020,0.40532493595217767,095
07/12/2019,0.4358543802423113,095
07/27/2020,0.4037549228023896,095
07/28/2019,0.4298419445310066,095
08/12/2020,0.3912068894844711,095
08/13/2019,0.42233809930841554,095
08/28/2020,0.33372729279058366,095
08/29/2019,0.41571166653669184,095
09/13/2020,0.36720394366197184,095
09/14/2019,0.4219769026824704,095
09/29/2020,0.36470546659304254,095
09/30/2019,0.39901254398998987,095
10/15/2020,0.35674128885756795,095
10/16/2019,0.383999356761845,095
10/31/2020,0.3519977796955908,095
11/01/2019,0.36433153247170263,095
11/16/2020,0.36065157157499145,095
11/17/2019,0.3720097685092796,095
12/02/2020,0.36499979099678453,095
12/03/2019,0.44032691968932663,095
12/18/2020,0.38193305366339925,095
12/19/2019,0.49692903356904816,095
01/01/2019,0.680526130783148,097
01/01/2020,0.6594043914362778,097
01/01/2021,0.6340667521611095,097
01/17/2019,0.7069172117039587,097
01/17/2020,0.6782548822298411,097
02/02/2019,0.7024683038609538,097
02/02/2020,0.6929616730069468,097
02/18/2019,0.6899973552956955,097
02/18/2020,0.6902459647820529,097
03/05/2020,0.6879777685779342,097
03/06/2019,0.7006605408319854,097
03/21/2020,0.717249156527119,097
03/22/2019,0.7008858775510205,097
04/06/2020,0.4948121228284381,097
04/07/2019,0.7302938794140836,097
04/22/2020,0.7040794809474769,097
04/23/2019,0.7202675031989103,097
05/08/2020,0.6666154687693515,097
05/09/2019,0.6967632775018938,097
05/24/2020,0.6528925291380091,097
05/25/2019,0.6836784621727479,097
06/09/2020,0.6066808666639206,097
06/10/2019,0.6548155973542786,097
06/25/2020,0.5871815269313129,097
06/26/2019,0.6225701191114041,097
07/11/2020,0.5815884686995738,097
07/12/2019,0.6093975157842612,097
07/27/2020,0.5766650859758361,097
07/28/2019,0.5999609090909092,097
08/12/2020,0.5768888193386319,097
08/13/2019,0.5958510647061246,097
08/28/2020,0.5772490978356428,097
08/29/2019,0.593413473103221,097
09/13/2020,0.5458158033870301,097
09/14/2019,0.6006925761316874,097
09/29/2020,0.5551411648242864,097
09/30/2019,0.5963895804195805,097
10/15/2020,0.548644869686755,097
10/16/2019,0.5858338816060682,097
10/31/2020,0.5478981334212369,097
11/01/2019,0.569036136053296,097
11/16/2020,0.5593571044800794,097
11/17/2019,0.5620440493620582,097
12/02/2020,0.5938168561957116,097
12/03/2019,0.6308521608040202,097
12/18/2020,0.6153877624424927,097
12/19/2019,0.6691284700944385,097
01/01/2019,0.5020598243390076,099
01/01/2020,0.5270814519841636,099
01/01/2021,0.40231478488631295,099
01/17/2019,0.5607513116003767,099
01/17/2020,0.5782267045959641,099
02/02/2019,0.6023588581284275,099
02/02/2020,0.5584560187826392,099
02/18/2019,0.5701697371559414,099
02/18/2020,0.5591922473012758,099
03/05/2020,0.5629102611367128,099
03/06/2019,0.6276010323377598,099
03/21/2020,0.6182269032172647,099
03/22/2019,0.6619874707621697,099
04/06/2020,0.4948121228284381,099
04/07/2019,0.6784780257548073,099
04/22/2020,0.5415122671552589,099
04/23/2019,0.5747498243331166,099
05/08/2020,0.4620782372048108,099
05/09/2019,0.47212328476821197,099
05/24/2020,0.44191041113769847,099
05/25/2019,0.4661013928789066,099
06/09/2020,0.42884965132496516,099
06/10/2019,0.4662931930585684,099
06/25/2020,0.43709813803050834,099
06/26/2019,0.4551667982817721,099
07/11/2020,0.4387981040392208,099
07/12/2019,0.4591364599224164,099
07/27/2020,0.43775585147913604,099
07/28/2019,0.4577150863190769,099
08/12/2020,0.4206839105902778,099
08/13/2019,0.4508580853647957,099
08/28/2020,0.40043761398535316,099
08/29/2019,0.43655734675285235,099
09/13/2020,0.363380004381161,099
09/14/2019,0.4273079642174744,099
09/29/2020,0.3480224043239473,099
09/30/2019,0.39840807883059254,099
10/15/2020,0.34649399669622677,099
10/16/2019,0.3765688925081434,099
10/31/2020,0.3435219969478962,099
11/01/2019,0.3651717050487157,099
11/16/2020,0.35856886833514695,099
11/17/2019,0.3660072365687148,099
12/02/2020,0.35576438304921715,099
12/03/2019,0.4586853191585207,099
12/18/2020,0.3897452380952381,099
12/19/2019,0.5063536766987279,099
01/01/2019,0.366163182561308,101
01/01/2020,0.37491976615927647,101
01/01/2021,0.27231041157677127,101
01/17/2019,0.3755344130888328,101
01/17/2020,0.42053744876412874,101
02/02/2019,0.42116230693394674,101
02/02/2020,0.44796613825083575,101
02/18/2019,0.40814675842086207,101
02/18/2020,0.44209274679522303,101
03/05/2020,0.46174784088491816,101
03/06/2019,0.449300770161734,101
03/21/2020,0.44679198850941587,101
03/22/2019,0.48998377794578246,101
04/06/2020,0.4948121228284381,101
04/07/2019,0.4957719493888055,101
04/22/2020,0.4252753212275672,101
04/23/2019,0.45316159974506065,101
05/08/2020,0.4281518636847711,101
05/09/2019,0.39607007648183556,101
05/24/2020,0.5053631768953069,101
05/25/2019,0.4516194541786132,101
06/09/2020,0.5763664578466766,101
06/10/2019,0.5570585474623062,101
06/25/2020,0.6159666489700573,101
06/26/2019,0.5942652792524952,101
07/11/2020,0.6163001061796559,101
07/12/2019,0.6226757698025059,101
07/27/2020,0.6083951051178595,101
07/28/2019,0.6268155340836696,101
08/12/2020,0.5788075918454024,101
08/13/2019,0.6045405924824804,101
08/28/2020,0.4846549549549549,101
08/29/2019,0.5614327139520068,101
09/13/2020,0.44390156084094284,101
09/14/2019,0.5231012430939227,101
09/29/2020,0.3645222470001062,101
09/30/2019,0.4534628125000001,101
10/15/2020,0.3409573326248672,101
10/16/2019,0.36666560036044155,101
10/31/2020,0.32737248688577236,101
11/01/2019,0.3192042474504091,101
11/16/2020,0.3044214534075104,101
11/17/2019,0.2870805636028444,101
12/02/2020,0.2834626809173904,101
12/03/2019,0.3302689698927212,101
12/18/2020,0.2909764423076923,101
12/19/2019,0.3714912959846117,101
01/01/2019,0.537935047303571,103
01/01/2020,0.5421228587676787,103
01/01/2021,0.5066758554126841,103
01/17/2019,0.5912756499133449,103
01/17/2020,0.5630885763915499,103
02/02/2019,0.5654051828298888,103
02/02/2020,0.6023680407659614,103
02/18/2019,0.5315966907615823,103
02/18/2020,0.5877842011133219,103
03/05/2020,0.6226522066209791,103
03/06/2019,0.5782494283987281,103
03/21/2020,0.6128165690112082,103
03/22/2019,0.5939962515596379,103
04/06/2020,0.6283930427991253,103
04/07/2019,0.6498777628064772,103
04/22/2020,0.5692785872299818,103
04/23/2019,0.6203804626845577,103
05/08/2020,0.5408582620528771,103
05/09/2019,0.5432981536802858,103
05/24/2020,0.5273267391631385,103
05/25/2019,0.5521451198742303,103
06/09/2020,0.5086600102955687,103
06/10/2019,0.5336678674413601,103
06/25/2020,0.48762256300268103,103
06/26/2019,0.5048355339430632,103
07/11/2020,0.4795515850205902,103
07/12/2019,0.4901588217626363,103
07/27/2020,0.4706867756187535,103
07/28/2019,0.48132068070687145,103
08/12/2020,0.46298770871786066,103
08/13/2019,0.4935664343313031,103
08/28/2020,0.45191797402597406,103
08/29/2019,0.49426258310813714,103
09/13/2020,0.4307443222341568,103
09/14/2019,0.4971964714714715,103
09/29/2020,0.4355872287037831,103
09/30/2019,0.4980922291572829,103
10/15/2020,0.44065043325326003,103
10/16/2019,0.48891097336021627,103
10/31/2020,0.4408367280839107,103
11/01/2019,0.4787721402253776,103
11/16/2020,0.4773563937987558,103
11/17/2019,0.5177740053926155,103
12/02/2020,0.48143387914497127,103
12/03/2019,0.5128774526975356,103
12/18/2020,0.4363486976337477,103
12/19/2019,0.5398095695347549,103
01/01/2019,0.7483548028703628,105
01/01/2020,0.7565709015971148,105
01/01/2021,0.6632654770509577,105
01/17/2019,0.7442417440149793,105
01/17/2020,0.721184696908872,105
02/02/2019,0.6805293676312969,105
02/02/2020,0.7250856368426386,105
02/18/2019,0.6648209800541738,105
02/18/2020,0.704492481022964,105
03/05/2020,0.7059383493850223,105
03/06/2019,0.6708525061103044,105
03/21/2020,0.6926301632895997,105
03/22/2019,0.6526594021697315,105
04/06/2020,0.6859576053455051,105
04/07/2019,0.6861251349185147,105
04/22/2020,0.6963336762585284,105
04/23/2019,0.6716264695429668,105
05/08/2020,0.7055202293656206,105
05/09/2019,0.6857079172982191,105
05/24/2020,0.7156822340985465,105
05/25/2019,0.6981946302740323,105
06/09/2020,0.7149422119466646,105
06/10/2019,0.7128581802490446,105
06/25/2020,0.7100521684959953,105
06/26/2019,0.7032883948070856,105
07/11/2020,0.7129333988482478,105
07/12/2019,0.6964071267802013,105
07/27/2020,0.7085691824146467,105
07/28/2019,0.6973216745737141,105
08/12/2020,0.7118414729065013,105
08/13/2019,0.7049404119444173,105
08/28/2020,0.6981494891035365,105
08/29/2019,0.7112677331237105,105
09/13/2020,0.6558610802174546,105
09/14/2019,0.7096961119506978,105
09/29/2020,0.6505766600389787,105
09/30/2019,0.7085265699534756,105
10/15/2020,0.6536780651115301,105
10/16/2019,0.7009004018991706,105
10/31/2020,0.6515107359732731,105
11/01/2019,0.7052899302759502,105
11/16/2020,0.6756650190292722,105
11/17/2019,0.7012818667142972,105
12/02/2020,0.7178748032520327,105
12/03/2019,0.7295735417440687,105
12/18/2020,0.6922918378424706,105
12/19/2019,0.7598283600338591,105
01/01/2019,0.5216180443390528,107
01/01/2020,0.5557107008746357,107
01/01/2021,0.4363490213634282,107
01/17/2019,0.5959999327313653,107
01/17/2020,0.5778441309419656,107
02/02/2019,0.6400605147832186,107
02/02/2020,0.5655244085085712,107
02/18/2019,0.6052964520991514,107
02/18/2020,0.5503524615324837,107
03/05/2020,0.5625190608253228,107
03/06/2019,0.6189677061272182,107
03/21/2020,0.5508346211330181,107
03/22/2019,0.5969113486617895,107
04/06/2020,0.4948121228284381,107
04/07/2019,0.5561021343390073,107
04/22/2020,0.5391641971143031,107
04/23/2019,0.5023636490926743,107
05/08/2020,0.4784470876048463,107
05/09/2019,0.4495088241325101,107
05/24/2020,0.4632887547939368,107
05/25/2019,0.4647408021717899,107
06/09/2020,0.4526859324794225,107
06/10/2019,0.45616814137109923,107
06/25/2020,0.44596884099262085,107
06/26/2019,0.4680867339975434,107
07/11/2020,0.44960076753456035,107
07/12/2019,0.48305833195904113,107
07/27/2020,0.4420675363899493,107
07/28/2019,0.47125641063105445,107
08/12/2020,0.4404523967921261,107
08/13/2019,0.45680700005728364,107
08/28/2020,0.4258827072190398,107
08/29/2019,0.45363039192181304,107
09/13/2020,0.4139338782432969,107
09/14/2019,0.4415826774696881,107
09/29/2020,0.39874568647197045,107
09/30/2019,0.4235179933431118,107
10/15/2020,0.3933946418947668,107
10/16/2019,0.40965415840051783,107
10/31/2020,0.4083759010006876,107
11/01/2019,0.4080421658280464,107
11/16/2020,0.42342472603520426,107
11/17/2019,0.46164047868508945,107
12/02/2020,0.4327510380522224,107
12/03/2019,0.4796924612846838,107
12/18/2020,0.4314843523180541,107
12/19/2019,0.5281096471179204,107
01/01/2019,0.6012152934568942,109
01/01/2020,0.6259174842125407,109
01/01/2021,0.5969542896781355,109
01/17/2019,0.5988551384885324,109
01/17/2020,0.6388150656324582,109
02/02/2019,0.5954658616352201,109
02/02/2020,0.6121200378369858,109
02/18/2019,0.5837066657466189,109
02/18/2020,0.6104138509598428,109
03/05/2020,0.5983973639673831,109
03/06/2019,0.6015010323468686,109
03/21/2020,0.6158477100394298,109
03/22/2019,0.6125295173651867,109
04/06/2020,0.4948121228284381,109
04/07/2019,0.6258349840348332,109
04/22/2020,0.6012435085214598,109
04/23/2019,0.6219581813444504,109
05/08/2020,0.5696357884607673,109
05/09/2019,0.5902644882397164,109
05/24/2020,0.5770558276481149,109
05/25/2019,0.5971295244722802,109
06/09/2020,0.5360537813754611,109
06/10/2019,0.5827131651211843,109
06/25/2020,0.5162301415763577,109
06/26/2019,0.5601190719752722,109
07/11/2020,0.512056055756633,109
07/12/2019,0.5573153699989444,109
07/27/2020,0.5033844355475029,109
07/28/2019,0.5284408040390104,109
08/12/2020,0.5044713586253619,109
08/13/2019,0.5136148239394304,109
08/28/2020,0.49414366356974215,109
08/29/2019,0.5126841103282866,109
09/13/2020,0.4919337315113969,109
09/14/2019,0.519312682202761,109
09/29/2020,0.48988266185133655,109
09/30/2019,0.5041180895328593,109
10/15/2020,0.4909884033712155,109
10/16/2019,0.4960272780254683,109
10/31/2020,0.4996878244498627,109
11/01/2019,0.49085718601513467,109
11/16/2020,0.5698660088324592,109
11/17/2019,0.5197863876959953,109
12/02/2020,0.5778148507002554,109
12/03/2019,0.578225253850936,109
12/18/2020,0.5980432165586155,109
12/19/2019,0.6104334854381962,109
01/01/2019,0.4747681638252008,111
01/01/2020,0.48178626441334393,111
01/01/2021,0.4239707260699769,111
01/17/2019,0.4789752103640757,111
01/17/2020,0.5100961029731117,111
02/02/2019,0.5428477225118138,111
02/02/2020,0.5029352233206987,111
02/18/2019,0.49415446262078316,111
02/18/2020,0.506727807466072,111
03/05/2020,0.4835980271173118,111
03/06/2019,0.5104503388642206,111
03/21/2020,0.5097603118022642,111
03/22/2019,0.5141248960899015,111
04/06/2020,0.4948121228284381,111
04/07/2019,0.49339718500677404,111
04/22/2020,0.5132445003378632,111
04/23/2019,0.5086266138736851,111
05/08/2020,0.4909607051088271,111
05/09/2019,0.4934455787913716,111
05/24/2020,0.4684243260041955,111
05/25/2019,0.46668942329873125,111
06/09/2020,0.44237034823583504,111
06/10/2019,0.4370049100846263,111
06/25/2020,0.4252969111222793,111
06/26/2019,0.43594376622873304,111
07/11/2020,0.4088916455014239,111
07/12/2019,0.4204461547420319,111
07/27/2020,0.4020367228804074,111
07/28/2019,0.408501273265322,111
08/12/2020,0.39820340653708164,111
08/13/2019,0.4015923999693393,111
08/28/2020,0.38728149029237974,111
08/29/2019,0.3938881264984587,111
09/13/2020,0.390271455453149,111
09/14/2019,0.4000366790959592,111
09/29/2020,0.3987180726107849,111
09/30/2019,0.39767697904101335,111
10/15/2020,0.40584448324826344,111
10/16/2019,0.39870098592609315,111
10/31/2020,0.4143395427959785,111
11/01/2019,0.40097467569521056,111
11/16/2020,0.41304679573534514,111
11/17/2019,0.41233091249123355,111
12/02/2020,0.41252915296211745,111
12/03/2019,0.4445655610857836,111
12/18/2020,0.41332106175173283,111
12/19/2019,0.48176914035303275,111
01/01/2019,0.4490296540901066,113
01/01/2020,0.4649528078817734,113
01/01/2021,0.3857203328798912,113
01/17/2019,0.47233328894806925,113
01/17/2020,0.5089629527954469,113
02/02/2019,0.5111194397060753,113
02/02/2020,0.5370109292092662,113
02/18/2019,0.4889492094699763,113
02/18/2020,0.5469737969294285,113
03/05/2020,0.5543883138457608,113
03/06/2019,0.531844970876545,113
03/21/2020,0.5782113429778518,113
03/22/2019,0.5772070480488453,113
04/06/2020,0.4948121228284381,113
04/07/2019,0.5901490796331729,113
04/22/2020,0.4941646639057024,113
04/23/2019,0.5473256317689531,113
05/08/2020,0.46976361051883436,113
05/09/2019,0.4822435647327084,113
05/24/2020,0.47160768691886384,113
05/25/2019,0.4952654361776479,113
06/09/2020,0.4669275118090132,113
06/10/2019,0.4981920329144607,113
06/25/2020,0.4677312388931201,113
06/26/2019,0.4904190564469731,113
07/11/2020,0.45559168408385586,113
07/12/2019,0.4923147444423333,113
07/27/2020,0.44478816264487936,113
07/28/2019,0.47964488567990377,113
08/12/2020,0.4276299589953869,113
08/13/2019,0.45916631832288307,113
08/28/2020,0.35482279978490766,113
08/29/2019,0.4344625752105896,113
09/13/2020,0.37077438837920496,113
09/14/2019,0.4341147716475581,113
09/29/2020,0.3480744869521155,113
09/30/2019,0.40210979198376456,113
10/15/2020,0.34155884812773235,113
10/16/2019,0.3691226302250804,113
10/31/2020,0.3403706942675159,113
11/01/2019,0.34776001688969727,113
11/16/2020,0.3416034978984113,113
11/17/2019,0.3457419302514193,113
12/02/2020,0.3348787899388172,113
12/03/2019,0.38997014696058785,113
12/18/2020,0.3271654913936702,113
12/19/2019,0.44070741037988226,113
01/01/2019,0.5304147915187176,115
01/01/2020,0.5444577252554444,115
01/01/2021,0.6142467532467533,115
01/17/2019,0.5531549294354839,115
01/17/2020,0.544805242671208,115
02/02/2019,0.4871619106699752,115
02/02/2020,0.591368944225124,115
02/18/2019,0.5512649739583334,115
02/18/2020,0.6032199674829795,115
03/05/2020,0.6258703120326986,115
03/06/2019,0.5941778258681429,115
03/21/2020,0.6250509619320507,115
03/22/2019,0.6115651601888119,115
04/06/2020,0.4948121228284381,115
04/07/2019,0.6557904814113426,115
04/22/2020,0.5968954316763936,115
04/23/2019,0.6471320115572382,115
05/08/2020,0.5716601160187258,115
05/09/2019,0.5930853442263625,115
05/24/2020,0.5854081556341586,115
05/25/2019,0.6020897977483312,115
06/09/2020,0.5770753118712274,115
06/10/2019,0.616946246094931,115
06/25/2020,0.5789089271336554,115
06/26/2019,0.6022467370728306,115
07/11/2020,0.571748115590583,115
07/12/2019,0.5953193111806888,115
07/27/2020,0.5684394500956793,115
07/28/2019,0.5870752340682573,115
08/12/2020,0.5583739839870274,115
08/13/2019,0.5804582251735587,115
08/28/2020,0.5345138452380952,115
08/29/2019,0.5699920898831117,115
09/13/2020,0.5156834896249002,115
09/14/2019,0.571091809485851,115
09/29/2020,0.48556623493075624,115
09/30/2019,0.5538594480257857,115
10/15/2020,0.4780653462382758,115
10/16/2019,0.5155739943400042,115
10/31/2020,0.4816669183529649,115
11/01/2019,0.5014409455378528,115
11/16/2020,0.5089813785046728,115
11/17/2019,0.5293907969226302,115
12/02/2020,0.48755645648775403,115
12/03/2019,0.5304121621621621,115
12/18/2020,0.5099552115583076,115
12/19/2019,0.554968043254377,115
