File,aid,Date,(3) non-fire water,(4) cloud (land or water),(5) non-fire land,(6) unknown,(7) fire (low confidence),(8) fire (nominal confidence),(9) fire (high confidence)
FireMask_2019001_aid0001,aid0001,2019-01-01,38875,39212.0,545566,,,2.0,
FireMask_2019002_aid0001,aid0001,2019-01-02,38637,20012.0,564981,,2.0,21.0,2.0
FireMask_2019003_aid0001,aid0001,2019-01-03,32013,86184.0,505452,,1.0,3.0,2.0
FireMask_2019004_aid0001,aid0001,2019-01-04,32683,52554.0,538396,,,22.0,
FireMask_2019005_aid0001,aid0001,2019-01-05,10344,483345.0,129966,,,,
FireMask_2019006_aid0001,aid0001,2019-01-06,28044,221030.0,374581,,,,
FireMask_2019007_aid0001,aid0001,2019-01-07,33801,136729.0,453089,,2.0,28.0,6.0
FireMask_2019008_aid0001,aid0001,2019-01-08,11532,395594.0,216521,,,5.0,3.0
FireMask_2019009_aid0001,aid0001,2019-01-09,22078,248480.0,353092,,,5.0,
FireMask_2019010_aid0001,aid0001,2019-01-10,34894,24820.0,563940,,,1.0,
FireMask_2019011_aid0001,aid0001,2019-01-11,17751,262080.0,343824,,,,
FireMask_2019012_aid0001,aid0001,2019-01-12,33738,224962.0,364933,,1.0,15.0,6.0
FireMask_2019013_aid0001,aid0001,2019-01-13,36889,24608.0,562156,,,2.0,
FireMask_2019014_aid0001,aid0001,2019-01-14,17673,251595.0,354387,,,,
FireMask_2019015_aid0001,aid0001,2019-01-15,9155,468691.0,145809,,,,
FireMask_2019016_aid0001,aid0001,2019-01-16,18146,323109.0,282400,,,,
FireMask_2019017_aid0001,aid0001,2019-01-17,13227,430470.0,179958,,,,
FireMask_2019018_aid0001,aid0001,2019-01-18,24105,263429.0,336121,,,,
FireMask_2019019_aid0001,aid0001,2019-01-19,29807,162506.0,431341,,,1.0,
FireMask_2019020_aid0001,aid0001,2019-01-20,13802,388408.0,221443,,,2.0,
FireMask_2019021_aid0001,aid0001,2019-01-21,34652,118210.0,470792,,,1.0,
FireMask_2019022_aid0001,aid0001,2019-01-22,36041,57470.0,530143,,,1.0,
FireMask_2019023_aid0001,aid0001,2019-01-23,38548,39486.0,545610,,,9.0,2.0
FireMask_2019024_aid0001,aid0001,2019-01-24,36784,18219.0,568637,,,12.0,3.0
FireMask_2019025_aid0001,aid0001,2019-01-25,34691,24692.0,564269,,,1.0,2.0
FireMask_2019026_aid0001,aid0001,2019-01-26,35060,32056.0,556535,,,1.0,3.0
FireMask_2019027_aid0001,aid0001,2019-01-27,35969,30562.0,557124,,,,
FireMask_2019028_aid0001,aid0001,2019-01-28,31168,67283.0,525203,,,1.0,
FireMask_2019029_aid0001,aid0001,2019-01-29,26988,225895.0,370746,,4.0,20.0,2.0
FireMask_2019030_aid0001,aid0001,2019-01-30,32763,89107.0,501776,,,9.0,
FireMask_2019031_aid0001,aid0001,2019-01-31,33023,64769.0,525840,,2.0,15.0,6.0
FireMask_2019032_aid0001,aid0001,2019-02-01,20958,223842.0,378855,,,,
FireMask_2019033_aid0001,aid0001,2019-02-02,17394,476837.0,129417,,,2.0,5.0
FireMask_2019034_aid0001,aid0001,2019-02-03,29524,230958.0,363171,,,2.0,
FireMask_2019035_aid0001,aid0001,2019-02-04,20009,359416.0,244228,,,2.0,
FireMask_2019036_aid0001,aid0001,2019-02-05,31303,192290.0,400057,,,5.0,
FireMask_2019037_aid0001,aid0001,2019-02-06,32618,131595.0,459432,,,7.0,3.0
FireMask_2019038_aid0001,aid0001,2019-02-07,34998,137102.0,451550,,,4.0,1.0
FireMask_2019039_aid0001,aid0001,2019-02-08,29531,194373.0,399745,,,6.0,
FireMask_2019040_aid0001,aid0001,2019-02-09,29477,231528.0,362645,,,4.0,1.0
FireMask_2019041_aid0001,aid0001,2019-02-10,29915,168408.0,425332,,,,
FireMask_2019042_aid0001,aid0001,2019-02-11,31838,150539.0,441275,,,3.0,
FireMask_2019043_aid0001,aid0001,2019-02-12,18461,329012.0,276179,,,3.0,
FireMask_2019044_aid0001,aid0001,2019-02-13,755,612585.0,10315,,,,
FireMask_2019045_aid0001,aid0001,2019-02-14,11454,527874.0,84327,,,,
FireMask_2019046_aid0001,aid0001,2019-02-15,25483,286547.0,311625,,,,
FireMask_2019047_aid0001,aid0001,2019-02-16,30909,177831.0,414914,,,1.0,
FireMask_2019048_aid0001,aid0001,2019-02-17,32014,162749.0,428890,,,,2.0
FireMask_2019049_aid0001,aid0001,2019-02-18,36161,125454.0,462032,,,7.0,1.0
FireMask_2019050_aid0001,aid0001,2019-02-19,36220,102943.0,484477,,2.0,9.0,4.0
FireMask_2019051_aid0001,aid0001,2019-02-20,31513,215711.0,376427,,,3.0,1.0
FireMask_2019052_aid0001,aid0001,2019-02-21,31552,223680.0,368423,,,,
FireMask_2019053_aid0001,aid0001,2019-02-22,33339,79384.0,510920,,,10.0,2.0
FireMask_2019054_aid0001,aid0001,2019-02-23,30962,161881.0,430803,,,8.0,1.0
FireMask_2019055_aid0001,aid0001,2019-02-24,23877,234926.0,364851,,,1.0,
FireMask_2019056_aid0001,aid0001,2019-02-25,16898,300350.0,306403,,,3.0,1.0
FireMask_2019057_aid0001,aid0001,2019-02-26,16031,346066.0,261555,,,2.0,1.0
FireMask_2019058_aid0001,aid0001,2019-02-27,24078,253737.0,345839,,,1.0,
FireMask_2019059_aid0001,aid0001,2019-02-28,35055,94235.0,494363,,,2.0,
FireMask_2019060_aid0001,aid0001,2019-03-01,14323,400709.0,208623,,,,
FireMask_2019061_aid0001,aid0001,2019-03-02,13913,402937.0,206801,,,4.0,
FireMask_2019062_aid0001,aid0001,2019-03-03,30864,172502.0,420289,,,,
FireMask_2019063_aid0001,aid0001,2019-03-04,34168,62684.0,526800,,,3.0,
FireMask_2019064_aid0001,aid0001,2019-03-05,7513,458429.0,157713,,,,
FireMask_2019065_aid0001,aid0001,2019-03-06,15999,404436.0,203220,,,,
FireMask_2019066_aid0001,aid0001,2019-03-07,34120,141714.0,447821,,,,
FireMask_2019067_aid0001,aid0001,2019-03-08,33996,133171.0,456487,,,1.0,
FireMask_2019068_aid0001,aid0001,2019-03-09,26018,239272.0,358365,,,,
FireMask_2019069_aid0001,aid0001,2019-03-10,29150,179991.0,414514,,,,
FireMask_2019070_aid0001,aid0001,2019-03-11,34243,90523.0,498877,,,8.0,4.0
FireMask_2019071_aid0001,aid0001,2019-03-12,37393,108943.0,477308,,,7.0,4.0
FireMask_2019072_aid0001,aid0001,2019-03-13,36384,55108.0,532157,,,4.0,2.0
FireMask_2019073_aid0001,aid0001,2019-03-14,34407,51099.0,538142,,,7.0,
FireMask_2019074_aid0001,aid0001,2019-03-15,35005,34030.0,554606,,4.0,10.0,
FireMask_2019075_aid0001,aid0001,2019-03-16,36612,25885.0,561146,,,12.0,
FireMask_2019076_aid0001,aid0001,2019-03-17,39002,30691.0,553959,,,3.0,
FireMask_2019077_aid0001,aid0001,2019-03-18,36555,25330.0,561741,,,19.0,10.0
FireMask_2019078_aid0001,aid0001,2019-03-19,28182,154410.0,441054,,,4.0,5.0
FireMask_2019079_aid0001,aid0001,2019-03-20,25424,252484.0,345745,,,2.0,
FireMask_2019080_aid0001,aid0001,2019-03-21,33224,119052.0,471372,,,7.0,
FireMask_2019081_aid0001,aid0001,2019-03-22,32960,57653.0,533038,,,1.0,3.0
FireMask_2019082_aid0001,aid0001,2019-03-23,32976,205453.0,385224,,,2.0,
FireMask_2019083_aid0001,aid0001,2019-03-24,36239,35529.0,551887,,,,
FireMask_2019084_aid0001,aid0001,2019-03-25,21805,249466.0,352381,,,3.0,
FireMask_2019085_aid0001,aid0001,2019-03-26,29863,188635.0,405155,,,2.0,
FireMask_2019086_aid0001,aid0001,2019-03-27,26205,302623.0,294824,,,3.0,
FireMask_2019087_aid0001,aid0001,2019-03-28,32846,177134.0,413670,,,2.0,3.0
FireMask_2019088_aid0001,aid0001,2019-03-29,36479,49984.0,537186,,,6.0,
FireMask_2019089_aid0001,aid0001,2019-03-30,34560,22373.0,566714,,,5.0,3.0
FireMask_2019090_aid0001,aid0001,2019-03-31,35279,21065.0,567306,,,5.0,
FireMask_2019091_aid0001,aid0001,2019-04-01,22783,262417.0,338451,,,4.0,
FireMask_2019092_aid0001,aid0001,2019-04-02,31902,224991.0,366760,,,2.0,
FireMask_2019093_aid0001,aid0001,2019-04-03,37662,21729.0,564259,,,5.0,
FireMask_2019094_aid0001,aid0001,2019-04-04,14440,339793.0,269422,,,,
FireMask_2019095_aid0001,aid0001,2019-04-05,31498,156766.0,435391,,,,
FireMask_2019096_aid0001,aid0001,2019-04-06,19304,239792.0,364559,,,,
FireMask_2019097_aid0001,aid0001,2019-04-07,31150,134030.0,458475,,,,
FireMask_2019098_aid0001,aid0001,2019-04-08,21938,222452.0,379265,,,,
FireMask_2019099_aid0001,aid0001,2019-04-09,36017,48949.0,538684,,,5.0,
FireMask_2019100_aid0001,aid0001,2019-04-10,34374,19764.0,569502,,,7.0,8.0
FireMask_2019101_aid0001,aid0001,2019-04-11,27593,145707.0,450355,,,,
FireMask_2019102_aid0001,aid0001,2019-04-12,38501,22453.0,562698,,,,3.0
FireMask_2019103_aid0001,aid0001,2019-04-13,39529,12072.0,572028,,,26.0,
FireMask_2019104_aid0001,aid0001,2019-04-14,33550,98890.0,491214,,,1.0,
FireMask_2019105_aid0001,aid0001,2019-04-15,27793,161507.0,434351,,2.0,2.0,
FireMask_2019106_aid0001,aid0001,2019-04-16,34626,99657.0,489365,,,3.0,4.0
FireMask_2019107_aid0001,aid0001,2019-04-17,37197,10890.0,575547,,,15.0,6.0
FireMask_2019108_aid0001,aid0001,2019-04-18,39847,3123.0,580661,,,18.0,6.0
FireMask_2019109_aid0001,aid0001,2019-04-19,35865,7449.0,580329,,,8.0,4.0
FireMask_2019110_aid0001,aid0001,2019-04-20,32617,102063.0,488971,,1.0,1.0,2.0
FireMask_2019111_aid0001,aid0001,2019-04-21,34503,7451.0,581701,,,,
FireMask_2019112_aid0001,aid0001,2019-04-22,35786,6484.0,581375,,2.0,5.0,3.0
FireMask_2019113_aid0001,aid0001,2019-04-23,39586,6824.0,577233,,,5.0,7.0
FireMask_2019114_aid0001,aid0001,2019-04-24,39014,338.0,584269,,,13.0,21.0
FireMask_2019115_aid0001,aid0001,2019-04-25,36723,175.0,586732,,4.0,8.0,13.0
FireMask_2019116_aid0001,aid0001,2019-04-26,34370,889.0,588386,,,5.0,5.0
FireMask_2019117_aid0001,aid0001,2019-04-27,35924,1333.0,586382,,,10.0,6.0
FireMask_2019118_aid0001,aid0001,2019-04-28,38142,6188.0,579325,,,,
FireMask_2019119_aid0001,aid0001,2019-04-29,36884,116182.0,470568,,,13.0,8.0
FireMask_2019120_aid0001,aid0001,2019-04-30,36875,9169.0,577599,,,6.0,6.0
FireMask_2019121_aid0001,aid0001,2019-05-01,34778,8282.0,580579,,,11.0,5.0
FireMask_2019122_aid0001,aid0001,2019-05-02,35572,4597.0,583472,,,11.0,3.0
FireMask_2019123_aid0001,aid0001,2019-05-03,37118,7933.0,578593,,,6.0,5.0
FireMask_2019124_aid0001,aid0001,2019-05-04,39953,2127.0,581569,,,4.0,2.0
FireMask_2019125_aid0001,aid0001,2019-05-05,37843,1161.0,584645,,,4.0,2.0
FireMask_2019126_aid0001,aid0001,2019-05-06,31859,26889.0,564895,,,3.0,9.0
FireMask_2019127_aid0001,aid0001,2019-05-07,34770,5136.0,583717,,2.0,23.0,7.0
FireMask_2019128_aid0001,aid0001,2019-05-08,36134,1613.0,585880,,,22.0,6.0
FireMask_2019129_aid0001,aid0001,2019-05-09,39566,34443.0,549644,,,2.0,
FireMask_2019130_aid0001,aid0001,2019-05-10,38447,101169.0,484030,,,6.0,3.0
FireMask_2019131_aid0001,aid0001,2019-05-11,36532,15811.0,571307,,,1.0,4.0
FireMask_2019132_aid0001,aid0001,2019-05-12,34456,1669.0,587526,,,4.0,
FireMask_2019133_aid0001,aid0001,2019-05-13,36059,4449.0,583145,,,2.0,
FireMask_2019134_aid0001,aid0001,2019-05-14,29742,121649.0,472264,,,,
FireMask_2019135_aid0001,aid0001,2019-05-15,12327,391743.0,219585,,,,
FireMask_2019136_aid0001,aid0001,2019-05-16,31731,220503.0,371418,,,3.0,
FireMask_2019137_aid0001,aid0001,2019-05-17,34428,58626.0,530598,,,3.0,
FireMask_2019138_aid0001,aid0001,2019-05-18,23032,186508.0,414115,,,,
FireMask_2019139_aid0001,aid0001,2019-05-19,31482,165970.0,426203,,,,
FireMask_2019140_aid0001,aid0001,2019-05-20,38827,34279.0,550544,,2.0,3.0,
FireMask_2019141_aid0001,aid0001,2019-05-21,33372,118604.0,471676,1.0,,2.0,
FireMask_2019142_aid0001,aid0001,2019-05-22,33071,155139.0,435445,,,,
FireMask_2019143_aid0001,aid0001,2019-05-23,32616,181513.0,409525,,,1.0,
FireMask_2019144_aid0001,aid0001,2019-05-24,36118,12333.0,575184,,1.0,14.0,5.0
FireMask_2019145_aid0001,aid0001,2019-05-25,39318,26870.0,557458,,,7.0,2.0
FireMask_2019146_aid0001,aid0001,2019-05-26,31497,207439.0,384719,,,,
FireMask_2019147_aid0001,aid0001,2019-05-27,34968,84866.0,503821,,,,
FireMask_2019148_aid0001,aid0001,2019-05-28,34459,6398.0,582796,,,2.0,
FireMask_2019149_aid0001,aid0001,2019-05-29,34947,20348.0,568331,,,12.0,17.0
FireMask_2019150_aid0001,aid0001,2019-05-30,37989,14711.0,570939,,1.0,8.0,7.0
FireMask_2019151_aid0001,aid0001,2019-05-31,39735,6600.0,577300,,,6.0,14.0
FireMask_2019152_aid0001,aid0001,2019-06-01,37076,3998.0,582577,,,2.0,2.0
FireMask_2019153_aid0001,aid0001,2019-06-02,35147,6604.0,581904,,,,
FireMask_2019154_aid0001,aid0001,2019-06-03,35709,718.0,587215,,,7.0,6.0
FireMask_2019155_aid0001,aid0001,2019-06-04,37203,302.0,586145,,2.0,3.0,
FireMask_2019156_aid0001,aid0001,2019-06-05,40007,74.0,583557,,,10.0,7.0
FireMask_2019157_aid0001,aid0001,2019-06-06,37937,5447.0,580263,,,2.0,6.0
FireMask_2019158_aid0001,aid0001,2019-06-07,35853,5470.0,582327,,,1.0,4.0
FireMask_2019159_aid0001,aid0001,2019-06-08,34549,740.0,588345,,,8.0,13.0
FireMask_2019160_aid0001,aid0001,2019-06-09,35656,2686.0,585303,,,1.0,9.0
FireMask_2019161_aid0001,aid0001,2019-06-10,39218,6337.0,578092,,,4.0,4.0
FireMask_2019162_aid0001,aid0001,2019-06-11,38649,3200.0,581801,,,4.0,1.0
FireMask_2019163_aid0001,aid0001,2019-06-12,35629,9588.0,578422,,,6.0,10.0
FireMask_2019164_aid0001,aid0001,2019-06-13,34218,3355.0,586058,,2.0,15.0,7.0
FireMask_2019165_aid0001,aid0001,2019-06-14,35788,632.0,587227,,,8.0,
FireMask_2019166_aid0001,aid0001,2019-06-15,38602,271.0,584772,,4.0,3.0,3.0
FireMask_2019167_aid0001,aid0001,2019-06-16,39781,4747.0,579125,,,2.0,
FireMask_2019168_aid0001,aid0001,2019-06-17,36977,11781.0,574880,,3.0,14.0,
FireMask_2019169_aid0001,aid0001,2019-06-18,34890,150.0,588592,,3.0,9.0,11.0
FireMask_2019170_aid0001,aid0001,2019-06-19,35508,39.0,588095,,,6.0,7.0
FireMask_2019171_aid0001,aid0001,2019-06-20,37016,367.0,586255,,,11.0,6.0
FireMask_2019172_aid0001,aid0001,2019-06-21,39965,98.0,583581,,,2.0,9.0
FireMask_2019173_aid0001,aid0001,2019-06-22,37826,13.0,585805,,,2.0,9.0
FireMask_2019174_aid0001,aid0001,2019-06-23,35964,50.0,587635,,,5.0,1.0
FireMask_2019175_aid0001,aid0001,2019-06-24,34735,452.0,588455,,,9.0,4.0
FireMask_2019176_aid0001,aid0001,2019-06-25,34749,13241.0,575648,,,13.0,4.0
FireMask_2019177_aid0001,aid0001,2019-06-26,39326,5816.0,578494,,,6.0,13.0
FireMask_2019178_aid0001,aid0001,2019-06-27,39026,348.0,584265,,,9.0,7.0
FireMask_2019179_aid0001,aid0001,2019-06-28,35304,40270.0,548061,,2.0,14.0,4.0
FireMask_2019180_aid0001,aid0001,2019-06-29,34626,4289.0,584727,,,6.0,7.0
FireMask_2019181_aid0001,aid0001,2019-06-30,35353,1799.0,586498,,,5.0,
FireMask_2019182_aid0001,aid0001,2019-07-01,38549,288.0,584792,,,8.0,18.0
FireMask_2019183_aid0001,aid0001,2019-07-02,39858,19.0,583766,,,3.0,9.0
FireMask_2019184_aid0001,aid0001,2019-07-03,37208,100.0,586337,,,7.0,3.0
FireMask_2019185_aid0001,aid0001,2019-07-04,34862,133.0,588658,,2.0,,
FireMask_2019186_aid0001,aid0001,2019-07-05,35537,177.0,587935,,,4.0,2.0
FireMask_2019187_aid0001,aid0001,2019-07-06,37063,180.0,586408,,,,4.0
FireMask_2019188_aid0001,aid0001,2019-07-07,36556,19853.0,567246,,,,
FireMask_2019189_aid0001,aid0001,2019-07-08,37815,223.0,585612,,,1.0,4.0
FireMask_2019190_aid0001,aid0001,2019-07-09,34661,18477.0,570501,,,11.0,5.0
FireMask_2019191_aid0001,aid0001,2019-07-10,34348,906.0,588394,,,6.0,1.0
FireMask_2019192_aid0001,aid0001,2019-07-11,35684,96.0,587859,,,7.0,9.0
FireMask_2019193_aid0001,aid0001,2019-07-12,39642,748.0,583255,,,3.0,7.0
FireMask_2019194_aid0001,aid0001,2019-07-13,39056,21.0,584570,,1.0,2.0,5.0
FireMask_2019195_aid0001,aid0001,2019-07-14,36696,111.0,586843,,,3.0,2.0
FireMask_2019196_aid0001,aid0001,2019-07-15,34299,159.0,589187,1.0,,8.0,1.0
FireMask_2019197_aid0001,aid0001,2019-07-16,35153,2072.0,586397,,5.0,25.0,3.0
FireMask_2019198_aid0001,aid0001,2019-07-17,38508,94.0,585046,,,5.0,2.0
FireMask_2019199_aid0001,aid0001,2019-07-18,39844,7.0,583791,,,13.0,
FireMask_2019200_aid0001,aid0001,2019-07-19,37010,213.0,586430,,,2.0,
FireMask_2019201_aid0001,aid0001,2019-07-20,34761,38.0,588855,,,1.0,
FireMask_2019202_aid0001,aid0001,2019-07-21,35482,321.0,587845,,,4.0,3.0
FireMask_2019203_aid0001,aid0001,2019-07-22,36845,6088.0,580718,,,,4.0
FireMask_2019204_aid0001,aid0001,2019-07-23,39840,66104.0,517708,,,,3.0
FireMask_2019205_aid0001,aid0001,2019-07-24,37810,3091.0,582750,,,,4.0
FireMask_2019206_aid0001,aid0001,2019-07-25,35210,31277.0,557161,,,3.0,4.0
FireMask_2019207_aid0001,aid0001,2019-07-26,34696,13263.0,575685,3.0,,8.0,
FireMask_2019208_aid0001,aid0001,2019-07-27,35729,30.0,587896,,,,
FireMask_2019209_aid0001,aid0001,2019-07-28,39581,156.0,583914,,,2.0,2.0
FireMask_2019210_aid0001,aid0001,2019-07-29,38969,73.0,584596,,,9.0,8.0
FireMask_2019211_aid0001,aid0001,2019-07-30,36614,2026.0,584997,,3.0,2.0,13.0
FireMask_2019212_aid0001,aid0001,2019-07-31,34593,3088.0,585970,,,3.0,1.0
FireMask_2019213_aid0001,aid0001,2019-08-01,35638,145.0,587852,,1.0,15.0,4.0
FireMask_2019214_aid0001,aid0001,2019-08-02,38541,11.0,585102,,,1.0,
FireMask_2019215_aid0001,aid0001,2019-08-03,39921,262.0,583470,,,,2.0
FireMask_2019216_aid0001,aid0001,2019-08-04,37114,932.0,585608,,,,1.0
FireMask_2019217_aid0001,aid0001,2019-08-05,34674,6956.0,582022,,,3.0,
FireMask_2019218_aid0001,aid0001,2019-08-06,34473,54208.0,534970,,,1.0,3.0
FireMask_2019219_aid0001,aid0001,2019-08-07,36770,5798.0,581081,,,4.0,2.0
FireMask_2019220_aid0001,aid0001,2019-08-08,39844,2561.0,581246,,1.0,2.0,1.0
FireMask_2019221_aid0001,aid0001,2019-08-09,36886,63212.0,523531,,,9.0,17.0
FireMask_2019222_aid0001,aid0001,2019-08-10,35384,21397.0,566860,,,7.0,7.0
FireMask_2019223_aid0001,aid0001,2019-08-11,34460,31.0,589159,,,5.0,
FireMask_2019224_aid0001,aid0001,2019-08-12,35641,4.0,588001,,,7.0,2.0
FireMask_2019225_aid0001,aid0001,2019-08-13,39655,,583995,,,,5.0
FireMask_2019226_aid0001,aid0001,2019-08-14,38984,,584656,,,3.0,12.0
FireMask_2019227_aid0001,aid0001,2019-08-15,36639,,587011,,,1.0,4.0
FireMask_2019228_aid0001,aid0001,2019-08-16,34378,18.0,589240,,,2.0,17.0
FireMask_2019229_aid0001,aid0001,2019-08-17,35714,183.0,587740,,2.0,9.0,7.0
FireMask_2019230_aid0001,aid0001,2019-08-18,38463,34.0,585140,,,5.0,13.0
FireMask_2019231_aid0001,aid0001,2019-08-19,39846,8.0,583793,,,3.0,5.0
FireMask_2019232_aid0001,aid0001,2019-08-20,37190,39.0,586418,,,,8.0
FireMask_2019233_aid0001,aid0001,2019-08-21,34596,15084.0,573974,,,,1.0
FireMask_2019234_aid0001,aid0001,2019-08-22,35477,345.0,587814,,7.0,7.0,5.0
FireMask_2019235_aid0001,aid0001,2019-08-23,37161,23.0,586464,,,7.0,
FireMask_2019236_aid0001,aid0001,2019-08-24,39981,3.0,583657,,2.0,6.0,6.0
FireMask_2019237_aid0001,aid0001,2019-08-25,37787,,585854,,,6.0,8.0
FireMask_2019238_aid0001,aid0001,2019-08-26,35646,932.0,587069,,,3.0,5.0
FireMask_2019239_aid0001,aid0001,2019-08-27,34506,73.0,589062,,,5.0,9.0
FireMask_2019240_aid0001,aid0001,2019-08-28,35822,659.0,587159,,,7.0,8.0
FireMask_2019241_aid0001,aid0001,2019-08-29,39642,23.0,583962,,,13.0,15.0
FireMask_2019242_aid0001,aid0001,2019-08-30,38990,,584648,,,9.0,8.0
FireMask_2019243_aid0001,aid0001,2019-08-31,36563,,587070,,2.0,5.0,15.0
FireMask_2019244_aid0001,aid0001,2019-09-01,34230,14.0,589395,,,1.0,15.0
FireMask_2019245_aid0001,aid0001,2019-09-02,35692,4824.0,583128,,,4.0,7.0
FireMask_2019246_aid0001,aid0001,2019-09-03,38359,400.0,584886,,,4.0,6.0
FireMask_2019247_aid0001,aid0001,2019-09-04,39858,1337.0,582455,,,,5.0
FireMask_2019248_aid0001,aid0001,2019-09-05,37221,30890.0,555502,,,8.0,34.0
FireMask_2019249_aid0001,aid0001,2019-09-06,34847,25.0,588510,,2.0,84.0,187.0
FireMask_2019250_aid0001,aid0001,2019-09-07,35073,15502.0,573003,11.0,16.0,23.0,27.0
FireMask_2019251_aid0001,aid0001,2019-09-08,37055,34.0,586352,,3.0,76.0,135.0
FireMask_2019252_aid0001,aid0001,2019-09-09,39955,490.0,583114,,2.0,38.0,56.0
FireMask_2019253_aid0001,aid0001,2019-09-10,37907,1207.0,584511,,,17.0,13.0
FireMask_2019254_aid0001,aid0001,2019-09-11,35837,10.0,587772,,,24.0,12.0
FireMask_2019255_aid0001,aid0001,2019-09-12,34526,,589075,,,28.0,26.0
FireMask_2019256_aid0001,aid0001,2019-09-13,35737,1.0,587841,,2.0,36.0,38.0
FireMask_2019257_aid0001,aid0001,2019-09-14,39790,3.0,583805,,2.0,19.0,36.0
FireMask_2019258_aid0001,aid0001,2019-09-15,38752,4117.0,580726,,,14.0,46.0
FireMask_2019259_aid0001,aid0001,2019-09-16,35618,64005.0,524002,,8.0,9.0,13.0
FireMask_2019260_aid0001,aid0001,2019-09-17,34529,298.0,588814,,,7.0,7.0
FireMask_2019261_aid0001,aid0001,2019-09-18,35009,11243.0,577395,,,5.0,3.0
FireMask_2019262_aid0001,aid0001,2019-09-19,37078,33498.0,553061,,,7.0,11.0
FireMask_2019263_aid0001,aid0001,2019-09-20,39819,55.0,583760,,,6.0,15.0
FireMask_2019264_aid0001,aid0001,2019-09-21,37188,9.0,586442,,,6.0,10.0
FireMask_2019265_aid0001,aid0001,2019-09-22,34862,10360.0,578433,,,,
FireMask_2019266_aid0001,aid0001,2019-09-23,35403,98.0,588147,,,3.0,4.0
FireMask_2019267_aid0001,aid0001,2019-09-24,37151,30.0,586468,,,6.0,
FireMask_2019268_aid0001,aid0001,2019-09-25,39649,10587.0,573398,,2.0,7.0,12.0
FireMask_2019269_aid0001,aid0001,2019-09-26,37002,33078.0,553524,,5.0,11.0,35.0
FireMask_2019270_aid0001,aid0001,2019-09-27,36251,428.0,586956,,2.0,16.0,2.0
FireMask_2019271_aid0001,aid0001,2019-09-28,34923,2367.0,586354,,3.0,6.0,2.0
FireMask_2019272_aid0001,aid0001,2019-09-29,34614,34702.0,554328,,,9.0,2.0
FireMask_2019273_aid0001,aid0001,2019-09-30,37458,55197.0,530986,,,8.0,6.0
FireMask_2019274_aid0001,aid0001,2019-10-01,39036,655.0,583949,,,7.0,8.0
FireMask_2019275_aid0001,aid0001,2019-10-02,36764,202.0,586672,,,15.0,2.0
FireMask_2019276_aid0001,aid0001,2019-10-03,34275,3969.0,585387,,,15.0,9.0
FireMask_2019277_aid0001,aid0001,2019-10-04,35589,392.0,587664,,1.0,6.0,3.0
FireMask_2019278_aid0001,aid0001,2019-10-05,38531,23.0,585083,,,14.0,4.0
FireMask_2019279_aid0001,aid0001,2019-10-06,39741,46.0,583853,,,5.0,10.0
FireMask_2019280_aid0001,aid0001,2019-10-07,37180,2688.0,583764,,,10.0,13.0
FireMask_2019281_aid0001,aid0001,2019-10-08,35132,719.0,587752,,3.0,15.0,34.0
FireMask_2019282_aid0001,aid0001,2019-10-09,35299,38.0,588279,,,10.0,29.0
FireMask_2019283_aid0001,aid0001,2019-10-10,37040,34.0,586536,,1.0,5.0,39.0
FireMask_2019284_aid0001,aid0001,2019-10-11,39838,1195.0,582562,,,12.0,48.0
FireMask_2019285_aid0001,aid0001,2019-10-12,37873,71.0,585681,,3.0,15.0,12.0
FireMask_2019286_aid0001,aid0001,2019-10-13,35866,1754.0,586019,,,9.0,7.0
FireMask_2019287_aid0001,aid0001,2019-10-14,34457,38.0,589146,,3.0,11.0,
FireMask_2019288_aid0001,aid0001,2019-10-15,35920,608.0,587093,,1.0,14.0,19.0
FireMask_2019289_aid0001,aid0001,2019-10-16,39873,689.0,583068,,,10.0,15.0
FireMask_2019290_aid0001,aid0001,2019-10-17,37922,16677.0,569035,,,11.0,10.0
FireMask_2019291_aid0001,aid0001,2019-10-18,36828,1271.0,585537,,,6.0,13.0
FireMask_2019292_aid0001,aid0001,2019-10-19,33375,21677.0,568576,,2.0,23.0,2.0
FireMask_2019293_aid0001,aid0001,2019-10-20,35935,2814.0,584888,,,10.0,8.0
FireMask_2019294_aid0001,aid0001,2019-10-21,38548,81.0,585007,,,7.0,12.0
FireMask_2019295_aid0001,aid0001,2019-10-22,39847,13.0,583761,,,17.0,17.0
FireMask_2019296_aid0001,aid0001,2019-10-23,37144,86.0,586402,,2.0,10.0,11.0
FireMask_2019297_aid0001,aid0001,2019-10-24,35103,373.0,588081,,9.0,24.0,65.0
FireMask_2019298_aid0001,aid0001,2019-10-25,35363,80.0,588147,,2.0,14.0,49.0
FireMask_2019299_aid0001,aid0001,2019-10-26,37153,38.0,586440,,,2.0,22.0
FireMask_2019300_aid0001,aid0001,2019-10-27,39989,515.0,582940,,2.0,34.0,175.0
FireMask_2019301_aid0001,aid0001,2019-10-28,38098,283.0,585236,,2.0,11.0,25.0
FireMask_2019302_aid0001,aid0001,2019-10-29,36031,129.0,587474,,1.0,6.0,14.0
FireMask_2019303_aid0001,aid0001,2019-10-30,34610,373.0,588644,,1.0,19.0,8.0
FireMask_2019304_aid0001,aid0001,2019-10-31,36110,384.0,587143,,,9.0,9.0
FireMask_2019305_aid0001,aid0001,2019-11-01,39643,84.0,583896,,2.0,6.0,24.0
FireMask_2019306_aid0001,aid0001,2019-11-02,39049,148.0,584453,,,3.0,2.0
FireMask_2019307_aid0001,aid0001,2019-11-03,36779,55.0,586814,,,1.0,6.0
FireMask_2019308_aid0001,aid0001,2019-11-04,34271,21.0,589331,,,19.0,13.0
FireMask_2019309_aid0001,aid0001,2019-11-05,35786,867.0,586961,,,17.0,24.0
FireMask_2019310_aid0001,aid0001,2019-11-06,36818,2435.0,584386,,,11.0,5.0
FireMask_2019311_aid0001,aid0001,2019-11-07,39870,903.0,582857,,3.0,17.0,5.0
FireMask_2019312_aid0001,aid0001,2019-11-08,37044,95.0,586504,,1.0,7.0,4.0
FireMask_2019313_aid0001,aid0001,2019-11-09,34699,455.0,588501,,,,
FireMask_2019314_aid0001,aid0001,2019-11-10,34436,1595.0,587623,,,1.0,
FireMask_2019315_aid0001,aid0001,2019-11-11,37204,687.0,585764,,,,
FireMask_2019316_aid0001,aid0001,2019-11-12,38765,12302.0,572554,1.0,4.0,17.0,12.0
FireMask_2019317_aid0001,aid0001,2019-11-13,31379,34324.0,557941,,,4.0,7.0
FireMask_2019318_aid0001,aid0001,2019-11-14,23863,157087.0,442690,,,6.0,9.0
FireMask_2019319_aid0001,aid0001,2019-11-15,30561,37949.0,555083,,1.0,51.0,10.0
FireMask_2019320_aid0001,aid0001,2019-11-16,35786,556.0,587306,,1.0,5.0,1.0
FireMask_2019321_aid0001,aid0001,2019-11-17,39634,162.0,583851,,2.0,3.0,3.0
FireMask_2019322_aid0001,aid0001,2019-11-18,39028,321.0,584283,,1.0,8.0,14.0
FireMask_2019323_aid0001,aid0001,2019-11-19,36487,20201.0,566943,,,18.0,6.0
FireMask_2019324_aid0001,aid0001,2019-11-20,33824,90719.0,499103,,,6.0,3.0
FireMask_2019325_aid0001,aid0001,2019-11-21,35621,49876.0,538082,,2.0,50.0,24.0
FireMask_2019326_aid0001,aid0001,2019-11-22,37838,23696.0,562074,,,30.0,17.0
FireMask_2019327_aid0001,aid0001,2019-11-23,39754,3887.0,579967,,,24.0,23.0
FireMask_2019328_aid0001,aid0001,2019-11-24,37258,4788.0,581603,,,4.0,2.0
FireMask_2019329_aid0001,aid0001,2019-11-25,34891,3144.0,585577,,,35.0,8.0
FireMask_2019330_aid0001,aid0001,2019-11-26,33089,121670.0,468874,,,3.0,19.0
FireMask_2019331_aid0001,aid0001,2019-11-27,21138,375754.0,226759,,1.0,3.0,
FireMask_2019332_aid0001,aid0001,2019-11-28,28437,283148.0,312070,,,,
FireMask_2019333_aid0001,aid0001,2019-11-29,33482,178571.0,411589,,1.0,12.0,
FireMask_2019334_aid0001,aid0001,2019-11-30,26355,268268.0,329032,,,,
FireMask_2019335_aid0001,aid0001,2019-12-01,10978,504297.0,108380,,,,
FireMask_2019336_aid0001,aid0001,2019-12-02,19172,315799.0,288674,,,4.0,6.0
FireMask_2019337_aid0001,aid0001,2019-12-03,27765,216567.0,379306,1.0,1.0,10.0,5.0
FireMask_2019338_aid0001,aid0001,2019-12-04,16180,423180.0,184290,,2.0,3.0,
FireMask_2019339_aid0001,aid0001,2019-12-05,35325,35565.0,552750,,2.0,11.0,2.0
FireMask_2019340_aid0001,aid0001,2019-12-06,17014,279267.0,327351,,,23.0,
FireMask_2019341_aid0001,aid0001,2019-12-07,27071,164228.0,432356,,,,
FireMask_2019342_aid0001,aid0001,2019-12-08,33017,192316.0,398321,,,1.0,
FireMask_2019343_aid0001,aid0001,2019-12-09,39469,22997.0,561171,,1.0,17.0,
FireMask_2019344_aid0001,aid0001,2019-12-10,30530,150315.0,442796,,,9.0,5.0
FireMask_2019345_aid0001,aid0001,2019-12-11,34961,43544.0,545149,,,1.0,
FireMask_2019346_aid0001,aid0001,2019-12-12,21624,264665.0,337365,,,1.0,
FireMask_2019347_aid0001,aid0001,2019-12-13,23043,228449.0,372160,,,3.0,
FireMask_2019348_aid0001,aid0001,2019-12-14,38840,56778.0,528030,,1.0,6.0,
FireMask_2019349_aid0001,aid0001,2019-12-15,36194,65755.0,521706,,,,
FireMask_2019350_aid0001,aid0001,2019-12-16,35753,33167.0,554719,,,15.0,1.0
FireMask_2019351_aid0001,aid0001,2019-12-17,20893,298058.0,304704,,,,
FireMask_2019352_aid0001,aid0001,2019-12-18,24243,256568.0,342842,,,2.0,
FireMask_2019353_aid0001,aid0001,2019-12-19,28074,171513.0,424063,,,3.0,2.0
FireMask_2019354_aid0001,aid0001,2019-12-20,26882,171927.0,424843,,,3.0,
FireMask_2019355_aid0001,aid0001,2019-12-21,9362,467264.0,147027,,1.0,,1.0
FireMask_2019356_aid0001,aid0001,2019-12-22,17876,357943.0,247836,,,,
FireMask_2019357_aid0001,aid0001,2019-12-23,25817,291660.0,306176,,,2.0,
FireMask_2019358_aid0001,aid0001,2019-12-24,35973,114074.0,473608,,,,
FireMask_2019359_aid0001,aid0001,2019-12-25,21572,365183.0,236900,,,,
FireMask_2019360_aid0001,aid0001,2019-12-26,30967,286848.0,305839,,,1.0,
FireMask_2019361_aid0001,aid0001,2019-12-27,34696,60918.0,528031,,,10.0,
FireMask_2019362_aid0001,aid0001,2019-12-28,33905,44834.0,544916,,,,
FireMask_2019363_aid0001,aid0001,2019-12-29,20752,275027.0,327876,,,,
FireMask_2019364_aid0001,aid0001,2019-12-30,32188,148165.0,443298,,,4.0,
FireMask_2019365_aid0001,aid0001,2019-12-31,36511,39842.0,547299,,,3.0,
FireMask_2020001_aid0001,aid0001,2020-01-01,26285,154590.0,442780,,,,
FireMask_2020002_aid0001,aid0001,2020-01-02,34738,11185.0,577728,,,3.0,1.0
FireMask_2020003_aid0001,aid0001,2020-01-03,33705,48307.0,541636,,,7.0,
FireMask_2020004_aid0001,aid0001,2020-01-04,39080,36520.0,548054,,,1.0,
FireMask_2020005_aid0001,aid0001,2020-01-05,37114,51354.0,535186,,,1.0,
FireMask_2020006_aid0001,aid0001,2020-01-06,36757,12789.0,574089,,,15.0,5.0
FireMask_2020007_aid0001,aid0001,2020-01-07,34636,12134.0,576857,,,17.0,11.0
FireMask_2020008_aid0001,aid0001,2020-01-08,34678,58029.0,530938,3.0,1.0,3.0,3.0
FireMask_2020009_aid0001,aid0001,2020-01-09,35884,106896.0,480872,1.0,,2.0,
FireMask_2020010_aid0001,aid0001,2020-01-10,38624,35754.0,549252,,,12.0,13.0
FireMask_2020011_aid0001,aid0001,2020-01-11,36463,49701.0,537488,,,3.0,
FireMask_2020012_aid0001,aid0001,2020-01-12,32245,91851.0,499556,,,3.0,
FireMask_2020013_aid0001,aid0001,2020-01-13,34857,56662.0,532111,,,5.0,20.0
FireMask_2020014_aid0001,aid0001,2020-01-14,34429,95919.0,493301,,,2.0,4.0
FireMask_2020015_aid0001,aid0001,2020-01-15,33706,133924.0,455996,,5.0,11.0,13.0
FireMask_2020016_aid0001,aid0001,2020-01-16,26226,257273.0,340135,,,14.0,7.0
FireMask_2020017_aid0001,aid0001,2020-01-17,30777,207013.0,385863,,,,2.0
FireMask_2020018_aid0001,aid0001,2020-01-18,22492,244920.0,356243,,,,
FireMask_2020019_aid0001,aid0001,2020-01-19,24549,250584.0,348522,,,,
FireMask_2020020_aid0001,aid0001,2020-01-20,7794,547532.0,68329,,,,
FireMask_2020021_aid0001,aid0001,2020-01-21,22615,277811.0,323223,,2.0,4.0,
FireMask_2020022_aid0001,aid0001,2020-01-22,29450,166612.0,427572,,1.0,18.0,2.0
FireMask_2020023_aid0001,aid0001,2020-01-23,34222,33530.0,555888,,,9.0,6.0
FireMask_2020024_aid0001,aid0001,2020-01-24,33933,69084.0,520629,,,7.0,2.0
FireMask_2020025_aid0001,aid0001,2020-01-25,30125,111026.0,482504,,,,
FireMask_2020026_aid0001,aid0001,2020-01-26,36210,71905.0,515539,,,1.0,
FireMask_2020027_aid0001,aid0001,2020-01-27,29991,126218.0,467435,,,8.0,3.0
FireMask_2020028_aid0001,aid0001,2020-01-28,32426,107452.0,483748,,5.0,21.0,3.0
FireMask_2020029_aid0001,aid0001,2020-01-29,31529,76621.0,515504,,,1.0,
FireMask_2020030_aid0001,aid0001,2020-01-30,34746,49628.0,539252,,,24.0,5.0
FireMask_2020031_aid0001,aid0001,2020-01-31,39513,28133.0,555985,,2.0,18.0,4.0
FireMask_2020032_aid0001,aid0001,2020-02-01,35854,30571.0,557226,,,4.0,
FireMask_2020033_aid0001,aid0001,2020-02-02,32351,78641.0,512662,,,1.0,
FireMask_2020034_aid0001,aid0001,2020-02-03,34321,36232.0,553009,,3.0,64.0,26.0
FireMask_2020035_aid0001,aid0001,2020-02-04,34846,69702.0,519075,,,31.0,1.0
FireMask_2020036_aid0001,aid0001,2020-02-05,36292,105601.0,481736,,2.0,18.0,6.0
FireMask_2020037_aid0001,aid0001,2020-02-06,38944,3368.0,581291,,,41.0,11.0
FireMask_2020038_aid0001,aid0001,2020-02-07,36552,7365.0,579704,,1.0,25.0,8.0
FireMask_2020039_aid0001,aid0001,2020-02-08,34387,5243.0,584016,,,6.0,3.0
FireMask_2020040_aid0001,aid0001,2020-02-09,35306,25169.0,563178,,,2.0,
FireMask_2020041_aid0001,aid0001,2020-02-10,37284,43956.0,542372,,,41.0,2.0
FireMask_2020042_aid0001,aid0001,2020-02-11,39559,11291.0,572765,,,31.0,9.0
FireMask_2020043_aid0001,aid0001,2020-02-12,36879,16061.0,570675,,,29.0,11.0
FireMask_2020044_aid0001,aid0001,2020-02-13,34754,9532.0,579326,,,40.0,3.0
FireMask_2020045_aid0001,aid0001,2020-02-14,35358,9026.0,579240,,6.0,18.0,7.0
FireMask_2020046_aid0001,aid0001,2020-02-15,34368,63242.0,526032,,,6.0,7.0
FireMask_2020047_aid0001,aid0001,2020-02-16,33943,89027.0,500673,,,9.0,3.0
FireMask_2020048_aid0001,aid0001,2020-02-17,37702,14094.0,571833,,,16.0,10.0
FireMask_2020049_aid0001,aid0001,2020-02-18,36411,17841.0,569378,,,18.0,7.0
FireMask_2020050_aid0001,aid0001,2020-02-19,34592,9529.0,579466,,1.0,35.0,32.0
FireMask_2020051_aid0001,aid0001,2020-02-20,31541,94731.0,497366,,,13.0,4.0
FireMask_2020052_aid0001,aid0001,2020-02-21,37417,43450.0,542756,,,22.0,10.0
FireMask_2020053_aid0001,aid0001,2020-02-22,36033,125647.0,461941,,,20.0,14.0
FireMask_2020054_aid0001,aid0001,2020-02-23,36531,15539.0,571573,,,9.0,3.0
FireMask_2020055_aid0001,aid0001,2020-02-24,34438,7779.0,581432,,,6.0,
FireMask_2020056_aid0001,aid0001,2020-02-25,35585,6318.0,581737,,2.0,9.0,4.0
FireMask_2020057_aid0001,aid0001,2020-02-26,38511,6167.0,578941,,,13.0,23.0
FireMask_2020058_aid0001,aid0001,2020-02-27,39308,7369.0,576914,,1.0,39.0,24.0
FireMask_2020059_aid0001,aid0001,2020-02-28,29333,113984.0,480313,,,13.0,12.0
FireMask_2020060_aid0001,aid0001,2020-02-29,34986,41934.0,546719,,,12.0,4.0
FireMask_2020061_aid0001,aid0001,2020-03-01,30552,137664.0,455401,,,31.0,7.0
FireMask_2020062_aid0001,aid0001,2020-03-02,36904,34305.0,552361,,,61.0,24.0
FireMask_2020063_aid0001,aid0001,2020-03-03,39744,9022.0,574826,,1.0,34.0,28.0
FireMask_2020064_aid0001,aid0001,2020-03-04,37685,7219.0,578670,,,42.0,39.0
FireMask_2020065_aid0001,aid0001,2020-03-05,35916,6120.0,581518,,8.0,68.0,25.0
FireMask_2020066_aid0001,aid0001,2020-03-06,27660,73839.0,522101,,2.0,22.0,31.0
FireMask_2020067_aid0001,aid0001,2020-03-07,26587,313653.0,283412,,,3.0,
FireMask_2020068_aid0001,aid0001,2020-03-08,34053,105327.0,484269,,,,6.0
FireMask_2020069_aid0001,aid0001,2020-03-09,29614,216922.0,377099,,,15.0,5.0
FireMask_2020070_aid0001,aid0001,2020-03-10,28359,211810.0,383474,,,11.0,1.0
FireMask_2020071_aid0001,aid0001,2020-03-11,34278,22770.0,566582,,3.0,18.0,4.0
FireMask_2020072_aid0001,aid0001,2020-03-12,34654,73685.0,515294,,,10.0,12.0
FireMask_2020073_aid0001,aid0001,2020-03-13,29419,135927.0,458294,,,12.0,3.0
FireMask_2020074_aid0001,aid0001,2020-03-14,36302,104935.0,482411,,2.0,3.0,2.0
FireMask_2020075_aid0001,aid0001,2020-03-15,28380,228633.0,366642,,,,
FireMask_2020076_aid0001,aid0001,2020-03-16,27973,253314.0,342368,,,,
FireMask_2020077_aid0001,aid0001,2020-03-17,26216,213743.0,383696,,,,
FireMask_2020078_aid0001,aid0001,2020-03-18,26423,230949.0,366278,,,5.0,
FireMask_2020079_aid0001,aid0001,2020-03-19,38011,124670.0,460955,,,13.0,6.0
FireMask_2020080_aid0001,aid0001,2020-03-20,37209,65659.0,520766,,,7.0,14.0
FireMask_2020081_aid0001,aid0001,2020-03-21,33516,179010.0,411115,,,5.0,9.0
FireMask_2020082_aid0001,aid0001,2020-03-22,32309,71279.0,520065,,,2.0,
FireMask_2020083_aid0001,aid0001,2020-03-23,32736,105230.0,485681,,,7.0,1.0
FireMask_2020084_aid0001,aid0001,2020-03-24,34577,115576.0,473502,,,,
FireMask_2020085_aid0001,aid0001,2020-03-25,35286,155806.0,432561,,,1.0,1.0
FireMask_2020086_aid0001,aid0001,2020-03-26,35643,82447.0,505550,,,12.0,3.0
FireMask_2020087_aid0001,aid0001,2020-03-27,34145,63324.0,526179,,,5.0,2.0
FireMask_2020088_aid0001,aid0001,2020-03-28,18978,264138.0,340539,,,,
FireMask_2020089_aid0001,aid0001,2020-03-29,34759,171460.0,417436,,,,
FireMask_2020090_aid0001,aid0001,2020-03-30,30790,179406.0,413455,,,3.0,1.0
FireMask_2020091_aid0001,aid0001,2020-03-31,33178,51795.0,538653,,,16.0,13.0
FireMask_2020092_aid0001,aid0001,2020-04-01,34074,12707.0,576867,,,5.0,2.0
FireMask_2020093_aid0001,aid0001,2020-04-02,35422,14137.0,574089,,1.0,6.0,
FireMask_2020094_aid0001,aid0001,2020-04-03,36919,13393.0,573309,,4.0,22.0,8.0
FireMask_2020095_aid0001,aid0001,2020-04-04,34523,91126.0,498003,,,,3.0
FireMask_2020096_aid0001,aid0001,2020-04-05,24515,243470.0,355668,,,,2.0
FireMask_2020097_aid0001,aid0001,2020-04-06,31895,193434.0,398319,,,6.0,1.0
FireMask_2020098_aid0001,aid0001,2020-04-07,34249,85657.0,503743,,,3.0,3.0
FireMask_2020099_aid0001,aid0001,2020-04-08,30190,220962.0,372494,,,2.0,7.0
FireMask_2020100_aid0001,aid0001,2020-04-09,23946,269123.0,330586,,,,
FireMask_2020101_aid0001,aid0001,2020-04-10,31541,222948.0,369154,,2.0,7.0,3.0
FireMask_2020102_aid0001,aid0001,2020-04-11,36629,18960.0,568052,,,9.0,5.0
FireMask_2020103_aid0001,aid0001,2020-04-12,34641,7033.0,581978,,,3.0,
FireMask_2020104_aid0001,aid0001,2020-04-13,35757,10321.0,577565,,,6.0,6.0
FireMask_2020105_aid0001,aid0001,2020-04-14,38453,11337.0,573849,,,6.0,10.0
FireMask_2020106_aid0001,aid0001,2020-04-15,39665,8258.0,575701,,,18.0,13.0
FireMask_2020107_aid0001,aid0001,2020-04-16,36633,9006.0,578003,,,8.0,5.0
FireMask_2020108_aid0001,aid0001,2020-04-17,29756,162030.0,431861,,,7.0,1.0
FireMask_2020109_aid0001,aid0001,2020-04-18,35856,57120.0,530676,,,3.0,
FireMask_2020110_aid0001,aid0001,2020-04-19,36930,14923.0,571802,,,,
FireMask_2020111_aid0001,aid0001,2020-04-20,34910,103221.0,485523,,,1.0,
FireMask_2020112_aid0001,aid0001,2020-04-21,37469,16830.0,569336,,1.0,8.0,11.0
FireMask_2020113_aid0001,aid0001,2020-04-22,36113,4191.0,583342,,,9.0,
FireMask_2020114_aid0001,aid0001,2020-04-23,34549,701.0,588388,,,12.0,5.0
FireMask_2020115_aid0001,aid0001,2020-04-24,35778,1686.0,586169,,2.0,17.0,3.0
FireMask_2020116_aid0001,aid0001,2020-04-25,32561,85479.0,505606,,,5.0,4.0
FireMask_2020117_aid0001,aid0001,2020-04-26,38851,13766.0,571033,,,3.0,2.0
FireMask_2020118_aid0001,aid0001,2020-04-27,34513,38478.0,550637,,,23.0,4.0
FireMask_2020119_aid0001,aid0001,2020-04-28,34389,86.0,589170,,,6.0,4.0
FireMask_2020120_aid0001,aid0001,2020-04-29,29155,66586.0,527911,,,3.0,
FireMask_2020121_aid0001,aid0001,2020-04-30,36635,17202.0,569809,,1.0,4.0,4.0
FireMask_2020122_aid0001,aid0001,2020-05-01,39965,702.0,582980,,,5.0,3.0
FireMask_2020123_aid0001,aid0001,2020-05-02,37131,1560.0,584963,,,1.0,
FireMask_2020124_aid0001,aid0001,2020-05-03,34795,1274.0,587585,,,1.0,
FireMask_2020125_aid0001,aid0001,2020-05-04,35522,3069.0,585063,,,1.0,
FireMask_2020126_aid0001,aid0001,2020-05-05,37103,4632.0,581919,,,1.0,
FireMask_2020127_aid0001,aid0001,2020-05-06,39275,7012.0,577362,,,3.0,3.0
FireMask_2020128_aid0001,aid0001,2020-05-07,37809,736.0,585103,,,2.0,5.0
FireMask_2020129_aid0001,aid0001,2020-05-08,35912,236.0,587498,,2.0,6.0,1.0
FireMask_2020130_aid0001,aid0001,2020-05-09,34621,3351.0,585675,,,1.0,7.0
FireMask_2020131_aid0001,aid0001,2020-05-10,35223,5815.0,582617,,,,
FireMask_2020132_aid0001,aid0001,2020-05-11,34267,102752.0,486634,,,2.0,
FireMask_2020133_aid0001,aid0001,2020-05-12,34568,86600.0,502485,,,2.0,
FireMask_2020134_aid0001,aid0001,2020-05-13,28618,152763.0,442265,,,7.0,2.0
FireMask_2020135_aid0001,aid0001,2020-05-14,26010,158087.0,439554,,,4.0,
FireMask_2020136_aid0001,aid0001,2020-05-15,35662,773.0,587209,,,9.0,2.0
FireMask_2020137_aid0001,aid0001,2020-05-16,27464,141674.0,454514,,,3.0,
FireMask_2020138_aid0001,aid0001,2020-05-17,34835,87067.0,501746,,,1.0,6.0
FireMask_2020139_aid0001,aid0001,2020-05-18,33147,138812.0,451694,1.0,,,1.0
FireMask_2020140_aid0001,aid0001,2020-05-19,33951,59308.0,530389,,,6.0,1.0
FireMask_2020141_aid0001,aid0001,2020-05-20,35360,11947.0,576343,,,5.0,
FireMask_2020142_aid0001,aid0001,2020-05-21,37211,3974.0,582453,,,8.0,9.0
FireMask_2020143_aid0001,aid0001,2020-05-22,39658,7929.0,576062,,,3.0,3.0
FireMask_2020144_aid0001,aid0001,2020-05-23,37847,2734.0,583073,,,1.0,
FireMask_2020145_aid0001,aid0001,2020-05-24,35966,283.0,587402,,,3.0,1.0
FireMask_2020146_aid0001,aid0001,2020-05-25,34458,88.0,589101,,,8.0,
FireMask_2020147_aid0001,aid0001,2020-05-26,35744,1335.0,586576,,,,
FireMask_2020148_aid0001,aid0001,2020-05-27,39610,56.0,583988,,,,1.0
FireMask_2020149_aid0001,aid0001,2020-05-28,38982,18.0,584646,,,2.0,7.0
FireMask_2020150_aid0001,aid0001,2020-05-29,33648,20081.0,569924,,,2.0,
FireMask_2020151_aid0001,aid0001,2020-05-30,25895,111628.0,486126,,,1.0,5.0
FireMask_2020152_aid0001,aid0001,2020-05-31,35907,8722.0,579024,,,1.0,1.0
FireMask_2020153_aid0001,aid0001,2020-06-01,33499,140143.0,450004,,,4.0,5.0
FireMask_2020154_aid0001,aid0001,2020-06-02,38465,66858.0,518323,,,3.0,6.0
FireMask_2020155_aid0001,aid0001,2020-06-03,36907,12314.0,574425,,,3.0,6.0
FireMask_2020156_aid0001,aid0001,2020-06-04,34754,100.0,588801,,,,
FireMask_2020157_aid0001,aid0001,2020-06-05,36017,9703.0,577928,,,7.0,
FireMask_2020158_aid0001,aid0001,2020-06-06,36654,16860.0,570131,,,3.0,7.0
FireMask_2020159_aid0001,aid0001,2020-06-07,38744,38188.0,546704,,,9.0,10.0
FireMask_2020160_aid0001,aid0001,2020-06-08,37829,1145.0,584662,,,12.0,7.0
FireMask_2020161_aid0001,aid0001,2020-06-09,35876,237.0,587509,,,16.0,17.0
FireMask_2020162_aid0001,aid0001,2020-06-10,34591,187.0,588840,,2.0,11.0,24.0
FireMask_2020163_aid0001,aid0001,2020-06-11,33724,24430.0,565471,,,12.0,18.0
FireMask_2020164_aid0001,aid0001,2020-06-12,32131,107976.0,483527,,,9.0,12.0
FireMask_2020165_aid0001,aid0001,2020-06-13,36240,42754.0,544653,,,3.0,5.0
FireMask_2020166_aid0001,aid0001,2020-06-14,36679,203.0,586767,,,3.0,3.0
FireMask_2020167_aid0001,aid0001,2020-06-15,30472,112604.0,480571,,,6.0,2.0
FireMask_2020168_aid0001,aid0001,2020-06-16,35694,365.0,587574,,3.0,8.0,11.0
FireMask_2020169_aid0001,aid0001,2020-06-17,38588,30.0,585027,,1.0,2.0,7.0
FireMask_2020170_aid0001,aid0001,2020-06-18,39772,21.0,583852,,,4.0,6.0
FireMask_2020171_aid0001,aid0001,2020-06-19,37159,65.0,586418,,,7.0,6.0
FireMask_2020172_aid0001,aid0001,2020-06-20,34934,781.0,587939,,,,1.0
FireMask_2020173_aid0001,aid0001,2020-06-21,35577,256.0,587812,,,1.0,9.0
FireMask_2020174_aid0001,aid0001,2020-06-22,37116,41.0,586472,,,18.0,8.0
FireMask_2020175_aid0001,aid0001,2020-06-23,39928,27.0,583699,,,1.0,
FireMask_2020176_aid0001,aid0001,2020-06-24,35440,4171.0,584036,,,1.0,7.0
FireMask_2020177_aid0001,aid0001,2020-06-25,35643,6292.0,581717,,,1.0,2.0
FireMask_2020178_aid0001,aid0001,2020-06-26,34611,2134.0,586900,,,1.0,9.0
FireMask_2020179_aid0001,aid0001,2020-06-27,35751,240.0,587663,,,1.0,
FireMask_2020180_aid0001,aid0001,2020-06-28,39187,8569.0,575889,,2.0,5.0,3.0
FireMask_2020181_aid0001,aid0001,2020-06-29,39038,50.0,584559,,,5.0,3.0
FireMask_2020182_aid0001,aid0001,2020-06-30,36733,40.0,586871,,,4.0,7.0
FireMask_2020183_aid0001,aid0001,2020-07-01,34459,82.0,589111,,,2.0,1.0
FireMask_2020184_aid0001,aid0001,2020-07-02,35631,171.0,587849,,,1.0,3.0
FireMask_2020185_aid0001,aid0001,2020-07-03,38665,10.0,584978,,,2.0,
FireMask_2020186_aid0001,aid0001,2020-07-04,39811,,583841,,,1.0,2.0
FireMask_2020187_aid0001,aid0001,2020-07-05,37221,,586425,,,3.0,6.0
FireMask_2020188_aid0001,aid0001,2020-07-06,34786,60.0,588793,,2.0,3.0,11.0
FireMask_2020189_aid0001,aid0001,2020-07-07,35475,24.0,588146,,,3.0,7.0
FireMask_2020190_aid0001,aid0001,2020-07-08,37256,7.0,586386,,,6.0,
FireMask_2020191_aid0001,aid0001,2020-07-09,39929,8.0,583711,,1.0,1.0,5.0
FireMask_2020192_aid0001,aid0001,2020-07-10,37898,71.0,585682,,,1.0,3.0
FireMask_2020193_aid0001,aid0001,2020-07-11,35893,162.0,587600,,,,
FireMask_2020194_aid0001,aid0001,2020-07-12,34431,6.0,589218,,,,
FireMask_2020195_aid0001,aid0001,2020-07-13,35755,88.0,587800,,,5.0,7.0
FireMask_2020196_aid0001,aid0001,2020-07-14,39740,21.0,583863,,,4.0,27.0
FireMask_2020197_aid0001,aid0001,2020-07-15,38924,8.0,584685,,1.0,11.0,26.0
FireMask_2020198_aid0001,aid0001,2020-07-16,36715,9.0,586908,,,6.0,17.0
FireMask_2020199_aid0001,aid0001,2020-07-17,34296,75.0,589232,,,13.0,39.0
FireMask_2020200_aid0001,aid0001,2020-07-18,35542,22.0,588060,,,11.0,20.0
FireMask_2020201_aid0001,aid0001,2020-07-19,38668,77.0,584872,,1.0,11.0,26.0
FireMask_2020202_aid0001,aid0001,2020-07-20,39871,585.0,583133,,3.0,11.0,52.0
FireMask_2020203_aid0001,aid0001,2020-07-21,37235,461.0,585904,,3.0,9.0,43.0
FireMask_2020204_aid0001,aid0001,2020-07-22,35026,7259.0,581345,,1.0,9.0,15.0
FireMask_2020205_aid0001,aid0001,2020-07-23,35553,258.0,587798,,1.0,31.0,14.0
FireMask_2020206_aid0001,aid0001,2020-07-24,37125,113.0,586337,,4.0,31.0,45.0
FireMask_2020207_aid0001,aid0001,2020-07-25,40023,20.0,583556,,3.0,20.0,33.0
FireMask_2020208_aid0001,aid0001,2020-07-26,37788,30.0,585799,,3.0,6.0,29.0
FireMask_2020209_aid0001,aid0001,2020-07-27,35921,7890.0,579765,5.0,9.0,40.0,25.0
FireMask_2020210_aid0001,aid0001,2020-07-28,34624,50.0,588943,,,20.0,18.0
FireMask_2020211_aid0001,aid0001,2020-07-29,35716,24.0,587833,,,22.0,60.0
FireMask_2020212_aid0001,aid0001,2020-07-30,39665,11.0,583905,,,13.0,61.0
FireMask_2020213_aid0001,aid0001,2020-07-31,39096,12.0,584524,,,6.0,17.0
FireMask_2020214_aid0001,aid0001,2020-08-01,36693,172.0,586756,,1.0,3.0,30.0
FireMask_2020215_aid0001,aid0001,2020-08-02,34293,22.0,589202,,7.0,39.0,92.0
FireMask_2020216_aid0001,aid0001,2020-08-03,35709,31.0,587838,,4.0,24.0,49.0
FireMask_2020217_aid0001,aid0001,2020-08-04,38643,43.0,584895,,3.0,35.0,36.0
FireMask_2020218_aid0001,aid0001,2020-08-05,39823,92.0,583695,,1.0,9.0,35.0
FireMask_2020219_aid0001,aid0001,2020-08-06,37065,46.0,586497,,1.0,19.0,27.0
FireMask_2020220_aid0001,aid0001,2020-08-07,34823,15.0,588789,,,7.0,21.0
FireMask_2020221_aid0001,aid0001,2020-08-08,35481,46.0,588107,,,20.0,1.0
FireMask_2020222_aid0001,aid0001,2020-08-09,37100,10.0,586528,,1.0,9.0,7.0
FireMask_2020223_aid0001,aid0001,2020-08-10,39992,35.0,583604,,1.0,13.0,10.0
FireMask_2020224_aid0001,aid0001,2020-08-11,37845,1314.0,584484,,1.0,6.0,5.0
FireMask_2020225_aid0001,aid0001,2020-08-12,35798,40.0,587811,,1.0,2.0,3.0
FireMask_2020226_aid0001,aid0001,2020-08-13,33394,15461.0,574764,,5.0,25.0,6.0
FireMask_2020227_aid0001,aid0001,2020-08-14,35906,1971.0,585713,,3.0,31.0,31.0
FireMask_2020228_aid0001,aid0001,2020-08-15,39724,223.0,583571,,2.0,30.0,105.0
FireMask_2020229_aid0001,aid0001,2020-08-16,37769,12702.0,573011,8.0,7.0,33.0,125.0
FireMask_2020230_aid0001,aid0001,2020-08-17,33134,40278.0,549990,1.0,12.0,57.0,183.0
FireMask_2020231_aid0001,aid0001,2020-08-18,34524,4617.0,583875,9.0,20.0,196.0,414.0
FireMask_2020232_aid0001,aid0001,2020-08-19,35691,7468.0,578009,1.0,77.0,465.0,1944.0
FireMask_2020233_aid0001,aid0001,2020-08-20,38583,18.0,583244,,46.0,383.0,1381.0
FireMask_2020234_aid0001,aid0001,2020-08-21,39819,359.0,582240,,41.0,322.0,874.0
FireMask_2020235_aid0001,aid0001,2020-08-22,36748,3157.0,582961,,28.0,215.0,546.0
FireMask_2020236_aid0001,aid0001,2020-08-23,34994,1005.0,586628,,39.0,370.0,619.0
FireMask_2020237_aid0001,aid0001,2020-08-24,34038,23809.0,565258,,29.0,234.0,287.0
FireMask_2020238_aid0001,aid0001,2020-08-25,36728,4105.0,582317,,40.0,191.0,274.0
FireMask_2020239_aid0001,aid0001,2020-08-26,39948,52.0,583255,,18.0,130.0,252.0
FireMask_2020240_aid0001,aid0001,2020-08-27,37921,15.0,585365,,8.0,120.0,226.0
FireMask_2020241_aid0001,aid0001,2020-08-28,35936,21.0,587236,,25.0,177.0,260.0
FireMask_2020242_aid0001,aid0001,2020-08-29,34485,37.0,588701,,22.0,135.0,275.0
FireMask_2020243_aid0001,aid0001,2020-08-30,35761,22.0,587439,,29.0,162.0,242.0
FireMask_2020244_aid0001,aid0001,2020-08-31,39602,46.0,583501,,16.0,153.0,337.0
FireMask_2020245_aid0001,aid0001,2020-09-01,39064,23.0,583902,,28.0,143.0,495.0
FireMask_2020246_aid0001,aid0001,2020-09-02,36711,9.0,586452,,26.0,159.0,298.0
FireMask_2020247_aid0001,aid0001,2020-09-03,34415,23.0,588775,,14.0,189.0,239.0
FireMask_2020248_aid0001,aid0001,2020-09-04,35649,98.0,587284,,17.0,216.0,391.0
FireMask_2020249_aid0001,aid0001,2020-09-05,38513,14.0,584379,,15.0,205.0,529.0
FireMask_2020250_aid0001,aid0001,2020-09-06,39899,51.0,582887,,28.0,204.0,586.0
FireMask_2020251_aid0001,aid0001,2020-09-07,37113,43.0,585474,,36.0,171.0,818.0
FireMask_2020252_aid0001,aid0001,2020-09-08,34782,64.0,586557,,87.0,459.0,1706.0
FireMask_2020253_aid0001,aid0001,2020-09-09,35682,281.0,586044,22.0,93.0,438.0,1095.0
FireMask_2020254_aid0001,aid0001,2020-09-10,37159,262.0,585232,,90.0,276.0,636.0
FireMask_2020255_aid0001,aid0001,2020-09-11,39978,11.0,582893,,59.0,312.0,402.0
FireMask_2020256_aid0001,aid0001,2020-09-12,37773,7.0,585115,,27.0,279.0,454.0
FireMask_2020257_aid0001,aid0001,2020-09-13,35932,97.0,586550,,40.0,341.0,695.0
FireMask_2020258_aid0001,aid0001,2020-09-14,34521,131.0,587891,,42.0,385.0,685.0
FireMask_2020259_aid0001,aid0001,2020-09-15,35656,,587002,,65.0,368.0,564.0
FireMask_2020260_aid0001,aid0001,2020-09-16,39755,6.0,582894,,31.0,297.0,672.0
FireMask_2020261_aid0001,aid0001,2020-09-17,38933,105.0,583774,1.0,64.0,195.0,583.0
FireMask_2020262_aid0001,aid0001,2020-09-18,35903,56648.0,530802,,29.0,98.0,175.0
FireMask_2020263_aid0001,aid0001,2020-09-19,34226,36.0,589087,,20.0,130.0,156.0
FireMask_2020264_aid0001,aid0001,2020-09-20,35812,8.0,587418,,25.0,198.0,194.0
FireMask_2020265_aid0001,aid0001,2020-09-21,38604,22.0,584534,,29.0,168.0,298.0
FireMask_2020266_aid0001,aid0001,2020-09-22,39624,1568.0,581930,,36.0,213.0,284.0
FireMask_2020267_aid0001,aid0001,2020-09-23,37239,1500.0,584499,,17.0,221.0,179.0
FireMask_2020268_aid0001,aid0001,2020-09-24,34888,145.0,588434,,18.0,115.0,55.0
FireMask_2020269_aid0001,aid0001,2020-09-25,34811,8104.0,580572,,12.0,87.0,69.0
FireMask_2020270_aid0001,aid0001,2020-09-26,37320,401.0,585809,,13.0,82.0,30.0
FireMask_2020271_aid0001,aid0001,2020-09-27,39993,10.0,583186,,9.0,153.0,304.0
FireMask_2020272_aid0001,aid0001,2020-09-28,37829,,584744,,40.0,266.0,776.0
FireMask_2020273_aid0001,aid0001,2020-09-29,35970,9.0,587198,,39.0,176.0,263.0
FireMask_2020274_aid0001,aid0001,2020-09-30,34536,19.0,588698,,13.0,161.0,228.0
FireMask_2020275_aid0001,aid0001,2020-10-01,35685,,587520,,12.0,174.0,264.0
FireMask_2020276_aid0001,aid0001,2020-10-02,39762,,583512,,10.0,139.0,232.0
FireMask_2020277_aid0001,aid0001,2020-10-03,39014,3.0,584169,,20.0,174.0,275.0
FireMask_2020278_aid0001,aid0001,2020-10-04,36631,46.0,586718,,12.0,125.0,123.0
FireMask_2020279_aid0001,aid0001,2020-10-05,34349,1410.0,587643,,8.0,131.0,114.0
FireMask_2020280_aid0001,aid0001,2020-10-06,35337,2577.0,585444,3.0,12.0,129.0,153.0
FireMask_2020281_aid0001,aid0001,2020-10-07,38504,527.0,584288,,12.0,140.0,184.0
FireMask_2020282_aid0001,aid0001,2020-10-08,33882,20769.0,568880,,9.0,49.0,66.0
FireMask_2020283_aid0001,aid0001,2020-10-09,36862,306.0,586391,,8.0,45.0,43.0
FireMask_2020284_aid0001,aid0001,2020-10-10,28333,102179.0,493139,,2.0,2.0,
FireMask_2020285_aid0001,aid0001,2020-10-11,35311,78.0,588244,,,12.0,10.0
FireMask_2020286_aid0001,aid0001,2020-10-12,37163,154.0,586238,,11.0,40.0,49.0
FireMask_2020287_aid0001,aid0001,2020-10-13,39979,23.0,583564,,3.0,40.0,46.0
FireMask_2020288_aid0001,aid0001,2020-10-14,37905,113.0,585538,,4.0,44.0,51.0
FireMask_2020289_aid0001,aid0001,2020-10-15,35980,,587560,,4.0,55.0,56.0
FireMask_2020290_aid0001,aid0001,2020-10-16,34609,8.0,588926,,2.0,41.0,69.0
FireMask_2020291_aid0001,aid0001,2020-10-17,35652,44.0,587885,,4.0,44.0,26.0
FireMask_2020292_aid0001,aid0001,2020-10-18,39715,1.0,583860,,3.0,33.0,43.0
FireMask_2020293_aid0001,aid0001,2020-10-19,39023,143.0,584382,,3.0,40.0,64.0
FireMask_2020294_aid0001,aid0001,2020-10-20,36706,15.0,586858,,2.0,35.0,39.0
FireMask_2020295_aid0001,aid0001,2020-10-21,34573,171.0,588839,,3.0,37.0,32.0
FireMask_2020296_aid0001,aid0001,2020-10-22,35694,290.0,587637,,2.0,14.0,18.0
FireMask_2020297_aid0001,aid0001,2020-10-23,38528,237.0,584843,,4.0,27.0,16.0
FireMask_2020298_aid0001,aid0001,2020-10-24,32657,50021.0,540898,,5.0,30.0,44.0
FireMask_2020299_aid0001,aid0001,2020-10-25,37152,221.0,586244,,3.0,22.0,13.0
FireMask_2020300_aid0001,aid0001,2020-10-26,34821,698.0,587953,,6.0,89.0,88.0
FireMask_2020301_aid0001,aid0001,2020-10-27,35458,192.0,587845,,12.0,71.0,77.0
FireMask_2020302_aid0001,aid0001,2020-10-28,37053,72.0,586428,,6.0,62.0,34.0
FireMask_2020303_aid0001,aid0001,2020-10-29,39980,58.0,583538,,6.0,40.0,33.0
FireMask_2020304_aid0001,aid0001,2020-10-30,37805,78.0,585691,,12.0,32.0,37.0
FireMask_2020305_aid0001,aid0001,2020-10-31,35849,49.0,587713,,2.0,25.0,17.0
FireMask_2020306_aid0001,aid0001,2020-11-01,34782,15827.0,573025,,,8.0,13.0
FireMask_2020307_aid0001,aid0001,2020-11-02,35649,3450.0,584523,,1.0,12.0,20.0
FireMask_2020308_aid0001,aid0001,2020-11-03,39650,109.0,583838,,3.0,40.0,15.0
FireMask_2020309_aid0001,aid0001,2020-11-04,38995,1.0,584584,,6.0,37.0,32.0
FireMask_2020310_aid0001,aid0001,2020-11-05,36738,138.0,586727,,,32.0,20.0
FireMask_2020311_aid0001,aid0001,2020-11-06,33027,86947.0,503644,,5.0,23.0,9.0
FireMask_2020312_aid0001,aid0001,2020-11-07,32816,116408.0,474424,,1.0,6.0,
FireMask_2020313_aid0001,aid0001,2020-11-08,36432,113956.0,473265,,,2.0,
FireMask_2020314_aid0001,aid0001,2020-11-09,38942,45834.0,538842,,,33.0,4.0
FireMask_2020315_aid0001,aid0001,2020-11-10,37093,9214.0,577324,,,21.0,3.0
FireMask_2020316_aid0001,aid0001,2020-11-11,35493,27968.0,560192,,,2.0,
FireMask_2020317_aid0001,aid0001,2020-11-12,35266,9294.0,579081,,,11.0,3.0
FireMask_2020318_aid0001,aid0001,2020-11-13,26605,197049.0,400000,,,,1.0
FireMask_2020319_aid0001,aid0001,2020-11-14,39126,27403.0,557112,,2.0,11.0,1.0
FireMask_2020320_aid0001,aid0001,2020-11-15,34849,34266.0,554523,,,10.0,7.0
FireMask_2020321_aid0001,aid0001,2020-11-16,35207,13946.0,574469,,,26.0,7.0
FireMask_2020322_aid0001,aid0001,2020-11-17,24315,172702.0,426608,,,5.0,25.0
FireMask_2020323_aid0001,aid0001,2020-11-18,27421,194680.0,401545,,,9.0,
FireMask_2020324_aid0001,aid0001,2020-11-19,39283,23015.0,561307,,,34.0,16.0
FireMask_2020325_aid0001,aid0001,2020-11-20,33882,90563.0,499154,,4.0,24.0,28.0
FireMask_2020326_aid0001,aid0001,2020-11-21,36489,4971.0,582185,,,10.0,
FireMask_2020327_aid0001,aid0001,2020-11-22,34361,36955.0,552337,,,2.0,
FireMask_2020328_aid0001,aid0001,2020-11-23,34804,15881.0,572937,,,13.0,20.0
FireMask_2020329_aid0001,aid0001,2020-11-24,38519,2419.0,582666,,,29.0,22.0
FireMask_2020330_aid0001,aid0001,2020-11-25,38740,18155.0,566719,,1.0,27.0,13.0
FireMask_2020331_aid0001,aid0001,2020-11-26,37105,8024.0,578521,,,4.0,1.0
FireMask_2020332_aid0001,aid0001,2020-11-27,34828,2993.0,585818,,,11.0,5.0
FireMask_2020333_aid0001,aid0001,2020-11-28,35330,2143.0,586176,,,2.0,4.0
FireMask_2020334_aid0001,aid0001,2020-11-29,36941,2948.0,583759,,,7.0,
FireMask_2020335_aid0001,aid0001,2020-11-30,39228,9836.0,574582,,1.0,4.0,4.0
FireMask_2020336_aid0001,aid0001,2020-12-01,37682,1232.0,584722,,,13.0,6.0
FireMask_2020337_aid0001,aid0001,2020-12-02,35854,836.0,586924,,,25.0,16.0
FireMask_2020338_aid0001,aid0001,2020-12-03,33195,10274.0,580107,,,34.0,45.0
FireMask_2020339_aid0001,aid0001,2020-12-04,35171,4746.0,583701,,,18.0,19.0
FireMask_2020340_aid0001,aid0001,2020-12-05,39510,2656.0,581485,,,2.0,2.0
FireMask_2020341_aid0001,aid0001,2020-12-06,38625,25991.0,559039,,,,
FireMask_2020342_aid0001,aid0001,2020-12-07,35427,74588.0,513635,,,3.0,2.0
FireMask_2020343_aid0001,aid0001,2020-12-08,30928,37044.0,555669,,,8.0,6.0
FireMask_2020344_aid0001,aid0001,2020-12-09,34134,68136.0,521380,,,,5.0
FireMask_2020345_aid0001,aid0001,2020-12-10,38456,2325.0,582828,,2.0,23.0,21.0
FireMask_2020346_aid0001,aid0001,2020-12-11,35417,86658.0,501580,,,,
FireMask_2020347_aid0001,aid0001,2020-12-12,30066,141464.0,452109,,,7.0,9.0
FireMask_2020348_aid0001,aid0001,2020-12-13,21472,253722.0,348459,,,,2.0
FireMask_2020349_aid0001,aid0001,2020-12-14,34050,55723.0,533862,,,14.0,6.0
FireMask_2020350_aid0001,aid0001,2020-12-15,29456,126032.0,468163,,1.0,3.0,
FireMask_2020351_aid0001,aid0001,2020-12-16,34052,110188.0,479414,,,1.0,
FireMask_2020352_aid0001,aid0001,2020-12-17,33867,172820.0,416946,,1.0,18.0,3.0
FireMask_2020353_aid0001,aid0001,2020-12-18,34796,34185.0,554660,,,9.0,5.0
FireMask_2020354_aid0001,aid0001,2020-12-19,35047,22866.0,565733,,,4.0,5.0
FireMask_2020355_aid0001,aid0001,2020-12-20,35496,10036.0,578116,,,7.0,
FireMask_2020356_aid0001,aid0001,2020-12-21,39121,15383.0,569131,,1.0,8.0,11.0
FireMask_2020357_aid0001,aid0001,2020-12-22,38372,16025.0,569237,,2.0,18.0,1.0
FireMask_2020358_aid0001,aid0001,2020-12-23,32364,48379.0,542891,,2.0,17.0,2.0
FireMask_2020359_aid0001,aid0001,2020-12-24,22445,322103.0,279106,,,1.0,
FireMask_2020360_aid0001,aid0001,2020-12-25,26018,148202.0,449433,,,2.0,
FireMask_2020361_aid0001,aid0001,2020-12-26,35899,85827.0,501928,,,,1.0
FireMask_2020362_aid0001,aid0001,2020-12-27,33438,230650.0,359560,,1.0,5.0,1.0
FireMask_2020363_aid0001,aid0001,2020-12-28,28569,234353.0,360702,,3.0,19.0,9.0
FireMask_2020364_aid0001,aid0001,2020-12-29,32851,75005.0,515785,,,12.0,2.0
FireMask_2020365_aid0001,aid0001,2020-12-30,28880,137870.0,456893,,,5.0,7.0
FireMask_2020366_aid0001,aid0001,2020-12-31,36487,46111.0,541047,,,9.0,1.0
