File,aid,Date,0,1,2,4,5,6
QA_2019001_aid0001,aid0001,2019-01-01,1054.0,1221.0,38848.0,23202,14392,544938
QA_2019002_aid0001,aid0001,2019-01-02,911.0,578.0,6577.0,23382,14359,577848
QA_2019003_aid0001,aid0001,2019-01-03,5127.0,3582.0,76557.0,19161,10089,509139
QA_2019004_aid0001,aid0001,2019-01-04,3524.0,2300.0,9051.0,20666,9420,578694
QA_2019005_aid0001,aid0001,2019-01-05,4883.0,2504.0,103230.0,19482,13328,480228
QA_2019006_aid0001,aid0001,2019-01-06,9703.0,7393.0,177783.0,14502,8408,405866
QA_2019007_aid0001,aid0001,2019-01-07,13023.0,6381.0,163569.0,11260,9678,419744
QA_2019008_aid0001,aid0001,2019-01-08,1773.0,393.0,38404.0,22508,16183,544394
QA_2019009_aid0001,aid0001,2019-01-09,9313.0,3235.0,99470.0,14971,11911,484755
QA_2019010_aid0001,aid0001,2019-01-10,10034.0,5878.0,86877.0,14252,6037,500577
QA_2019011_aid0001,aid0001,2019-01-11,10055.0,3724.0,167396.0,14141,11574,416765
QA_2019012_aid0001,aid0001,2019-01-12,667.0,583.0,17465.0,23634,15486,565820
QA_2019013_aid0001,aid0001,2019-01-13,14931.0,4939.0,153345.0,9312,8953,432175
QA_2019014_aid0001,aid0001,2019-01-14,6610.0,6583.0,262348.0,17645,7905,322564
QA_2019015_aid0001,aid0001,2019-01-15,3913.0,2796.0,107813.0,20539,12648,475946
QA_2019016_aid0001,aid0001,2019-01-16,14185.0,3782.0,187182.0,10110,11566,396830
QA_2019017_aid0001,aid0001,2019-01-17,6009.0,3096.0,115745.0,18250,13282,467273
QA_2019018_aid0001,aid0001,2019-01-18,3344.0,1416.0,52580.0,20929,15024,530362
QA_2019019_aid0001,aid0001,2019-01-19,5246.0,3181.0,67295.0,19005,11482,517446
QA_2019020_aid0001,aid0001,2019-01-20,7319.0,1443.0,64544.0,16915,14329,519105
QA_2019021_aid0001,aid0001,2019-01-21,1547.0,904.0,65984.0,22764,13490,518966
QA_2019022_aid0001,aid0001,2019-01-22,3596.0,1366.0,32484.0,20644,13602,551963
QA_2019023_aid0001,aid0001,2019-01-23,3577.0,2146.0,46437.0,20703,13611,537181
QA_2019024_aid0001,aid0001,2019-01-24,3083.0,1460.0,31244.0,21151,11581,555136
QA_2019025_aid0001,aid0001,2019-01-25,2906.0,1912.0,22774.0,21362,9210,565491
QA_2019026_aid0001,aid0001,2019-01-26,18868.0,10453.0,296856.0,5470,2333,289675
QA_2019027_aid0001,aid0001,2019-01-27,2791.0,1014.0,7153.0,21380,12424,578893
QA_2019028_aid0001,aid0001,2019-01-28,5685.0,8093.0,353733.0,18641,7899,229604
QA_2019029_aid0001,aid0001,2019-01-29,4809.0,2027.0,15050.0,19451,13661,568657
QA_2019030_aid0001,aid0001,2019-01-30,8611.0,3827.0,105435.0,15639,9541,480602
QA_2019031_aid0001,aid0001,2019-01-31,7409.0,3622.0,118307.0,16790,8340,469187
QA_2019032_aid0001,aid0001,2019-02-01,14844.0,5992.0,271943.0,9501,8606,312769
QA_2019033_aid0001,aid0001,2019-02-02,1371.0,835.0,22000.0,22993,15595,560861
QA_2019034_aid0001,aid0001,2019-02-03,12391.0,6136.0,180498.0,11921,10040,402669
QA_2019035_aid0001,aid0001,2019-02-04,5544.0,1552.0,63105.0,18744,14412,520298
QA_2019036_aid0001,aid0001,2019-02-05,11555.0,4632.0,103658.0,12628,8312,482870
QA_2019037_aid0001,aid0001,2019-02-06,4452.0,1869.0,16028.0,19699,10993,570614
QA_2019038_aid0001,aid0001,2019-02-07,7333.0,5635.0,119018.0,17096,9786,464787
QA_2019039_aid0001,aid0001,2019-02-08,7261.0,4199.0,77732.0,17046,12047,505370
QA_2019040_aid0001,aid0001,2019-02-09,8315.0,4667.0,103699.0,15996,10279,480699
QA_2019041_aid0001,aid0001,2019-02-10,9963.0,3404.0,127909.0,14223,10105,458051
QA_2019042_aid0001,aid0001,2019-02-11,7433.0,4087.0,44467.0,16827,8966,541875
QA_2019043_aid0001,aid0001,2019-02-12,14399.0,3910.0,155352.0,9927,11787,428280
QA_2019044_aid0001,aid0001,2019-02-13,1.0,4.0,107.0,24330,16722,582491
QA_2019045_aid0001,aid0001,2019-02-14,4150.0,1472.0,23822.0,20102,14914,559195
QA_2019046_aid0001,aid0001,2019-02-15,13769.0,5283.0,148468.0,10483,9665,435987
QA_2019047_aid0001,aid0001,2019-02-16,7303.0,2986.0,48004.0,16990,10426,537946
QA_2019048_aid0001,aid0001,2019-02-17,9449.0,2465.0,115268.0,14689,10917,470867
QA_2019049_aid0001,aid0001,2019-02-18,715.0,664.0,47110.0,23576,15188,536402
QA_2019050_aid0001,aid0001,2019-02-19,1513.0,703.0,22855.0,22767,14541,561276
QA_2019051_aid0001,aid0001,2019-02-20,11300.0,4468.0,185503.0,12902,10622,398860
QA_2019052_aid0001,aid0001,2019-02-21,10214.0,3580.0,69293.0,13991,8762,517815
QA_2019053_aid0001,aid0001,2019-02-22,1004.0,400.0,5076.0,23179,12018,581978
QA_2019054_aid0001,aid0001,2019-02-23,5231.0,5282.0,132610.0,19117,10188,451227
QA_2019055_aid0001,aid0001,2019-02-24,1412.0,1389.0,34806.0,22869,14989,548190
QA_2019056_aid0001,aid0001,2019-02-25,874.0,523.0,13928.0,23402,15890,569038
QA_2019057_aid0001,aid0001,2019-02-26,9040.0,2395.0,169112.0,15216,13450,414442
QA_2019058_aid0001,aid0001,2019-02-27,13269.0,4011.0,81946.0,11021,10698,502710
QA_2019059_aid0001,aid0001,2019-02-28,9342.0,3615.0,110342.0,14873,10636,474847
QA_2019060_aid0001,aid0001,2019-03-01,6384.0,2876.0,87542.0,17888,13582,495383
QA_2019061_aid0001,aid0001,2019-03-02,2707.0,1016.0,20449.0,21601,15374,562508
QA_2019062_aid0001,aid0001,2019-03-03,11598.0,5336.0,157199.0,12662,9083,427777
QA_2019063_aid0001,aid0001,2019-03-04,18076.0,9038.0,267472.0,6109,3239,319721
QA_2019064_aid0001,aid0001,2019-03-05,4776.0,988.0,31617.0,19566,14943,551765
QA_2019065_aid0001,aid0001,2019-03-06,4078.0,2267.0,85223.0,20200,14066,497821
QA_2019066_aid0001,aid0001,2019-03-07,10825.0,7249.0,191714.0,13429,8391,392047
QA_2019067_aid0001,aid0001,2019-03-08,5882.0,3683.0,84592.0,18338,10318,500842
QA_2019068_aid0001,aid0001,2019-03-09,10872.0,4547.0,119870.0,13399,9907,465060
QA_2019069_aid0001,aid0001,2019-03-10,11217.0,4424.0,134134.0,13060,8992,451828
QA_2019070_aid0001,aid0001,2019-03-11,6494.0,2094.0,163367.0,17762,12896,421042
QA_2019071_aid0001,aid0001,2019-03-12,2235.0,2277.0,81797.0,22073,13668,501605
QA_2019072_aid0001,aid0001,2019-03-13,752.0,838.0,16046.0,23556,12632,569831
QA_2019073_aid0001,aid0001,2019-03-14,6254.0,3166.0,32383.0,17887,8485,555480
QA_2019074_aid0001,aid0001,2019-03-15,3438.0,1018.0,18869.0,20892,10783,568655
QA_2019075_aid0001,aid0001,2019-03-16,1108.0,732.0,17400.0,23147,12449,568819
QA_2019076_aid0001,aid0001,2019-03-17,2585.0,1556.0,35953.0,21687,14241,547633
QA_2019077_aid0001,aid0001,2019-03-18,7084.0,1568.0,31465.0,17108,12136,554294
QA_2019078_aid0001,aid0001,2019-03-19,14328.0,6831.0,248318.0,9995,7735,336448
QA_2019079_aid0001,aid0001,2019-03-20,7003.0,2011.0,151801.0,17207,12447,433186
QA_2019080_aid0001,aid0001,2019-03-21,3823.0,1880.0,104287.0,20272,10912,482481
QA_2019081_aid0001,aid0001,2019-03-22,8881.0,10456.0,304756.0,15416,5317,278829
QA_2019082_aid0001,aid0001,2019-03-23,4558.0,1592.0,65547.0,19743,14321,517894
QA_2019083_aid0001,aid0001,2019-03-24,10863.0,5266.0,112217.0,13433,7958,473918
QA_2019084_aid0001,aid0001,2019-03-25,4129.0,2578.0,46458.0,20118,12104,538268
QA_2019085_aid0001,aid0001,2019-03-26,14408.0,4664.0,91068.0,9864,9214,494437
QA_2019086_aid0001,aid0001,2019-03-27,1402.0,530.0,24885.0,22919,15521,558398
QA_2019087_aid0001,aid0001,2019-03-28,4839.0,3679.0,79348.0,19456,12565,503768
QA_2019088_aid0001,aid0001,2019-03-29,2780.0,2448.0,62629.0,21488,11107,523203
QA_2019089_aid0001,aid0001,2019-03-30,1941.0,1073.0,14017.0,22236,9912,574476
QA_2019090_aid0001,aid0001,2019-03-31,6084.0,1802.0,8267.0,18084,9970,579448
QA_2019091_aid0001,aid0001,2019-04-01,8758.0,4009.0,125582.0,15474,11506,458326
QA_2019092_aid0001,aid0001,2019-04-02,9413.0,3929.0,83080.0,14929,12190,500114
QA_2019093_aid0001,aid0001,2019-04-03,13284.0,9593.0,304382.0,10890,4487,281019
QA_2019094_aid0001,aid0001,2019-04-04,5095.0,1797.0,87709.0,19243,14223,495588
QA_2019095_aid0001,aid0001,2019-04-05,18608.0,7714.0,236947.0,5683,6209,348494
QA_2019096_aid0001,aid0001,2019-04-06,2466.0,656.0,2284.0,21663,13868,582718
QA_2019097_aid0001,aid0001,2019-04-07,3298.0,2194.0,82397.0,20976,13646,501144
QA_2019098_aid0001,aid0001,2019-04-08,5739.0,3606.0,150296.0,18520,12727,432767
QA_2019099_aid0001,aid0001,2019-04-09,2052.0,2725.0,65419.0,22218,10547,520694
QA_2019100_aid0001,aid0001,2019-04-10,1280.0,1632.0,16552.0,22955,8919,572317
QA_2019101_aid0001,aid0001,2019-04-11,17188.0,7010.0,290960.0,7042,6695,294760
QA_2019102_aid0001,aid0001,2019-04-12,1333.0,1381.0,37185.0,22843,13460,547453
QA_2019103_aid0001,aid0001,2019-04-13,2926.0,2637.0,49457.0,21340,12905,534390
QA_2019104_aid0001,aid0001,2019-04-14,6627.0,3565.0,94590.0,17671,10593,490609
QA_2019105_aid0001,aid0001,2019-04-15,13027.0,6805.0,199733.0,11221,7092,385777
QA_2019106_aid0001,aid0001,2019-04-16,7420.0,3857.0,62896.0,16813,8555,524114
QA_2019107_aid0001,aid0001,2019-04-17,2091.0,1572.0,11348.0,22120,11674,574850
QA_2019108_aid0001,aid0001,2019-04-18,1337.0,750.0,37838.0,22928,14942,545860
QA_2019109_aid0001,aid0001,2019-04-19,15491.0,5315.0,117280.0,8695,8429,468445
QA_2019110_aid0001,aid0001,2019-04-20,10624.0,5376.0,123054.0,13550,8085,462966
QA_2019111_aid0001,aid0001,2019-04-21,1229.0,868.0,25438.0,22954,9730,563436
QA_2019112_aid0001,aid0001,2019-04-22,3078.0,1321.0,28620.0,21105,10427,559104
QA_2019113_aid0001,aid0001,2019-04-23,1561.0,805.0,21366.0,22702,14732,562489
QA_2019114_aid0001,aid0001,2019-04-24,3162.0,957.0,29463.0,21092,13831,555150
QA_2019115_aid0001,aid0001,2019-04-25,12192.0,2033.0,27467.0,11970,10538,559455
QA_2019116_aid0001,aid0001,2019-04-26,14001.0,2409.0,19827.0,10065,7941,569412
QA_2019117_aid0001,aid0001,2019-04-27,14882.0,4083.0,67365.0,9350,7658,520317
QA_2019118_aid0001,aid0001,2019-04-28,14377.0,3700.0,90998.0,9857,10855,493868
QA_2019119_aid0001,aid0001,2019-04-29,5061.0,2052.0,101092.0,19200,13647,482603
QA_2019120_aid0001,aid0001,2019-04-30,8637.0,4085.0,157931.0,15604,9123,428275
QA_2019121_aid0001,aid0001,2019-05-01,2479.0,676.0,15040.0,21774,10087,573599
QA_2019122_aid0001,aid0001,2019-05-02,7493.0,1634.0,58717.0,16738,9857,529216
QA_2019123_aid0001,aid0001,2019-05-03,2830.0,1491.0,10411.0,21429,11592,575902
QA_2019124_aid0001,aid0001,2019-05-04,6945.0,1583.0,23768.0,17298,14222,559839
QA_2019125_aid0001,aid0001,2019-05-05,12984.0,3794.0,79404.0,11226,9928,506319
QA_2019126_aid0001,aid0001,2019-05-06,9315.0,4562.0,99829.0,14904,8042,487003
QA_2019127_aid0001,aid0001,2019-05-07,14055.0,3942.0,64001.0,10191,6646,524820
QA_2019128_aid0001,aid0001,2019-05-08,17732.0,5264.0,68958.0,6562,6591,518548
QA_2019129_aid0001,aid0001,2019-05-09,18135.0,6577.0,165025.0,6134,9022,418762
QA_2019130_aid0001,aid0001,2019-05-10,11732.0,3466.0,137111.0,12545,11344,447457
QA_2019131_aid0001,aid0001,2019-05-11,7248.0,2133.0,55895.0,16994,10528,530857
QA_2019132_aid0001,aid0001,2019-05-12,11209.0,2972.0,30928.0,13015,7309,558222
QA_2019133_aid0001,aid0001,2019-05-13,18164.0,7789.0,74916.0,6083,4128,512575
QA_2019134_aid0001,aid0001,2019-05-14,19890.0,12164.0,320593.0,4417,3303,263288
QA_2019135_aid0001,aid0001,2019-05-15,5950.0,1779.0,70755.0,18329,14937,511905
QA_2019136_aid0001,aid0001,2019-05-16,9462.0,5177.0,145397.0,14836,9805,438978
QA_2019137_aid0001,aid0001,2019-05-17,3782.0,3589.0,96145.0,20333,8646,491160
QA_2019138_aid0001,aid0001,2019-05-18,15595.0,5776.0,238458.0,8667,8438,346721
QA_2019139_aid0001,aid0001,2019-05-19,7262.0,4981.0,129398.0,16967,10008,455039
QA_2019140_aid0001,aid0001,2019-05-20,2808.0,3628.0,128785.0,21503,12150,454781
QA_2019141_aid0001,aid0001,2019-05-21,8209.0,5614.0,193702.0,16000,9286,390844
QA_2019142_aid0001,aid0001,2019-05-22,6427.0,4908.0,197577.0,17822,8562,388359
QA_2019143_aid0001,aid0001,2019-05-23,14898.0,4972.0,139489.0,9321,8066,446909
QA_2019144_aid0001,aid0001,2019-05-24,6990.0,5600.0,116524.0,17224,6573,470744
QA_2019145_aid0001,aid0001,2019-05-25,9122.0,3729.0,115289.0,15199,11821,468495
QA_2019146_aid0001,aid0001,2019-05-26,12672.0,5029.0,188271.0,11657,10909,395117
QA_2019147_aid0001,aid0001,2019-05-27,6481.0,4753.0,142706.0,17800,9214,442701
QA_2019148_aid0001,aid0001,2019-05-28,5863.0,4016.0,79911.0,18347,6522,508996
QA_2019149_aid0001,aid0001,2019-05-29,9321.0,2934.0,39821.0,14866,8952,547761
QA_2019150_aid0001,aid0001,2019-05-30,9190.0,4758.0,111123.0,15120,9839,473625
QA_2019151_aid0001,aid0001,2019-05-31,14069.0,4605.0,110519.0,10172,11052,473238
QA_2019152_aid0001,aid0001,2019-06-01,14873.0,4060.0,112893.0,9333,8918,473578
QA_2019153_aid0001,aid0001,2019-06-02,16395.0,4974.0,118397.0,7790,6130,469969
QA_2019154_aid0001,aid0001,2019-06-03,14110.0,2799.0,32187.0,10104,8700,555755
QA_2019155_aid0001,aid0001,2019-06-04,9633.0,1445.0,13620.0,14592,11533,572832
QA_2019156_aid0001,aid0001,2019-06-05,10263.0,1191.0,45691.0,14015,14538,537957
QA_2019157_aid0001,aid0001,2019-06-06,8674.0,3161.0,50952.0,15578,10661,534629
QA_2019158_aid0001,aid0001,2019-06-07,8097.0,3436.0,59170.0,16124,8394,528434
QA_2019159_aid0001,aid0001,2019-06-08,1426.0,223.0,8283.0,22757,10185,580781
QA_2019160_aid0001,aid0001,2019-06-09,3535.0,884.0,12832.0,20673,10687,575044
QA_2019161_aid0001,aid0001,2019-06-10,6852.0,1079.0,16427.0,17413,14400,567484
QA_2019162_aid0001,aid0001,2019-06-11,5411.0,1594.0,90568.0,18867,13237,493978
QA_2019163_aid0001,aid0001,2019-06-12,11706.0,4009.0,63939.0,12427,9600,521974
QA_2019164_aid0001,aid0001,2019-06-13,18131.0,4999.0,31371.0,6003,5429,557722
QA_2019165_aid0001,aid0001,2019-06-14,16221.0,3300.0,16757.0,8008,8273,571096
QA_2019166_aid0001,aid0001,2019-06-15,13388.0,4425.0,58033.0,10838,9951,527020
QA_2019167_aid0001,aid0001,2019-06-16,16457.0,4239.0,81087.0,7811,11367,502694
QA_2019168_aid0001,aid0001,2019-06-17,11753.0,2327.0,48972.0,12472,10757,537374
QA_2019169_aid0001,aid0001,2019-06-18,14775.0,1313.0,20301.0,9375,9427,568464
QA_2019170_aid0001,aid0001,2019-06-19,12900.0,908.0,7127.0,11288,10412,581020
QA_2019171_aid0001,aid0001,2019-06-20,12102.0,2351.0,22990.0,12066,10497,563649
QA_2019172_aid0001,aid0001,2019-06-21,5667.0,1673.0,42098.0,18613,14012,541592
QA_2019173_aid0001,aid0001,2019-06-22,4902.0,694.0,9552.0,19321,12909,576277
QA_2019174_aid0001,aid0001,2019-06-23,10472.0,829.0,8424.0,13585,11078,579267
QA_2019175_aid0001,aid0001,2019-06-24,18637.0,5327.0,21828.0,5581,5217,567065
QA_2019176_aid0001,aid0001,2019-06-25,14790.0,5254.0,73144.0,9358,6867,514242
QA_2019177_aid0001,aid0001,2019-06-26,6982.0,2208.0,33673.0,17307,13228,550257
QA_2019178_aid0001,aid0001,2019-06-27,4561.0,1757.0,36336.0,19672,13092,548237
QA_2019179_aid0001,aid0001,2019-06-28,6660.0,3386.0,66210.0,17689,10431,519279
QA_2019180_aid0001,aid0001,2019-06-29,9253.0,3984.0,95829.0,14989,6467,493133
QA_2019181_aid0001,aid0001,2019-06-30,8438.0,2231.0,4561.0,15860,9524,583041
QA_2019182_aid0001,aid0001,2019-07-01,2491.0,1048.0,28300.0,21779,13238,556799
QA_2019183_aid0001,aid0001,2019-07-02,1054.0,542.0,14536.0,23229,15033,569261
QA_2019184_aid0001,aid0001,2019-07-03,2314.0,1010.0,29431.0,21875,12009,557016
QA_2019185_aid0001,aid0001,2019-07-04,7809.0,1746.0,6197.0,16362,8945,582596
QA_2019186_aid0001,aid0001,2019-07-05,8739.0,1716.0,5825.0,15490,9593,582292
QA_2019187_aid0001,aid0001,2019-07-06,9188.0,2257.0,15034.0,14992,10626,571558
QA_2019188_aid0001,aid0001,2019-07-07,5707.0,2833.0,103539.0,18578,12940,480058
QA_2019189_aid0001,aid0001,2019-07-08,8776.0,2541.0,16737.0,15456,11124,569021
QA_2019190_aid0001,aid0001,2019-07-09,8873.0,3965.0,79166.0,15313,8554,507784
QA_2019191_aid0001,aid0001,2019-07-10,6347.0,1533.0,3878.0,17791,9026,585080
QA_2019192_aid0001,aid0001,2019-07-11,10513.0,1120.0,12530.0,13670,10381,575441
QA_2019193_aid0001,aid0001,2019-07-12,7163.0,879.0,7269.0,17127,14473,576744
QA_2019194_aid0001,aid0001,2019-07-13,9799.0,706.0,13709.0,14417,14134,570890
QA_2019195_aid0001,aid0001,2019-07-14,12148.0,1576.0,11139.0,12019,11013,575760
QA_2019196_aid0001,aid0001,2019-07-15,6097.0,1724.0,16841.0,18065,8416,572512
QA_2019197_aid0001,aid0001,2019-07-16,7606.0,1434.0,5022.0,16718,9944,582931
QA_2019198_aid0001,aid0001,2019-07-17,6331.0,919.0,2066.0,17996,13262,583081
QA_2019199_aid0001,aid0001,2019-07-18,4191.0,258.0,3384.0,20104,15291,580427
QA_2019200_aid0001,aid0001,2019-07-19,7602.0,990.0,12986.0,16601,11947,573529
QA_2019201_aid0001,aid0001,2019-07-20,6998.0,1059.0,4009.0,17178,9526,584885
QA_2019202_aid0001,aid0001,2019-07-21,11099.0,3960.0,9806.0,13091,7332,578367
QA_2019203_aid0001,aid0001,2019-07-22,9359.0,1146.0,46618.0,14804,11825,539903
QA_2019204_aid0001,aid0001,2019-07-23,5563.0,2319.0,93144.0,18715,13440,490474
QA_2019205_aid0001,aid0001,2019-07-24,1339.0,904.0,87724.0,22945,12666,498077
QA_2019206_aid0001,aid0001,2019-07-25,12752.0,5010.0,185735.0,11489,7115,401554
QA_2019207_aid0001,aid0001,2019-07-26,10702.0,3074.0,13904.0,13491,7930,574554
QA_2019208_aid0001,aid0001,2019-07-27,6721.0,480.0,1387.0,17514,11014,586539
QA_2019209_aid0001,aid0001,2019-07-28,8489.0,620.0,11536.0,15778,14790,572442
QA_2019210_aid0001,aid0001,2019-07-29,4515.0,1004.0,16552.0,19737,13713,568134
QA_2019211_aid0001,aid0001,2019-07-30,3209.0,625.0,15168.0,21070,11890,571693
QA_2019212_aid0001,aid0001,2019-07-31,7114.0,844.0,4650.0,17058,9577,584412
QA_2019213_aid0001,aid0001,2019-08-01,8143.0,1123.0,2206.0,16066,10306,585811
QA_2019214_aid0001,aid0001,2019-08-02,5082.0,274.0,1219.0,19192,13993,583895
QA_2019215_aid0001,aid0001,2019-08-03,4914.0,483.0,13198.0,19382,15142,570536
QA_2019216_aid0001,aid0001,2019-08-04,8401.0,838.0,9577.0,15731,12144,576964
QA_2019217_aid0001,aid0001,2019-08-05,14335.0,7152.0,99600.0,9846,4246,488476
QA_2019218_aid0001,aid0001,2019-08-06,12046.0,3750.0,64045.0,12116,8433,523265
QA_2019219_aid0001,aid0001,2019-08-07,9442.0,2763.0,69414.0,14792,10125,517119
QA_2019220_aid0001,aid0001,2019-08-08,3344.0,557.0,24597.0,20954,15105,559098
QA_2019221_aid0001,aid0001,2019-08-09,6515.0,4850.0,42333.0,17825,9777,542355
QA_2019222_aid0001,aid0001,2019-08-10,7511.0,3407.0,84442.0,16634,9051,502610
QA_2019223_aid0001,aid0001,2019-08-11,6871.0,453.0,3251.0,17308,9828,585944
QA_2019224_aid0001,aid0001,2019-08-12,6345.0,261.0,759.0,17849,11186,587255
QA_2019225_aid0001,aid0001,2019-08-13,4666.0,34.0,650.0,19589,15366,583350
QA_2019226_aid0001,aid0001,2019-08-14,4965.0,46.0,1837.0,19299,14674,582834
QA_2019227_aid0001,aid0001,2019-08-15,4743.0,87.0,3981.0,19501,12308,583035
QA_2019228_aid0001,aid0001,2019-08-16,8728.0,505.0,2879.0,15463,9682,586398
QA_2019229_aid0001,aid0001,2019-08-17,11555.0,1300.0,3745.0,12614,10245,584196
QA_2019230_aid0001,aid0001,2019-08-18,7063.0,1205.0,11927.0,17236,12960,573264
QA_2019231_aid0001,aid0001,2019-08-19,5493.0,876.0,7989.0,18793,14684,575820
QA_2019232_aid0001,aid0001,2019-08-20,2533.0,622.0,11956.0,21654,12381,574509
QA_2019233_aid0001,aid0001,2019-08-21,4525.0,4102.0,69250.0,19669,7234,518875
QA_2019234_aid0001,aid0001,2019-08-22,7483.0,1321.0,2610.0,16735,9942,585564
QA_2019235_aid0001,aid0001,2019-08-23,5123.0,345.0,1391.0,19028,12665,585103
QA_2019236_aid0001,aid0001,2019-08-24,5329.0,73.0,1825.0,18995,15584,581849
QA_2019237_aid0001,aid0001,2019-08-25,6796.0,196.0,4280.0,17401,13394,581588
QA_2019238_aid0001,aid0001,2019-08-26,9841.0,992.0,14218.0,14380,10841,573383
QA_2019239_aid0001,aid0001,2019-08-27,10031.0,1026.0,4054.0,14222,9227,585095
QA_2019240_aid0001,aid0001,2019-08-28,13803.0,3687.0,15256.0,10364,7971,572574
QA_2019241_aid0001,aid0001,2019-08-29,1815.0,629.0,13945.0,22480,14718,570068
QA_2019242_aid0001,aid0001,2019-08-30,2568.0,117.0,1908.0,21693,14612,582757
QA_2019243_aid0001,aid0001,2019-08-31,2338.0,54.0,3474.0,21886,12285,583618
QA_2019244_aid0001,aid0001,2019-09-01,10068.0,528.0,9005.0,14062,9572,580420
QA_2019245_aid0001,aid0001,2019-09-02,9713.0,1851.0,39206.0,14528,9630,548727
QA_2019246_aid0001,aid0001,2019-09-03,2151.0,765.0,15090.0,22171,13390,570088
QA_2019247_aid0001,aid0001,2019-09-04,6742.0,2249.0,65526.0,17453,13418,518267
QA_2019248_aid0001,aid0001,2019-09-05,4683.0,3943.0,119729.0,19523,9301,466476
QA_2019249_aid0001,aid0001,2019-09-06,5687.0,491.0,11958.0,18487,10182,576850
QA_2019250_aid0001,aid0001,2019-09-07,7469.0,6544.0,86908.0,16762,5284,500688
QA_2019251_aid0001,aid0001,2019-09-08,1637.0,445.0,4303.0,22616,12357,582297
QA_2019252_aid0001,aid0001,2019-09-09,1889.0,1145.0,32419.0,22394,14532,551276
QA_2019253_aid0001,aid0001,2019-09-10,2170.0,2174.0,59485.0,22025,11557,526244
QA_2019254_aid0001,aid0001,2019-09-11,2453.0,343.0,3918.0,21748,11293,583900
QA_2019255_aid0001,aid0001,2019-09-12,1605.0,89.0,2973.0,22641,10191,586156
QA_2019256_aid0001,aid0001,2019-09-13,1286.0,152.0,813.0,23004,11295,587105
QA_2019257_aid0001,aid0001,2019-09-14,1413.0,59.0,1447.0,22886,15432,582418
QA_2019258_aid0001,aid0001,2019-09-15,10120.0,3284.0,105715.0,14148,11453,478935
QA_2019259_aid0001,aid0001,2019-09-16,7078.0,4511.0,143862.0,17133,9145,441926
QA_2019260_aid0001,aid0001,2019-09-17,4443.0,2542.0,52206.0,19699,7845,536920
QA_2019261_aid0001,aid0001,2019-09-18,7675.0,5590.0,98384.0,16579,6382,489045
QA_2019262_aid0001,aid0001,2019-09-19,1313.0,1266.0,47769.0,22974,13366,536967
QA_2019263_aid0001,aid0001,2019-09-20,954.0,947.0,17370.0,23341,14577,566466
QA_2019264_aid0001,aid0001,2019-09-21,490.0,27.0,3405.0,23758,12913,583062
QA_2019265_aid0001,aid0001,2019-09-22,12566.0,6801.0,180062.0,11633,4432,408161
QA_2019266_aid0001,aid0001,2019-09-23,5957.0,817.0,8891.0,18186,10445,579359
QA_2019267_aid0001,aid0001,2019-09-24,2298.0,195.0,811.0,21939,12719,585693
QA_2019268_aid0001,aid0001,2019-09-25,3088.0,761.0,61659.0,21181,14967,521999
QA_2019269_aid0001,aid0001,2019-09-26,10841.0,2174.0,69394.0,13347,11474,516425
QA_2019270_aid0001,aid0001,2019-09-27,14389.0,5167.0,95649.0,9794,6901,491755
QA_2019271_aid0001,aid0001,2019-09-28,8128.0,5024.0,100709.0,16127,5669,487998
QA_2019272_aid0001,aid0001,2019-09-29,5248.0,4480.0,117019.0,18953,7709,470246
QA_2019273_aid0001,aid0001,2019-09-30,328.0,1136.0,44092.0,23949,14541,539609
QA_2019274_aid0001,aid0001,2019-10-01,387.0,187.0,5016.0,23847,14623,579595
QA_2019275_aid0001,aid0001,2019-10-02,2168.0,813.0,19093.0,22056,11729,567796
QA_2019276_aid0001,aid0001,2019-10-03,2229.0,1417.0,5092.0,21939,9083,583895
QA_2019277_aid0001,aid0001,2019-10-04,1784.0,799.0,2873.0,22522,10537,585140
QA_2019278_aid0001,aid0001,2019-10-05,561.0,101.0,707.0,23670,14199,584417
QA_2019279_aid0001,aid0001,2019-10-06,728.0,200.0,3956.0,23524,15293,579954
QA_2019280_aid0001,aid0001,2019-10-07,3880.0,2032.0,14165.0,20429,11028,572121
QA_2019281_aid0001,aid0001,2019-10-08,10802.0,5243.0,21330.0,13385,5721,567174
QA_2019282_aid0001,aid0001,2019-10-09,4935.0,528.0,2154.0,19303,10533,586202
QA_2019283_aid0001,aid0001,2019-10-10,638.0,176.0,1419.0,23577,12677,585168
QA_2019284_aid0001,aid0001,2019-10-11,914.0,350.0,4827.0,23392,15289,578883
QA_2019285_aid0001,aid0001,2019-10-12,1336.0,403.0,6487.0,22888,13257,579284
QA_2019286_aid0001,aid0001,2019-10-13,4595.0,2873.0,9618.0,19629,8862,578078
QA_2019287_aid0001,aid0001,2019-10-14,4903.0,996.0,3436.0,19346,9212,585762
QA_2019288_aid0001,aid0001,2019-10-15,5560.0,3460.0,51048.0,18738,8167,536682
QA_2019289_aid0001,aid0001,2019-10-16,16889.0,8798.0,252338.0,7459,6734,331437
QA_2019290_aid0001,aid0001,2019-10-17,1674.0,1488.0,41539.0,22568,13494,542892
QA_2019291_aid0001,aid0001,2019-10-18,5442.0,2451.0,21992.0,18831,10131,564808
QA_2019292_aid0001,aid0001,2019-10-19,7905.0,6038.0,125252.0,16308,5041,463111
QA_2019293_aid0001,aid0001,2019-10-20,4382.0,3558.0,67543.0,19904,8125,520143
QA_2019294_aid0001,aid0001,2019-10-21,977.0,786.0,3027.0,23302,13483,582080
QA_2019295_aid0001,aid0001,2019-10-22,644.0,217.0,2990.0,23652,15334,580818
QA_2019296_aid0001,aid0001,2019-10-23,708.0,403.0,3426.0,23516,12543,583059
QA_2019297_aid0001,aid0001,2019-10-24,3287.0,2377.0,14724.0,20902,8537,573828
QA_2019298_aid0001,aid0001,2019-10-25,918.0,411.0,2153.0,23384,10650,586139
QA_2019299_aid0001,aid0001,2019-10-26,1834.0,649.0,2109.0,22377,12293,584393
QA_2019300_aid0001,aid0001,2019-10-27,5602.0,1518.0,48129.0,18683,14220,535503
QA_2019301_aid0001,aid0001,2019-10-28,553.0,816.0,3519.0,23723,13062,581982
QA_2019302_aid0001,aid0001,2019-10-29,455.0,247.0,4286.0,23791,11538,583338
QA_2019303_aid0001,aid0001,2019-10-30,2915.0,879.0,3273.0,21280,9610,585698
QA_2019304_aid0001,aid0001,2019-10-31,,,,24257,12237,587161
QA_2019305_aid0001,aid0001,2019-11-01,452.0,205.0,558.0,23856,15198,583386
QA_2019306_aid0001,aid0001,2019-11-02,896.0,352.0,12265.0,23370,14469,572303
QA_2019307_aid0001,aid0001,2019-11-03,454.0,154.0,3561.0,23719,12475,583292
QA_2019308_aid0001,aid0001,2019-11-04,5393.0,873.0,2889.0,18802,9203,586495
QA_2019309_aid0001,aid0001,2019-11-05,7966.0,4108.0,23124.0,16296,7467,564694
QA_2019310_aid0001,aid0001,2019-11-06,9195.0,2005.0,3553.0,15049,12280,581573
QA_2019311_aid0001,aid0001,2019-11-07,10675.0,4900.0,90938.0,13651,10757,492734
QA_2019312_aid0001,aid0001,2019-11-08,7050.0,1866.0,7060.0,17185,10952,579542
QA_2019313_aid0001,aid0001,2019-11-09,6482.0,2463.0,12571.0,17757,8224,576158
QA_2019314_aid0001,aid0001,2019-11-10,8268.0,1510.0,18199.0,15998,9754,569926
QA_2019315_aid0001,aid0001,2019-11-11,6331.0,4174.0,15243.0,17852,8847,571208
QA_2019316_aid0001,aid0001,2019-11-12,8586.0,3344.0,42133.0,15701,12403,541488
QA_2019317_aid0001,aid0001,2019-11-13,10009.0,7476.0,182680.0,14247,7426,401817
QA_2019318_aid0001,aid0001,2019-11-14,7193.0,1815.0,33315.0,17084,12835,551413
QA_2019319_aid0001,aid0001,2019-11-15,13494.0,4638.0,43191.0,10803,6320,545209
QA_2019320_aid0001,aid0001,2019-11-16,9789.0,4438.0,19633.0,14409,7151,568235
QA_2019321_aid0001,aid0001,2019-11-17,1134.0,369.0,4980.0,23127,15054,578991
QA_2019322_aid0001,aid0001,2019-11-18,2817.0,1747.0,14203.0,21468,13108,570312
QA_2019323_aid0001,aid0001,2019-11-19,10330.0,6054.0,183975.0,13925,6937,402434
QA_2019324_aid0001,aid0001,2019-11-20,13000.0,4778.0,169957.0,11186,6317,418417
QA_2019325_aid0001,aid0001,2019-11-21,4353.0,1557.0,41763.0,19887,10350,545745
QA_2019326_aid0001,aid0001,2019-11-22,1728.0,1268.0,53009.0,22490,13382,531778
QA_2019327_aid0001,aid0001,2019-11-23,555.0,233.0,1550.0,23728,15383,582206
QA_2019328_aid0001,aid0001,2019-11-24,1141.0,1165.0,21082.0,23139,11943,565185
QA_2019329_aid0001,aid0001,2019-11-25,2795.0,2121.0,47764.0,21429,8642,540904
QA_2019330_aid0001,aid0001,2019-11-26,20108.0,9799.0,224589.0,4147,3512,361500
QA_2019331_aid0001,aid0001,2019-11-27,3727.0,1500.0,79911.0,20547,14209,503761
QA_2019332_aid0001,aid0001,2019-11-28,5692.0,3600.0,162832.0,18595,12637,420299
QA_2019333_aid0001,aid0001,2019-11-29,5072.0,2083.0,67258.0,19137,12530,517575
QA_2019334_aid0001,aid0001,2019-11-30,16097.0,7568.0,208641.0,8214,7811,375324
QA_2019335_aid0001,aid0001,2019-12-01,5177.0,1257.0,14323.0,19087,14953,568858
QA_2019336_aid0001,aid0001,2019-12-02,4668.0,1294.0,28427.0,19606,13944,555716
QA_2019337_aid0001,aid0001,2019-12-03,9452.0,7478.0,233796.0,14821,8423,349685
QA_2019338_aid0001,aid0001,2019-12-04,1723.0,2291.0,84353.0,22561,14015,498712
QA_2019339_aid0001,aid0001,2019-12-05,16469.0,8665.0,267585.0,7830,4783,318323
QA_2019340_aid0001,aid0001,2019-12-06,8329.0,3520.0,58569.0,15960,10287,526990
QA_2019341_aid0001,aid0001,2019-12-07,17139.0,8179.0,351061.0,7116,5868,234292
QA_2019342_aid0001,aid0001,2019-12-08,3360.0,3340.0,91631.0,20863,12180,492281
QA_2019343_aid0001,aid0001,2019-12-09,6741.0,3714.0,87426.0,17520,11899,496355
QA_2019344_aid0001,aid0001,2019-12-10,11631.0,6069.0,157808.0,12667,9032,426448
QA_2019345_aid0001,aid0001,2019-12-11,16589.0,10427.0,313955.0,7734,2559,272391
QA_2019346_aid0001,aid0001,2019-12-12,8344.0,3354.0,61652.0,15861,11157,523287
QA_2019347_aid0001,aid0001,2019-12-13,9340.0,4375.0,99853.0,14948,10837,484302
QA_2019348_aid0001,aid0001,2019-12-14,6409.0,4554.0,172956.0,17911,11329,410496
QA_2019349_aid0001,aid0001,2019-12-15,2376.0,1451.0,39133.0,21900,12778,546017
QA_2019350_aid0001,aid0001,2019-12-16,3909.0,1901.0,7314.0,20380,10307,579844
QA_2019351_aid0001,aid0001,2019-12-17,11252.0,3285.0,159082.0,13073,11728,425235
QA_2019352_aid0001,aid0001,2019-12-18,10961.0,3613.0,164503.0,13240,10960,420378
QA_2019353_aid0001,aid0001,2019-12-19,1860.0,1017.0,25514.0,22439,14950,557875
QA_2019354_aid0001,aid0001,2019-12-20,2034.0,1763.0,63044.0,22270,14363,520181
QA_2019355_aid0001,aid0001,2019-12-21,3051.0,1759.0,61960.0,21246,14575,521064
QA_2019356_aid0001,aid0001,2019-12-22,7479.0,5545.0,118418.0,16817,8716,466680
QA_2019357_aid0001,aid0001,2019-12-23,3788.0,3263.0,105727.0,20486,10366,480025
QA_2019358_aid0001,aid0001,2019-12-24,14421.0,9754.0,254887.0,9901,5343,329349
QA_2019359_aid0001,aid0001,2019-12-25,9225.0,2986.0,48554.0,15041,13387,534462
QA_2019360_aid0001,aid0001,2019-12-26,2596.0,1580.0,25697.0,21669,12734,559379
QA_2019361_aid0001,aid0001,2019-12-27,5437.0,2816.0,68465.0,18851,8525,519561
QA_2019362_aid0001,aid0001,2019-12-28,3906.0,2026.0,20743.0,20358,9915,566707
QA_2019363_aid0001,aid0001,2019-12-29,13118.0,3964.0,180056.0,11089,11633,403795
QA_2019364_aid0001,aid0001,2019-12-30,1542.0,1158.0,43347.0,22736,14804,540068
QA_2019365_aid0001,aid0001,2019-12-31,3667.0,3167.0,70957.0,20560,11065,514239
QA_2020001_aid0001,aid0001,2020-01-01,6305.0,3598.0,66695.0,18034,10473,518550
QA_2020002_aid0001,aid0001,2020-01-02,11985.0,4937.0,86368.0,12257,6033,502075
QA_2020003_aid0001,aid0001,2020-01-03,6222.0,2322.0,41941.0,17944,10114,545112
QA_2020004_aid0001,aid0001,2020-01-04,1225.0,1247.0,37188.0,23048,14333,546614
QA_2020005_aid0001,aid0001,2020-01-05,2013.0,1765.0,64668.0,22227,13492,519490
QA_2020006_aid0001,aid0001,2020-01-06,1880.0,2006.0,46570.0,22364,10883,539952
QA_2020007_aid0001,aid0001,2020-01-07,13822.0,6192.0,138773.0,10394,4683,449791
QA_2020008_aid0001,aid0001,2020-01-08,17591.0,9193.0,216549.0,6632,3757,369933
QA_2020009_aid0001,aid0001,2020-01-09,5219.0,4026.0,104146.0,19057,11283,479924
QA_2020010_aid0001,aid0001,2020-01-10,3925.0,1835.0,38288.0,20361,13861,545385
QA_2020011_aid0001,aid0001,2020-01-11,4159.0,3404.0,86259.0,20101,10233,499499
QA_2020012_aid0001,aid0001,2020-01-12,8168.0,6388.0,180974.0,16118,6216,405791
QA_2020013_aid0001,aid0001,2020-01-13,8037.0,6375.0,118293.0,16171,6034,468745
QA_2020014_aid0001,aid0001,2020-01-14,5250.0,4361.0,109728.0,19025,9602,475689
QA_2020015_aid0001,aid0001,2020-01-15,9152.0,5658.0,126448.0,15165,10479,456753
QA_2020016_aid0001,aid0001,2020-01-16,12407.0,4433.0,68984.0,11951,11372,514508
QA_2020017_aid0001,aid0001,2020-01-17,12303.0,5681.0,128005.0,12038,8982,456646
QA_2020018_aid0001,aid0001,2020-01-18,6830.0,1906.0,91962.0,17457,12275,493225
QA_2020019_aid0001,aid0001,2020-01-19,17045.0,5722.0,209692.0,7195,9191,374810
QA_2020020_aid0001,aid0001,2020-01-20,677.0,379.0,10359.0,23681,16221,572338
QA_2020021_aid0001,aid0001,2020-01-21,3485.0,4515.0,106791.0,20822,11712,476330
QA_2020022_aid0001,aid0001,2020-01-22,5995.0,2238.0,23312.0,18241,12954,560915
QA_2020023_aid0001,aid0001,2020-01-23,12509.0,8227.0,244506.0,11758,3871,342784
QA_2020024_aid0001,aid0001,2020-01-24,16673.0,7041.0,164839.0,7531,5731,421840
QA_2020025_aid0001,aid0001,2020-01-25,6093.0,5100.0,145205.0,18156,10108,438993
QA_2020026_aid0001,aid0001,2020-01-26,8618.0,2688.0,110552.0,15663,13368,472766
QA_2020027_aid0001,aid0001,2020-01-27,5242.0,4175.0,91438.0,18992,10298,493510
QA_2020028_aid0001,aid0001,2020-01-28,5327.0,2510.0,58191.0,18810,10849,527968
QA_2020029_aid0001,aid0001,2020-01-29,13861.0,7294.0,143414.0,10366,5188,443532
QA_2020030_aid0001,aid0001,2020-01-30,11211.0,3380.0,73627.0,13058,10277,512102
QA_2020031_aid0001,aid0001,2020-01-31,3471.0,1628.0,26231.0,20830,14221,557274
QA_2020032_aid0001,aid0001,2020-02-01,5162.0,3218.0,52522.0,19060,11116,532577
QA_2020033_aid0001,aid0001,2020-02-02,7719.0,3279.0,71514.0,16478,9978,514687
QA_2020034_aid0001,aid0001,2020-02-03,5202.0,1871.0,33668.0,19043,9152,554719
QA_2020035_aid0001,aid0001,2020-02-04,7409.0,5037.0,36345.0,16795,7522,550547
QA_2020036_aid0001,aid0001,2020-02-05,2681.0,2539.0,60264.0,21628,13401,523142
QA_2020037_aid0001,aid0001,2020-02-06,1063.0,1030.0,18103.0,23159,13814,566486
QA_2020038_aid0001,aid0001,2020-02-07,2981.0,1505.0,14255.0,21287,11221,572406
QA_2020039_aid0001,aid0001,2020-02-08,3602.0,1340.0,12863.0,20555,9097,576198
QA_2020040_aid0001,aid0001,2020-02-09,7266.0,1952.0,109314.0,16965,9989,478169
QA_2020041_aid0001,aid0001,2020-02-10,1005.0,485.0,26255.0,23260,14246,558404
QA_2020042_aid0001,aid0001,2020-02-11,418.0,348.0,6576.0,23860,15239,577214
QA_2020043_aid0001,aid0001,2020-02-12,4146.0,2885.0,19163.0,20117,10483,566861
QA_2020044_aid0001,aid0001,2020-02-13,9436.0,3054.0,10815.0,14864,7763,577723
QA_2020045_aid0001,aid0001,2020-02-14,7984.0,4031.0,11411.0,16304,7310,576615
QA_2020046_aid0001,aid0001,2020-02-15,4431.0,3090.0,57441.0,19856,10679,528158
QA_2020047_aid0001,aid0001,2020-02-16,847.0,474.0,18082.0,23437,15542,565273
QA_2020048_aid0001,aid0001,2020-02-17,4180.0,3013.0,9263.0,20111,10768,576320
QA_2020049_aid0001,aid0001,2020-02-18,10142.0,4051.0,49915.0,14152,8631,536764
QA_2020050_aid0001,aid0001,2020-02-19,3363.0,1742.0,3819.0,20826,9078,584827
QA_2020051_aid0001,aid0001,2020-02-20,6348.0,2318.0,27583.0,17832,10496,559078
QA_2020052_aid0001,aid0001,2020-02-21,5719.0,3052.0,113556.0,18556,12542,470230
QA_2020053_aid0001,aid0001,2020-02-22,6390.0,2722.0,117181.0,17909,12165,467288
QA_2020054_aid0001,aid0001,2020-02-23,4402.0,2444.0,56454.0,19862,10173,530320
QA_2020055_aid0001,aid0001,2020-02-24,4387.0,1794.0,11891.0,19879,8628,577076
QA_2020056_aid0001,aid0001,2020-02-25,3489.0,1075.0,5396.0,20736,10514,582445
QA_2020057_aid0001,aid0001,2020-02-26,367.0,244.0,4214.0,23900,14206,580724
QA_2020058_aid0001,aid0001,2020-02-27,11546.0,2965.0,112452.0,12709,12702,471281
QA_2020059_aid0001,aid0001,2020-02-28,7583.0,4304.0,96668.0,16682,10380,488038
QA_2020060_aid0001,aid0001,2020-02-29,12587.0,6189.0,143563.0,11631,5920,443765
QA_2020061_aid0001,aid0001,2020-03-01,13351.0,4421.0,95888.0,10938,9160,489897
QA_2020062_aid0001,aid0001,2020-03-02,1306.0,802.0,20832.0,22928,12548,565239
QA_2020063_aid0001,aid0001,2020-03-03,419.0,345.0,8078.0,23870,15349,575594
QA_2020064_aid0001,aid0001,2020-03-04,6406.0,2515.0,9933.0,17805,11172,575824
QA_2020065_aid0001,aid0001,2020-03-05,10532.0,3849.0,44382.0,13663,8069,543160
QA_2020066_aid0001,aid0001,2020-03-06,10629.0,5889.0,88922.0,13513,6419,498283
QA_2020067_aid0001,aid0001,2020-03-07,4505.0,1487.0,46095.0,19675,13441,538452
QA_2020068_aid0001,aid0001,2020-03-08,10560.0,8238.0,206437.0,13733,7728,376959
QA_2020069_aid0001,aid0001,2020-03-09,4264.0,1876.0,45573.0,20004,13933,538005
QA_2020070_aid0001,aid0001,2020-03-10,8583.0,4077.0,96968.0,15693,9416,488918
QA_2020071_aid0001,aid0001,2020-03-11,5460.0,2824.0,98631.0,18770,7862,490108
QA_2020072_aid0001,aid0001,2020-03-12,14525.0,3002.0,183783.0,9682,8986,403677
QA_2020073_aid0001,aid0001,2020-03-13,10972.0,3980.0,102154.0,13350,10644,482555
QA_2020074_aid0001,aid0001,2020-03-14,15278.0,8911.0,257086.0,9016,7159,326205
QA_2020075_aid0001,aid0001,2020-03-15,10659.0,4292.0,131437.0,13666,11361,452240
QA_2020076_aid0001,aid0001,2020-03-16,10720.0,3101.0,187626.0,13457,11842,396909
QA_2020077_aid0001,aid0001,2020-03-17,9027.0,4730.0,105442.0,15184,9359,479913
QA_2020078_aid0001,aid0001,2020-03-18,3695.0,2197.0,163863.0,20578,13159,420163
QA_2020079_aid0001,aid0001,2020-03-19,5946.0,3501.0,185861.0,18323,12550,397474
QA_2020080_aid0001,aid0001,2020-03-20,11844.0,4485.0,176431.0,12396,9629,408870
QA_2020081_aid0001,aid0001,2020-03-21,5992.0,3318.0,65031.0,18293,9653,521368
QA_2020082_aid0001,aid0001,2020-03-22,15790.0,5112.0,110157.0,8437,6635,477524
QA_2020083_aid0001,aid0001,2020-03-23,11852.0,5942.0,112907.0,12355,6958,473641
QA_2020084_aid0001,aid0001,2020-03-24,8689.0,6662.0,200871.0,15593,9277,382563
QA_2020085_aid0001,aid0001,2020-03-25,4477.0,3645.0,117801.0,19822,11634,466276
QA_2020086_aid0001,aid0001,2020-03-26,3217.0,2438.0,85205.0,21101,10805,500889
QA_2020087_aid0001,aid0001,2020-03-27,8347.0,4714.0,81753.0,15866,6547,506428
QA_2020088_aid0001,aid0001,2020-03-28,9503.0,3107.0,146583.0,14742,11831,437889
QA_2020089_aid0001,aid0001,2020-03-29,3505.0,4743.0,117893.0,20757,10551,466206
QA_2020090_aid0001,aid0001,2020-03-30,2787.0,2000.0,44223.0,21493,14253,538899
QA_2020091_aid0001,aid0001,2020-03-31,8508.0,4524.0,181164.0,15727,9095,404637
QA_2020092_aid0001,aid0001,2020-04-01,5433.0,2148.0,34171.0,18735,8867,554301
QA_2020093_aid0001,aid0001,2020-04-02,1364.0,759.0,11229.0,22907,10827,576569
QA_2020094_aid0001,aid0001,2020-04-03,519.0,288.0,10838.0,23714,12796,575500
QA_2020095_aid0001,aid0001,2020-04-04,7489.0,9245.0,210404.0,16800,6791,372926
QA_2020096_aid0001,aid0001,2020-04-05,7131.0,3180.0,155057.0,17169,13191,427927
QA_2020097_aid0001,aid0001,2020-04-06,10189.0,5765.0,163274.0,14014,8269,422144
QA_2020098_aid0001,aid0001,2020-04-07,12453.0,5293.0,130528.0,11775,6537,457069
QA_2020099_aid0001,aid0001,2020-04-08,11364.0,5059.0,133183.0,12919,8392,452738
QA_2020100_aid0001,aid0001,2020-04-09,8373.0,4514.0,125172.0,15871,11463,458262
QA_2020101_aid0001,aid0001,2020-04-10,3581.0,2582.0,72561.0,20694,12373,511864
QA_2020102_aid0001,aid0001,2020-04-11,8684.0,3671.0,89504.0,15533,9188,497075
QA_2020103_aid0001,aid0001,2020-04-12,14818.0,4966.0,136826.0,9300,6048,451697
QA_2020104_aid0001,aid0001,2020-04-13,9394.0,2331.0,58742.0,14871,9440,528877
QA_2020105_aid0001,aid0001,2020-04-14,451.0,321.0,8506.0,23883,14085,576409
QA_2020106_aid0001,aid0001,2020-04-15,3068.0,2157.0,69287.0,21230,13446,514467
QA_2020107_aid0001,aid0001,2020-04-16,9942.0,3524.0,50997.0,14239,9800,535153
QA_2020108_aid0001,aid0001,2020-04-17,11893.0,5011.0,91332.0,12341,7621,495457
QA_2020109_aid0001,aid0001,2020-04-18,15868.0,7227.0,181789.0,8338,5535,404898
QA_2020110_aid0001,aid0001,2020-04-19,4085.0,2630.0,58807.0,20168,10627,527338
QA_2020111_aid0001,aid0001,2020-04-20,5219.0,4972.0,238124.0,19048,11071,345221
QA_2020112_aid0001,aid0001,2020-04-21,798.0,1087.0,49605.0,23436,12539,536190
QA_2020113_aid0001,aid0001,2020-04-22,7744.0,4193.0,113812.0,16490,7818,473598
QA_2020114_aid0001,aid0001,2020-04-23,4519.0,2341.0,18473.0,19733,8006,570583
QA_2020115_aid0001,aid0001,2020-04-24,2573.0,1894.0,30494.0,21621,9766,557307
QA_2020116_aid0001,aid0001,2020-04-25,3053.0,2768.0,72050.0,21255,12914,511615
QA_2020117_aid0001,aid0001,2020-04-26,3677.0,1012.0,40938.0,20567,13807,543654
QA_2020118_aid0001,aid0001,2020-04-27,4343.0,2537.0,36037.0,19862,10579,550297
QA_2020119_aid0001,aid0001,2020-04-28,8085.0,1355.0,10526.0,16106,8845,578738
QA_2020120_aid0001,aid0001,2020-04-29,16993.0,7925.0,186942.0,7223,5285,399287
QA_2020121_aid0001,aid0001,2020-04-30,3821.0,1445.0,24005.0,20357,13138,560889
QA_2020122_aid0001,aid0001,2020-05-01,933.0,622.0,18982.0,23334,15085,564699
QA_2020123_aid0001,aid0001,2020-05-02,7750.0,5167.0,146387.0,16467,7880,440004
QA_2020124_aid0001,aid0001,2020-05-03,1203.0,1230.0,19756.0,22956,9445,569065
QA_2020125_aid0001,aid0001,2020-05-04,2643.0,1296.0,4891.0,21586,10104,583135
QA_2020126_aid0001,aid0001,2020-05-05,4115.0,2521.0,18968.0,20067,10605,567379
QA_2020127_aid0001,aid0001,2020-05-06,700.0,410.0,25360.0,23601,15352,558232
QA_2020128_aid0001,aid0001,2020-05-07,851.0,392.0,12067.0,23380,13204,573761
QA_2020129_aid0001,aid0001,2020-05-08,8870.0,2063.0,10119.0,15308,9672,577623
QA_2020130_aid0001,aid0001,2020-05-09,17278.0,4996.0,9399.0,6972,5669,579341
QA_2020131_aid0001,aid0001,2020-05-10,15240.0,5311.0,35553.0,8913,6687,551951
QA_2020132_aid0001,aid0001,2020-05-11,3588.0,3916.0,58044.0,20695,11824,525588
QA_2020133_aid0001,aid0001,2020-05-12,7500.0,4894.0,128361.0,16748,10674,455478
QA_2020134_aid0001,aid0001,2020-05-13,7486.0,5271.0,103210.0,16798,9236,481654
QA_2020135_aid0001,aid0001,2020-05-14,3831.0,3584.0,94676.0,20365,9884,491315
QA_2020136_aid0001,aid0001,2020-05-15,7325.0,3571.0,25642.0,16908,7869,562340
QA_2020137_aid0001,aid0001,2020-05-16,2450.0,1092.0,38369.0,21752,14114,545878
QA_2020138_aid0001,aid0001,2020-05-17,9313.0,4243.0,133841.0,14995,11603,449660
QA_2020139_aid0001,aid0001,2020-05-18,8085.0,4974.0,116112.0,16203,9632,468649
QA_2020140_aid0001,aid0001,2020-05-19,3029.0,4314.0,115931.0,21143,7534,471704
QA_2020141_aid0001,aid0001,2020-05-20,3504.0,2226.0,32735.0,20710,9451,555029
QA_2020142_aid0001,aid0001,2020-05-21,1608.0,1780.0,24491.0,22595,11362,561819
QA_2020143_aid0001,aid0001,2020-05-22,905.0,729.0,36377.0,23377,15056,547211
QA_2020144_aid0001,aid0001,2020-05-23,1540.0,412.0,5267.0,22739,13252,580445
QA_2020145_aid0001,aid0001,2020-05-24,1856.0,1006.0,20536.0,22351,10769,567137
QA_2020146_aid0001,aid0001,2020-05-25,2983.0,475.0,4701.0,21223,9777,584496
QA_2020147_aid0001,aid0001,2020-05-26,7403.0,2536.0,11547.0,16714,9148,576307
QA_2020148_aid0001,aid0001,2020-05-27,9062.0,967.0,10007.0,15205,14376,574038
QA_2020149_aid0001,aid0001,2020-05-28,14319.0,1198.0,7807.0,9901,13564,576866
QA_2020150_aid0001,aid0001,2020-05-29,13946.0,6149.0,190801.0,10300,6815,395644
QA_2020151_aid0001,aid0001,2020-05-30,11865.0,4315.0,133031.0,12140,8816,453488
QA_2020152_aid0001,aid0001,2020-05-31,17338.0,9435.0,231905.0,6955,2994,355028
QA_2020153_aid0001,aid0001,2020-06-01,5728.0,2500.0,107964.0,18559,12745,476159
QA_2020154_aid0001,aid0001,2020-06-02,6707.0,2289.0,89693.0,17555,13332,494079
QA_2020155_aid0001,aid0001,2020-06-03,2508.0,958.0,25088.0,21766,12044,561291
QA_2020156_aid0001,aid0001,2020-06-04,8139.0,1057.0,9989.0,15953,9605,578912
QA_2020157_aid0001,aid0001,2020-06-05,18488.0,7884.0,149389.0,5741,4044,438109
QA_2020158_aid0001,aid0001,2020-06-06,1774.0,1973.0,66953.0,22394,11298,519263
QA_2020159_aid0001,aid0001,2020-06-07,2179.0,2356.0,65637.0,22091,13533,517859
QA_2020160_aid0001,aid0001,2020-06-08,891.0,1190.0,21697.0,23346,12437,564094
QA_2020161_aid0001,aid0001,2020-06-09,1738.0,1680.0,15954.0,22478,10000,571805
QA_2020162_aid0001,aid0001,2020-06-10,4242.0,2371.0,16190.0,20048,7930,572874
QA_2020163_aid0001,aid0001,2020-06-11,9127.0,4744.0,44089.0,15011,7194,543490
QA_2020164_aid0001,aid0001,2020-06-12,2035.0,2977.0,80591.0,22256,12874,502922
QA_2020165_aid0001,aid0001,2020-06-13,2425.0,3112.0,71362.0,21842,12214,512700
QA_2020166_aid0001,aid0001,2020-06-14,5586.0,1305.0,9453.0,18631,11170,577510
QA_2020167_aid0001,aid0001,2020-06-15,9488.0,6184.0,126827.0,14785,6275,460096
QA_2020168_aid0001,aid0001,2020-06-16,7609.0,2274.0,18730.0,16741,9095,569206
QA_2020169_aid0001,aid0001,2020-06-17,976.0,159.0,2533.0,23319,14134,582534
QA_2020170_aid0001,aid0001,2020-06-18,5918.0,864.0,4298.0,18350,14640,579585
QA_2020171_aid0001,aid0001,2020-06-19,12117.0,1732.0,8461.0,12095,11215,578035
QA_2020172_aid0001,aid0001,2020-06-20,15820.0,3793.0,6785.0,8337,6991,581929
QA_2020173_aid0001,aid0001,2020-06-21,12960.0,2065.0,5881.0,11292,9260,582197
QA_2020174_aid0001,aid0001,2020-06-22,11384.0,747.0,1178.0,12879,12106,585361
QA_2020175_aid0001,aid0001,2020-06-23,9132.0,661.0,25306.0,15141,14994,558421
QA_2020176_aid0001,aid0001,2020-06-24,10073.0,3208.0,129189.0,14105,10436,456644
QA_2020177_aid0001,aid0001,2020-06-25,12266.0,1896.0,62674.0,11899,9821,525099
QA_2020178_aid0001,aid0001,2020-06-26,13552.0,947.0,14628.0,10695,9423,574410
QA_2020179_aid0001,aid0001,2020-06-27,13257.0,1867.0,3811.0,10917,9712,584091
QA_2020180_aid0001,aid0001,2020-06-28,10303.0,2719.0,73250.0,13938,12750,510695
QA_2020181_aid0001,aid0001,2020-06-29,874.0,582.0,15963.0,23396,14193,568647
QA_2020182_aid0001,aid0001,2020-06-30,4829.0,813.0,5010.0,19377,11714,581912
QA_2020183_aid0001,aid0001,2020-07-01,10795.0,1557.0,8905.0,13346,8761,580291
QA_2020184_aid0001,aid0001,2020-07-02,5885.0,971.0,3652.0,18249,10526,584372
QA_2020185_aid0001,aid0001,2020-07-03,2490.0,422.0,1104.0,21721,14032,583886
QA_2020186_aid0001,aid0001,2020-07-04,433.0,88.0,1768.0,23836,15454,582076
QA_2020187_aid0001,aid0001,2020-07-05,439.0,16.0,3414.0,23817,12949,583020
QA_2020188_aid0001,aid0001,2020-07-06,2300.0,836.0,11105.0,21915,9735,577764
QA_2020189_aid0001,aid0001,2020-07-07,640.0,187.0,2572.0,23507,11141,585608
QA_2020190_aid0001,aid0001,2020-07-08,2483.0,452.0,1503.0,21737,12584,584896
QA_2020191_aid0001,aid0001,2020-07-09,3095.0,479.0,2496.0,21179,15176,581230
QA_2020192_aid0001,aid0001,2020-07-10,4212.0,907.0,19878.0,20040,12741,565877
QA_2020193_aid0001,aid0001,2020-07-11,1910.0,702.0,34363.0,22323,10958,553399
QA_2020194_aid0001,aid0001,2020-07-12,79.0,130.0,9269.0,24131,10091,579955
QA_2020195_aid0001,aid0001,2020-07-13,6166.0,1005.0,1495.0,17960,10624,586405
QA_2020196_aid0001,aid0001,2020-07-14,6369.0,766.0,2845.0,17895,14710,581070
QA_2020197_aid0001,aid0001,2020-07-15,5574.0,487.0,6022.0,18707,14156,578709
QA_2020198_aid0001,aid0001,2020-07-16,5278.0,445.0,12626.0,18903,12089,574314
QA_2020199_aid0001,aid0001,2020-07-17,7271.0,931.0,6792.0,16916,9178,582567
QA_2020200_aid0001,aid0001,2020-07-18,5990.0,498.0,2701.0,18221,10833,585412
QA_2020201_aid0001,aid0001,2020-07-19,8442.0,1071.0,9632.0,15806,13349,575355
QA_2020202_aid0001,aid0001,2020-07-20,8011.0,1850.0,30593.0,16250,13767,553184
QA_2020203_aid0001,aid0001,2020-07-21,8681.0,2824.0,70648.0,15541,10262,515699
QA_2020204_aid0001,aid0001,2020-07-22,14895.0,3931.0,32679.0,9189,7130,555831
QA_2020205_aid0001,aid0001,2020-07-23,10919.0,2141.0,9525.0,13300,9197,578573
QA_2020206_aid0001,aid0001,2020-07-24,6511.0,1513.0,7831.0,17726,11375,578699
QA_2020207_aid0001,aid0001,2020-07-25,5512.0,848.0,12484.0,18772,14891,571148
QA_2020208_aid0001,aid0001,2020-07-26,8362.0,990.0,24112.0,15880,12556,561755
QA_2020209_aid0001,aid0001,2020-07-27,11683.0,2686.0,37028.0,12524,9298,550436
QA_2020210_aid0001,aid0001,2020-07-28,11097.0,1040.0,3382.0,13100,9387,585649
QA_2020211_aid0001,aid0001,2020-07-29,14473.0,1246.0,839.0,9812,10185,587100
QA_2020212_aid0001,aid0001,2020-07-30,8158.0,964.0,1252.0,16169,14374,582738
QA_2020213_aid0001,aid0001,2020-07-31,3866.0,738.0,2900.0,20434,14058,581659
QA_2020214_aid0001,aid0001,2020-08-01,3257.0,957.0,4450.0,21006,11560,582425
QA_2020215_aid0001,aid0001,2020-08-02,10071.0,832.0,3380.0,14025,9365,585982
QA_2020216_aid0001,aid0001,2020-08-03,7755.0,559.0,1260.0,16491,10904,586686
QA_2020217_aid0001,aid0001,2020-08-04,9518.0,1265.0,6953.0,14626,13234,578059
QA_2020218_aid0001,aid0001,2020-08-05,6999.0,2692.0,30180.0,17285,12847,553652
QA_2020219_aid0001,aid0001,2020-08-06,4573.0,1046.0,20255.0,19645,11801,566335
QA_2020220_aid0001,aid0001,2020-08-07,3115.0,290.0,4699.0,21112,10306,584133
QA_2020221_aid0001,aid0001,2020-08-08,5113.0,482.0,2458.0,19124,10762,585716
QA_2020222_aid0001,aid0001,2020-08-09,5571.0,203.0,936.0,18637,12689,585619
QA_2020223_aid0001,aid0001,2020-08-10,7792.0,797.0,21280.0,16485,14918,562383
QA_2020224_aid0001,aid0001,2020-08-11,5539.0,1466.0,34540.0,18639,12223,551248
QA_2020225_aid0001,aid0001,2020-08-12,6613.0,1160.0,9830.0,17531,10494,578027
QA_2020226_aid0001,aid0001,2020-08-13,8245.0,3129.0,140800.0,16030,7914,447537
QA_2020227_aid0001,aid0001,2020-08-14,1957.0,2332.0,7959.0,22337,9300,579770
QA_2020228_aid0001,aid0001,2020-08-15,1378.0,2457.0,144951.0,22939,12970,438960
QA_2020229_aid0001,aid0001,2020-08-16,5668.0,5012.0,122715.0,18589,10030,461641
QA_2020230_aid0001,aid0001,2020-08-17,10885.0,7293.0,161833.0,13382,6191,424071
QA_2020231_aid0001,aid0001,2020-08-18,9086.0,5460.0,66824.0,15059,5337,521889
QA_2020232_aid0001,aid0001,2020-08-19,7695.0,3006.0,36172.0,16515,8644,551623
QA_2020233_aid0001,aid0001,2020-08-20,896.0,214.0,2364.0,23367,14108,582706
QA_2020234_aid0001,aid0001,2020-08-21,5248.0,748.0,46241.0,19025,14798,537595
QA_2020235_aid0001,aid0001,2020-08-22,2940.0,1102.0,42364.0,21226,11912,544111
QA_2020236_aid0001,aid0001,2020-08-23,15989.0,4198.0,61894.0,8233,6584,526757
QA_2020237_aid0001,aid0001,2020-08-24,12680.0,2320.0,20412.0,11442,9533,567268
QA_2020238_aid0001,aid0001,2020-08-25,8354.0,1263.0,3878.0,15882,11767,582511
QA_2020239_aid0001,aid0001,2020-08-26,11073.0,2367.0,16842.0,13244,13264,566865
QA_2020240_aid0001,aid0001,2020-08-27,6022.0,911.0,8703.0,18200,12788,577031
QA_2020241_aid0001,aid0001,2020-08-28,7700.0,480.0,10112.0,16469,11287,577607
QA_2020242_aid0001,aid0001,2020-08-29,9551.0,968.0,3454.0,14624,9342,585716
QA_2020243_aid0001,aid0001,2020-08-30,7234.0,572.0,923.0,16869,11086,586971
QA_2020244_aid0001,aid0001,2020-08-31,5850.0,617.0,1762.0,18409,14727,582290
QA_2020245_aid0001,aid0001,2020-09-01,7369.0,771.0,2862.0,16841,14083,581729
QA_2020246_aid0001,aid0001,2020-09-02,7789.0,596.0,3771.0,16411,11915,583173
QA_2020247_aid0001,aid0001,2020-09-03,6580.0,609.0,3069.0,17619,9607,586171
QA_2020248_aid0001,aid0001,2020-09-04,2189.0,542.0,1472.0,22082,10836,586534
QA_2020249_aid0001,aid0001,2020-09-05,265.0,155.0,6049.0,23944,14149,579093
QA_2020250_aid0001,aid0001,2020-09-06,654.0,262.0,19157.0,23616,15369,564597
QA_2020251_aid0001,aid0001,2020-09-07,2921.0,71.0,4710.0,21345,12813,581795
QA_2020252_aid0001,aid0001,2020-09-08,19469.0,1545.0,8272.0,4576,9192,580601
QA_2020253_aid0001,aid0001,2020-09-09,19583.0,3601.0,8019.0,4591,7907,579954
QA_2020254_aid0001,aid0001,2020-09-10,21670.0,2866.0,50951.0,2430,10194,535544
QA_2020255_aid0001,aid0001,2020-09-11,8248.0,407.0,1008.0,15997,15326,582669
QA_2020256_aid0001,aid0001,2020-09-12,10253.0,789.0,3089.0,13894,12837,582793
QA_2020257_aid0001,aid0001,2020-09-13,8465.0,1721.0,4944.0,15741,10005,582779
QA_2020258_aid0001,aid0001,2020-09-14,4420.0,928.0,5834.0,19752,9456,583265
QA_2020259_aid0001,aid0001,2020-09-15,4866.0,307.0,2264.0,19258,11225,585735
QA_2020260_aid0001,aid0001,2020-09-16,3689.0,213.0,2101.0,20576,15277,581799
QA_2020261_aid0001,aid0001,2020-09-17,7564.0,1975.0,84685.0,16614,12831,499986
QA_2020262_aid0001,aid0001,2020-09-18,7206.0,4103.0,60647.0,17066,9246,525387
QA_2020263_aid0001,aid0001,2020-09-19,3430.0,492.0,3681.0,20843,9461,585748
QA_2020264_aid0001,aid0001,2020-09-20,10190.0,661.0,1258.0,14017,10944,586585
QA_2020265_aid0001,aid0001,2020-09-21,5940.0,856.0,3521.0,18243,13565,581530
QA_2020266_aid0001,aid0001,2020-09-22,4965.0,1064.0,13657.0,19298,14563,570108
QA_2020267_aid0001,aid0001,2020-09-23,3394.0,1748.0,6600.0,20850,11384,579679
QA_2020268_aid0001,aid0001,2020-09-24,4436.0,1886.0,11363.0,19804,8765,577401
QA_2020269_aid0001,aid0001,2020-09-25,2756.0,1346.0,10484.0,21421,10089,577559
QA_2020270_aid0001,aid0001,2020-09-26,2695.0,1890.0,19066.0,21588,11148,567268
QA_2020271_aid0001,aid0001,2020-09-27,2623.0,56.0,659.0,21639,15678,583000
QA_2020272_aid0001,aid0001,2020-09-28,6139.0,107.0,3259.0,18043,13540,582567
QA_2020273_aid0001,aid0001,2020-09-29,10507.0,651.0,3108.0,13614,11198,584577
QA_2020274_aid0001,aid0001,2020-09-30,5446.0,504.0,2997.0,18743,9843,586122
QA_2020275_aid0001,aid0001,2020-10-01,4758.0,451.0,931.0,19186,11290,587039
QA_2020276_aid0001,aid0001,2020-10-02,1628.0,29.0,760.0,22616,15489,583133
QA_2020277_aid0001,aid0001,2020-10-03,5952.0,233.0,1772.0,18235,14594,582869
QA_2020278_aid0001,aid0001,2020-10-04,9357.0,1201.0,3833.0,14858,11215,583191
QA_2020279_aid0001,aid0001,2020-10-05,15135.0,1791.0,20951.0,9067,8479,568232
QA_2020280_aid0001,aid0001,2020-10-06,15578.0,4166.0,88107.0,8626,7569,499609
QA_2020281_aid0001,aid0001,2020-10-07,8901.0,2692.0,5749.0,15341,11720,579252
QA_2020282_aid0001,aid0001,2020-10-08,6653.0,3639.0,92984.0,17582,12238,490559
QA_2020283_aid0001,aid0001,2020-10-09,5347.0,1937.0,44403.0,18888,10890,542190
QA_2020284_aid0001,aid0001,2020-10-10,9746.0,5855.0,92950.0,14510,6920,493674
QA_2020285_aid0001,aid0001,2020-10-11,1044.0,356.0,2068.0,23180,10731,586276
QA_2020286_aid0001,aid0001,2020-10-12,2136.0,996.0,4195.0,22126,11905,582297
QA_2020287_aid0001,aid0001,2020-10-13,1372.0,477.0,8317.0,22906,15224,575359
QA_2020288_aid0001,aid0001,2020-10-14,705.0,688.0,2699.0,23540,12972,583051
QA_2020289_aid0001,aid0001,2020-10-15,674.0,39.0,3041.0,23595,11672,584634
QA_2020290_aid0001,aid0001,2020-10-16,3215.0,281.0,2763.0,21048,10065,586283
QA_2020291_aid0001,aid0001,2020-10-17,2443.0,387.0,862.0,21855,10967,587141
QA_2020292_aid0001,aid0001,2020-10-18,3815.0,107.0,916.0,20478,15315,583024
QA_2020293_aid0001,aid0001,2020-10-19,9112.0,834.0,2105.0,15139,13946,582519
QA_2020294_aid0001,aid0001,2020-10-20,9092.0,587.0,3876.0,15061,11966,583073
QA_2020295_aid0001,aid0001,2020-10-21,10531.0,1964.0,6602.0,13714,8394,582450
QA_2020296_aid0001,aid0001,2020-10-22,13902.0,2223.0,10164.0,10375,9216,577775
QA_2020297_aid0001,aid0001,2020-10-23,10140.0,2178.0,35616.0,14073,12255,549393
QA_2020298_aid0001,aid0001,2020-10-24,4670.0,1654.0,44634.0,19625,14013,539059
QA_2020299_aid0001,aid0001,2020-10-25,8965.0,2660.0,94849.0,15283,10328,491570
QA_2020300_aid0001,aid0001,2020-10-26,3207.0,764.0,5533.0,20947,10191,583013
QA_2020301_aid0001,aid0001,2020-10-27,686.0,514.0,1989.0,23513,10793,586160
QA_2020302_aid0001,aid0001,2020-10-28,426.0,154.0,697.0,23802,12742,585834
QA_2020303_aid0001,aid0001,2020-10-29,1262.0,190.0,1017.0,23014,15566,582606
QA_2020304_aid0001,aid0001,2020-10-30,2398.0,471.0,4405.0,21876,13091,581414
QA_2020305_aid0001,aid0001,2020-10-31,5541.0,942.0,13711.0,18705,10664,574092
QA_2020306_aid0001,aid0001,2020-11-01,12496.0,2728.0,42132.0,11705,8091,546503
QA_2020307_aid0001,aid0001,2020-11-02,11200.0,1798.0,8955.0,13016,9787,578899
QA_2020308_aid0001,aid0001,2020-11-03,3481.0,618.0,14722.0,20813,14774,569247
QA_2020309_aid0001,aid0001,2020-11-04,657.0,51.0,1655.0,23618,14669,583005
QA_2020310_aid0001,aid0001,2020-11-05,9651.0,2381.0,123317.0,14595,10111,463600
QA_2020311_aid0001,aid0001,2020-11-06,14340.0,7537.0,120830.0,9858,4397,466693
QA_2020312_aid0001,aid0001,2020-11-07,8874.0,3690.0,154640.0,15386,9089,431976
QA_2020313_aid0001,aid0001,2020-11-08,5757.0,4093.0,139510.0,18470,11261,444564
QA_2020314_aid0001,aid0001,2020-11-09,2828.0,1883.0,59006.0,21462,13811,524665
QA_2020315_aid0001,aid0001,2020-11-10,3303.0,1864.0,22773.0,20871,11205,563639
QA_2020316_aid0001,aid0001,2020-11-11,9101.0,6509.0,142797.0,15128,5263,444857
QA_2020317_aid0001,aid0001,2020-11-12,7998.0,4006.0,8772.0,16222,7705,578952
QA_2020318_aid0001,aid0001,2020-11-13,5581.0,3788.0,75774.0,18723,11140,508649
QA_2020319_aid0001,aid0001,2020-11-14,3433.0,3857.0,96943.0,20895,11950,486577
QA_2020320_aid0001,aid0001,2020-11-15,3529.0,2921.0,86705.0,20712,10922,498866
QA_2020321_aid0001,aid0001,2020-11-16,4008.0,3685.0,68100.0,20216,8571,519075
QA_2020322_aid0001,aid0001,2020-11-17,10937.0,5433.0,175727.0,13285,8698,409575
QA_2020323_aid0001,aid0001,2020-11-18,8963.0,2490.0,63317.0,15359,11399,522127
QA_2020324_aid0001,aid0001,2020-11-19,2937.0,1857.0,49002.0,21389,13689,534781
QA_2020325_aid0001,aid0001,2020-11-20,3560.0,1924.0,142800.0,20729,13048,441594
QA_2020326_aid0001,aid0001,2020-11-21,5973.0,2400.0,64202.0,18303,10243,522534
QA_2020327_aid0001,aid0001,2020-11-22,13448.0,6616.0,112553.0,10775,5010,475253
QA_2020328_aid0001,aid0001,2020-11-23,6306.0,2458.0,21793.0,17888,9366,565844
QA_2020329_aid0001,aid0001,2020-11-24,1201.0,631.0,3380.0,23079,13802,581562
QA_2020330_aid0001,aid0001,2020-11-25,1359.0,1164.0,33119.0,22969,14418,550626
QA_2020331_aid0001,aid0001,2020-11-26,672.0,664.0,4665.0,23620,12433,581601
QA_2020332_aid0001,aid0001,2020-11-27,513.0,734.0,4428.0,23709,10082,584189
QA_2020333_aid0001,aid0001,2020-11-28,1974.0,1252.0,7647.0,22294,10098,580390
QA_2020334_aid0001,aid0001,2020-11-29,719.0,1098.0,6913.0,23465,11919,579541
QA_2020335_aid0001,aid0001,2020-11-30,2541.0,1223.0,20006.0,21723,14578,563584
QA_2020336_aid0001,aid0001,2020-12-01,238.0,476.0,4733.0,24007,13151,581050
QA_2020337_aid0001,aid0001,2020-12-02,6225.0,1839.0,6882.0,17976,9986,580747
QA_2020338_aid0001,aid0001,2020-12-03,4861.0,2310.0,9687.0,19376,8330,579091
QA_2020339_aid0001,aid0001,2020-12-04,1151.0,696.0,1835.0,22977,10936,586060
QA_2020340_aid0001,aid0001,2020-12-05,11030.0,7307.0,142801.0,13230,8321,440966
QA_2020341_aid0001,aid0001,2020-12-06,4741.0,3571.0,89971.0,19560,11418,494394
QA_2020342_aid0001,aid0001,2020-12-07,7231.0,2110.0,47000.0,17012,10555,539747
QA_2020343_aid0001,aid0001,2020-12-08,8023.0,2570.0,133932.0,16223,8186,454721
QA_2020344_aid0001,aid0001,2020-12-09,13146.0,5577.0,169413.0,11081,7062,417376
QA_2020345_aid0001,aid0001,2020-12-10,6549.0,1739.0,15338.0,17726,12705,569598
QA_2020346_aid0001,aid0001,2020-12-11,8806.0,7497.0,267894.0,15505,8604,315349
QA_2020347_aid0001,aid0001,2020-12-12,9403.0,4171.0,106974.0,14886,10636,477585
QA_2020348_aid0001,aid0001,2020-12-13,9415.0,3406.0,165184.0,14867,11768,419015
QA_2020349_aid0001,aid0001,2020-12-14,3370.0,2557.0,56063.0,20793,9929,530943
QA_2020350_aid0001,aid0001,2020-12-15,3951.0,4259.0,84897.0,20373,9946,500229
QA_2020351_aid0001,aid0001,2020-12-16,5669.0,4956.0,111338.0,18612,11146,471934
QA_2020352_aid0001,aid0001,2020-12-17,8491.0,4702.0,49146.0,15801,10191,535324
QA_2020353_aid0001,aid0001,2020-12-18,724.0,1214.0,26238.0,23566,10996,560917
QA_2020354_aid0001,aid0001,2020-12-19,6149.0,6149.0,102321.0,18065,5423,485548
QA_2020355_aid0001,aid0001,2020-12-20,2771.0,2723.0,38365.0,21330,9131,549335
QA_2020356_aid0001,aid0001,2020-12-21,3364.0,3119.0,55149.0,20908,12466,528649
QA_2020357_aid0001,aid0001,2020-12-22,1051.0,1904.0,45916.0,23225,13004,538555
QA_2020358_aid0001,aid0001,2020-12-23,8615.0,2482.0,49976.0,15703,10635,536244
QA_2020359_aid0001,aid0001,2020-12-24,4810.0,2542.0,51354.0,19445,11356,534148
QA_2020360_aid0001,aid0001,2020-12-25,6886.0,5819.0,130494.0,17402,7661,455393
QA_2020361_aid0001,aid0001,2020-12-26,2691.0,1910.0,85070.0,21612,13193,499179
QA_2020362_aid0001,aid0001,2020-12-27,4681.0,2629.0,92946.0,19664,13380,490355
QA_2020363_aid0001,aid0001,2020-12-28,4872.0,1950.0,65318.0,19385,13367,518763
QA_2020364_aid0001,aid0001,2020-12-29,1505.0,1961.0,48883.0,22752,9794,538760
QA_2020365_aid0001,aid0001,2020-12-30,5771.0,2567.0,27908.0,18508,10317,558584
QA_2020366_aid0001,aid0001,2020-12-31,3887.0,3275.0,115156.0,20303,10451,470583
