File,aid,Date,0,2,3,8,17,25,65,73,81,89,129,137,145,153
QC_Night_2019001_aid0001,aid0001,2019-01-01,432239.0,235031,34183,21126.0,170855.0,106.0,220213.0,16023.0,84751.0,142.0,,,844.0,1.0
QC_Night_2019002_aid0001,aid0001,2019-01-02,238291.0,417973,34183,33311.0,150386.0,46.0,208041.0,11927.0,118964.0,135.0,,,2256.0,1.0
QC_Night_2019003_aid0001,aid0001,2019-01-03,387367.0,250659,34183,35647.0,228363.0,135.0,165767.0,11240.0,99283.0,251.0,996.0,50.0,1573.0,
QC_Night_2019004_aid0001,aid0001,2019-01-04,157563.0,622304,34183,6405.0,225328.0,54.0,73399.0,3140.0,91569.0,195.0,,,1374.0,
QC_Night_2019005_aid0001,aid0001,2019-01-05,184427.0,590493,34183,15363.0,184818.0,164.0,117551.0,8269.0,73212.0,362.0,3036.0,210.0,3422.0,4.0
QC_Night_2019006_aid0001,aid0001,2019-01-06,20993.0,1068923,34183,492.0,598.0,,76094.0,2024.0,10908.0,21.0,,,1278.0,
QC_Night_2019007_aid0001,aid0001,2019-01-07,123655.0,630890,34183,1288.0,67842.0,2.0,230196.0,12887.0,105896.0,121.0,87.0,,8467.0,
QC_Night_2019008_aid0001,aid0001,2019-01-08,80345.0,869671,34183,958.0,157598.0,24.0,24360.0,1327.0,44395.0,32.0,,,2619.0,2.0
QC_Night_2019009_aid0001,aid0001,2019-01-09,44523.0,1045942,34183,1196.0,12948.0,56.0,50744.0,2275.0,20674.0,39.0,65.0,,2869.0,
QC_Night_2019010_aid0001,aid0001,2019-01-10,57263.0,776649,34183,3101.0,64022.0,32.0,209906.0,12765.0,53773.0,42.0,93.0,19.0,3666.0,
QC_Night_2019011_aid0001,aid0001,2019-01-11,222244.0,516142,34183,15224.0,257101.0,151.0,106559.0,5271.0,56972.0,254.0,,,1413.0,
QC_Night_2019012_aid0001,aid0001,2019-01-12,47456.0,891002,34183,4759.0,25302.0,3.0,120665.0,8086.0,80381.0,66.0,2472.0,346.0,793.0,
QC_Night_2019013_aid0001,aid0001,2019-01-13,432294.0,338918,34183,16810.0,123854.0,198.0,183828.0,4800.0,78627.0,87.0,,,1915.0,
QC_Night_2019014_aid0001,aid0001,2019-01-14,336760.0,500647,34183,18140.0,40404.0,54.0,178126.0,11110.0,84777.0,156.0,75.0,,11053.0,29.0
QC_Night_2019015_aid0001,aid0001,2019-01-15,55083.0,992981,34183,3179.0,3727.0,5.0,104464.0,4960.0,15838.0,30.0,,,1064.0,
QC_Night_2019016_aid0001,aid0001,2019-01-16,18385.0,958958,34183,192.0,4135.0,9.0,105537.0,3184.0,81790.0,87.0,43.0,,9000.0,11.0
QC_Night_2019017_aid0001,aid0001,2019-01-17,38518.0,1041225,34183,48.0,52337.0,,20611.0,397.0,27881.0,5.0,,,309.0,
QC_Night_2019018_aid0001,aid0001,2019-01-18,43665.0,867289,34183,728.0,40585.0,28.0,125404.0,4334.0,94501.0,115.0,,,4661.0,21.0
QC_Night_2019019_aid0001,aid0001,2019-01-19,89061.0,788710,34183,1238.0,193705.0,109.0,41168.0,2409.0,60949.0,74.0,142.0,1.0,3765.0,
QC_Night_2019020_aid0001,aid0001,2019-01-20,56630.0,958694,34183,208.0,57368.0,1.0,37551.0,575.0,69010.0,5.0,,,1286.0,3.0
QC_Night_2019021_aid0001,aid0001,2019-01-21,29992.0,899708,34183,496.0,59142.0,105.0,109271.0,7653.0,64991.0,261.0,496.0,41.0,9166.0,9.0
QC_Night_2019022_aid0001,aid0001,2019-01-22,255612.0,499506,34183,3648.0,159336.0,74.0,145943.0,3657.0,112485.0,116.0,,,954.0,
QC_Night_2019023_aid0001,aid0001,2019-01-23,146466.0,550095,34183,4679.0,192038.0,86.0,146739.0,9597.0,125288.0,345.0,775.0,12.0,5201.0,10.0
QC_Night_2019024_aid0001,aid0001,2019-01-24,439841.0,134346,34183,24831.0,266465.0,286.0,233901.0,12619.0,66281.0,266.0,,,2495.0,
QC_Night_2019025_aid0001,aid0001,2019-01-25,415220.0,251590,34183,20522.0,280240.0,543.0,140183.0,9475.0,62329.0,594.0,,,635.0,
QC_Night_2019026_aid0001,aid0001,2019-01-26,568701.0,95544,34183,33319.0,283527.0,299.0,140932.0,5419.0,51987.0,184.0,81.0,,1338.0,
QC_Night_2019027_aid0001,aid0001,2019-01-27,61537.0,951000,34183,1102.0,50641.0,7.0,62032.0,2371.0,48942.0,14.0,,,3685.0,
QC_Night_2019028_aid0001,aid0001,2019-01-28,232006.0,381489,34183,13114.0,149957.0,42.0,249091.0,12206.0,129863.0,175.0,8616.0,570.0,4196.0,6.0
QC_Night_2019029_aid0001,aid0001,2019-01-29,17203.0,1080259,34183,999.0,6897.0,,53877.0,636.0,21185.0,1.0,,,274.0,
QC_Night_2019030_aid0001,aid0001,2019-01-30,238634.0,579673,34183,14805.0,60485.0,108.0,197663.0,9219.0,72162.0,85.0,1470.0,68.0,6959.0,
QC_Night_2019031_aid0001,aid0001,2019-01-31,368144.0,400746,34183,11406.0,134542.0,189.0,175038.0,4011.0,86211.0,91.0,,,953.0,
QC_Night_2019032_aid0001,aid0001,2019-02-01,259162.0,525044,34183,10973.0,126329.0,95.0,144186.0,5933.0,103827.0,83.0,79.0,1.0,5619.0,
QC_Night_2019033_aid0001,aid0001,2019-02-02,2894.0,1097454,34183,92.0,8531.0,,19020.0,648.0,50252.0,14.0,,,2426.0,
QC_Night_2019034_aid0001,aid0001,2019-02-03,23992.0,962737,34183,548.0,27856.0,28.0,77544.0,2783.0,81014.0,144.0,,,4685.0,
QC_Night_2019035_aid0001,aid0001,2019-02-04,40557.0,833774,34183,517.0,73823.0,26.0,103566.0,3423.0,122906.0,196.0,3.0,,2537.0,3.0
QC_Night_2019036_aid0001,aid0001,2019-02-05,37928.0,887070,34183,605.0,28817.0,4.0,126548.0,1296.0,95804.0,64.0,,,3195.0,
QC_Night_2019037_aid0001,aid0001,2019-02-06,92579.0,772394,34183,654.0,22563.0,73.0,171590.0,4189.0,110438.0,418.0,157.0,,6261.0,15.0
QC_Night_2019038_aid0001,aid0001,2019-02-07,243805.0,442978,34183,2748.0,181931.0,90.0,196648.0,2931.0,108608.0,89.0,,,1502.0,1.0
QC_Night_2019039_aid0001,aid0001,2019-02-08,139004.0,711297,34183,1906.0,143793.0,73.0,72503.0,5108.0,104449.0,916.0,57.0,,2219.0,6.0
QC_Night_2019040_aid0001,aid0001,2019-02-09,74200.0,795205,34183,6623.0,102341.0,60.0,99534.0,5500.0,95567.0,234.0,,,2067.0,
QC_Night_2019041_aid0001,aid0001,2019-02-10,95309.0,636335,34183,3438.0,149691.0,624.0,150496.0,8064.0,131812.0,1663.0,,,3899.0,
QC_Night_2019042_aid0001,aid0001,2019-02-11,185429.0,624464,34183,13374.0,93216.0,219.0,160462.0,13106.0,88207.0,381.0,216.0,15.0,2242.0,
QC_Night_2019043_aid0001,aid0001,2019-02-12,283934.0,462238,34183,11438.0,194681.0,324.0,120420.0,4392.0,102142.0,483.0,,,1278.0,1.0
QC_Night_2019044_aid0001,aid0001,2019-02-13,64.0,1179123,34183,,132.0,,970.0,82.0,960.0,,,,,
QC_Night_2019045_aid0001,aid0001,2019-02-14,9901.0,1089876,34183,854.0,291.0,,70384.0,3005.0,6474.0,3.0,,,538.0,5.0
QC_Night_2019046_aid0001,aid0001,2019-02-15,57505.0,728946,34183,16924.0,28265.0,883.0,223977.0,38856.0,81329.0,1889.0,79.0,6.0,2668.0,4.0
QC_Night_2019047_aid0001,aid0001,2019-02-16,92878.0,859511,34183,2660.0,28090.0,36.0,125714.0,3471.0,66321.0,144.0,,,2505.0,1.0
QC_Night_2019048_aid0001,aid0001,2019-02-17,120593.0,660065,34183,3068.0,98988.0,164.0,145706.0,14134.0,132273.0,1095.0,,,5217.0,28.0
QC_Night_2019049_aid0001,aid0001,2019-02-18,188965.0,600436,34183,10193.0,25106.0,149.0,254930.0,20840.0,77965.0,300.0,,,2444.0,3.0
QC_Night_2019050_aid0001,aid0001,2019-02-19,226034.0,427066,34183,15356.0,119096.0,242.0,234238.0,17530.0,139479.0,1261.0,,,1028.0,1.0
QC_Night_2019051_aid0001,aid0001,2019-02-20,84172.0,740513,34183,1223.0,133468.0,71.0,110153.0,9806.0,99160.0,577.0,287.0,,1900.0,1.0
QC_Night_2019052_aid0001,aid0001,2019-02-21,51681.0,878346,34183,2783.0,4405.0,40.0,195751.0,8630.0,36425.0,192.0,,,3078.0,
QC_Night_2019053_aid0001,aid0001,2019-02-22,206239.0,557516,34183,15722.0,15330.0,148.0,266811.0,31479.0,81199.0,1229.0,437.0,25.0,5193.0,3.0
QC_Night_2019054_aid0001,aid0001,2019-02-23,308252.0,397762,34183,17594.0,183787.0,589.0,159041.0,7735.0,105691.0,506.0,,,374.0,
QC_Night_2019055_aid0001,aid0001,2019-02-24,29526.0,991072,34183,2299.0,36302.0,117.0,48629.0,4604.0,49474.0,1049.0,873.0,161.0,16929.0,296.0
QC_Night_2019056_aid0001,aid0001,2019-02-25,62648.0,946534,34183,954.0,87091.0,28.0,29358.0,3404.0,49805.0,120.0,,,1389.0,
QC_Night_2019057_aid0001,aid0001,2019-02-26,70091.0,827278,34183,2888.0,101807.0,660.0,95020.0,7310.0,71407.0,1474.0,29.0,13.0,3318.0,36.0
QC_Night_2019058_aid0001,aid0001,2019-02-27,9774.0,1058439,34183,999.0,7827.0,42.0,51786.0,6701.0,44678.0,237.0,,,848.0,
QC_Night_2019059_aid0001,aid0001,2019-02-28,104042.0,760869,34183,5102.0,100189.0,198.0,124193.0,4436.0,79768.0,252.0,,,2282.0,
QC_Night_2019060_aid0001,aid0001,2019-03-01,23089.0,951474,34183,1002.0,18269.0,72.0,132778.0,11338.0,42070.0,153.0,,,1085.0,1.0
QC_Night_2019061_aid0001,aid0001,2019-03-02,94784.0,917016,34183,11162.0,3400.0,37.0,131232.0,7010.0,16452.0,62.0,,,176.0,
QC_Night_2019062_aid0001,aid0001,2019-03-03,93318.0,579729,34183,3580.0,72824.0,56.0,237386.0,17157.0,157562.0,372.0,828.0,1.0,18496.0,22.0
QC_Night_2019063_aid0001,aid0001,2019-03-04,164184.0,570543,34183,8599.0,99199.0,87.0,227012.0,11115.0,94890.0,157.0,1.0,,5542.0,2.0
QC_Night_2019064_aid0001,aid0001,2019-03-05,128445.0,698218,34183,9642.0,132180.0,469.0,124700.0,9512.0,72010.0,103.0,395.0,42.0,5607.0,8.0
QC_Night_2019065_aid0001,aid0001,2019-03-06,26896.0,1022232,34183,1469.0,11555.0,24.0,92117.0,3853.0,21431.0,41.0,,,1713.0,
QC_Night_2019066_aid0001,aid0001,2019-03-07,33676.0,991581,34183,1039.0,4259.0,7.0,122548.0,5209.0,22044.0,74.0,,,894.0,
QC_Night_2019067_aid0001,aid0001,2019-03-08,33968.0,805792,34183,989.0,53318.0,80.0,168013.0,11293.0,101031.0,187.0,1107.0,128.0,5422.0,3.0
QC_Night_2019068_aid0001,aid0001,2019-03-09,132046.0,591920,34183,4266.0,166975.0,63.0,172330.0,5413.0,104300.0,177.0,,,3841.0,
QC_Night_2019069_aid0001,aid0001,2019-03-10,96679.0,864631,34183,1893.0,46035.0,14.0,107813.0,5619.0,54235.0,81.0,19.0,,4312.0,
QC_Night_2019070_aid0001,aid0001,2019-03-11,356338.0,424608,34183,17891.0,62373.0,56.0,230700.0,9789.0,76525.0,91.0,,,2955.0,5.0
QC_Night_2019071_aid0001,aid0001,2019-03-12,284613.0,688689,34183,21193.0,29990.0,543.0,108859.0,11259.0,35302.0,271.0,155.0,21.0,435.0,1.0
QC_Night_2019072_aid0001,aid0001,2019-03-13,265558.0,467493,34183,9312.0,70850.0,39.0,259108.0,14941.0,90345.0,139.0,,,3545.0,1.0
QC_Night_2019073_aid0001,aid0001,2019-03-14,403894.0,173439,34183,18502.0,245240.0,379.0,229517.0,10297.0,98965.0,351.0,,,746.0,1.0
QC_Night_2019074_aid0001,aid0001,2019-03-15,328588.0,281064,34183,20976.0,272848.0,167.0,200286.0,11900.0,62681.0,229.0,814.0,,1777.0,1.0
QC_Night_2019075_aid0001,aid0001,2019-03-16,478273.0,209724,34183,17164.0,249870.0,180.0,144555.0,5781.0,73168.0,85.0,,,2530.0,1.0
QC_Night_2019076_aid0001,aid0001,2019-03-17,348676.0,277747,34183,10501.0,293446.0,346.0,193991.0,3877.0,49737.0,72.0,106.0,,2832.0,
QC_Night_2019077_aid0001,aid0001,2019-03-18,474076.0,177062,34183,13768.0,281586.0,81.0,173103.0,6388.0,50737.0,51.0,,,4479.0,
QC_Night_2019078_aid0001,aid0001,2019-03-19,469635.0,138625,34183,13715.0,220272.0,107.0,220876.0,4281.0,106356.0,80.0,187.0,4.0,7193.0,
QC_Night_2019079_aid0001,aid0001,2019-03-20,167164.0,761667,34183,3961.0,81131.0,12.0,93754.0,1582.0,66666.0,4.0,1.0,,5389.0,
QC_Night_2019080_aid0001,aid0001,2019-03-21,132132.0,743596,34183,1813.0,30175.0,11.0,158662.0,2525.0,101678.0,33.0,823.0,78.0,9805.0,
QC_Night_2019081_aid0001,aid0001,2019-03-22,359782.0,383665,34183,6856.0,145809.0,43.0,162067.0,7255.0,112627.0,55.0,,,3172.0,
QC_Night_2019082_aid0001,aid0001,2019-03-23,27173.0,1013514,34183,22.0,49318.0,,39817.0,245.0,46768.0,3.0,,,4471.0,
QC_Night_2019083_aid0001,aid0001,2019-03-24,203487.0,530001,34183,4489.0,121206.0,68.0,201590.0,5241.0,108506.0,79.0,22.0,,6641.0,1.0
QC_Night_2019084_aid0001,aid0001,2019-03-25,311189.0,386879,34183,2538.0,233134.0,54.0,159879.0,1588.0,84230.0,42.0,,,1796.0,2.0
QC_Night_2019085_aid0001,aid0001,2019-03-26,51521.0,803206,34183,239.0,98656.0,28.0,107956.0,1459.0,114407.0,104.0,26.0,,3729.0,
QC_Night_2019086_aid0001,aid0001,2019-03-27,42416.0,970777,34183,198.0,25292.0,4.0,62201.0,370.0,76875.0,9.0,,,3189.0,
QC_Night_2019087_aid0001,aid0001,2019-03-28,119463.0,582714,34183,872.0,155868.0,40.0,213907.0,4162.0,96849.0,79.0,481.0,4.0,6892.0,
QC_Night_2019088_aid0001,aid0001,2019-03-29,203474.0,487974,34183,1399.0,210065.0,29.0,180901.0,1938.0,92131.0,28.0,,,3391.0,1.0
QC_Night_2019089_aid0001,aid0001,2019-03-30,405415.0,271108,34183,6447.0,157072.0,46.0,245910.0,6450.0,83844.0,22.0,3.0,,5014.0,
QC_Night_2019090_aid0001,aid0001,2019-03-31,549449.0,134065,34183,16384.0,262314.0,68.0,149494.0,5759.0,59606.0,17.0,2.0,,4173.0,
QC_Night_2019091_aid0001,aid0001,2019-04-01,52786.0,875859,34183,839.0,46560.0,7.0,106348.0,1828.0,95016.0,4.0,,,2084.0,
QC_Night_2019092_aid0001,aid0001,2019-04-02,6781.0,1114472,34183,2.0,2171.0,,31836.0,71.0,23992.0,,208.0,,1798.0,
QC_Night_2019093_aid0001,aid0001,2019-04-03,100824.0,637396,34183,527.0,155259.0,12.0,188145.0,1554.0,89446.0,19.0,6.0,,8143.0,
QC_Night_2019094_aid0001,aid0001,2019-04-04,21959.0,1026057,34183,103.0,6723.0,,61179.0,282.0,61048.0,7.0,369.0,,3604.0,
QC_Night_2019095_aid0001,aid0001,2019-04-05,17477.0,1045289,34183,125.0,24743.0,,54369.0,1497.0,36203.0,6.0,,,1622.0,
QC_Night_2019096_aid0001,aid0001,2019-04-06,170228.0,764210,34183,2083.0,60561.0,8.0,126368.0,2846.0,52538.0,25.0,72.0,,2392.0,
QC_Night_2019097_aid0001,aid0001,2019-04-07,109518.0,667637,34183,866.0,212420.0,17.0,93726.0,1790.0,87840.0,9.0,,,7508.0,
QC_Night_2019098_aid0001,aid0001,2019-04-08,68585.0,866203,34183,151.0,107446.0,,61782.0,374.0,71545.0,5.0,,,5240.0,
QC_Night_2019099_aid0001,aid0001,2019-04-09,35781.0,867545,34183,378.0,23811.0,,179831.0,4378.0,61840.0,3.0,236.0,,7528.0,
QC_Night_2019100_aid0001,aid0001,2019-04-10,253181.0,461512,34183,684.0,132690.0,5.0,218908.0,956.0,109616.0,14.0,,,3765.0,
QC_Night_2019101_aid0001,aid0001,2019-04-11,211019.0,487431,34183,1241.0,229712.0,15.0,151986.0,3782.0,94203.0,11.0,103.0,,1828.0,
QC_Night_2019102_aid0001,aid0001,2019-04-12,70372.0,868691,34183,,21066.0,,156168.0,,59828.0,,,,5206.0,
QC_Night_2019103_aid0001,aid0001,2019-04-13,473103.0,122015,34183,9237.0,255590.0,36.0,224945.0,6590.0,85969.0,6.0,1361.0,14.0,2465.0,
QC_Night_2019104_aid0001,aid0001,2019-04-14,159727.0,620884,34183,5898.0,169559.0,12.0,108648.0,2139.0,108505.0,10.0,,,5948.0,1.0
QC_Night_2019105_aid0001,aid0001,2019-04-15,62614.0,858131,34183,252.0,68223.0,2.0,96067.0,969.0,87859.0,3.0,81.0,,7130.0,
QC_Night_2019106_aid0001,aid0001,2019-04-16,6990.0,987118,34183,172.0,516.0,,154701.0,1472.0,27472.0,3.0,32.0,,2855.0,
QC_Night_2019107_aid0001,aid0001,2019-04-17,383240.0,415751,34183,979.0,140692.0,3.0,138303.0,1202.0,93250.0,4.0,1.0,,7906.0,
QC_Night_2019108_aid0001,aid0001,2019-04-18,533242.0,116460,34183,7702.0,272698.0,35.0,185283.0,3130.0,58074.0,9.0,38.0,,4660.0,
QC_Night_2019109_aid0001,aid0001,2019-04-19,486747.0,196015,34183,2418.0,212568.0,4.0,178274.0,1501.0,95754.0,3.0,3.0,,8044.0,
QC_Night_2019110_aid0001,aid0001,2019-04-20,70622.0,732380,34183,95.0,62700.0,,159588.0,149.0,148430.0,2.0,535.0,,6830.0,
QC_Night_2019111_aid0001,aid0001,2019-04-21,271026.0,441523,34183,788.0,197296.0,6.0,183360.0,1611.0,78349.0,2.0,2.0,,7368.0,
QC_Night_2019112_aid0001,aid0001,2019-04-22,486967.0,244859,34183,1404.0,123647.0,1.0,177877.0,627.0,131521.0,3.0,22.0,,14403.0,
QC_Night_2019113_aid0001,aid0001,2019-04-23,214685.0,504391,34183,1775.0,211388.0,11.0,139285.0,1071.0,99926.0,1.0,,,8798.0,
QC_Night_2019114_aid0001,aid0001,2019-04-24,317760.0,359457,34183,1302.0,241341.0,8.0,170538.0,389.0,86766.0,,,,3770.0,
QC_Night_2019115_aid0001,aid0001,2019-04-25,396439.0,205883,34183,1628.0,251352.0,13.0,241237.0,1599.0,78348.0,1.0,1310.0,4.0,3517.0,
QC_Night_2019116_aid0001,aid0001,2019-04-26,373624.0,379138,34183,342.0,182539.0,2.0,161524.0,263.0,78210.0,,1.0,,5688.0,
QC_Night_2019117_aid0001,aid0001,2019-04-27,462793.0,126985,34183,1175.0,234083.0,4.0,249333.0,1038.0,92903.0,9.0,6803.0,32.0,6173.0,
QC_Night_2019118_aid0001,aid0001,2019-04-28,423280.0,271283,34183,399.0,187639.0,1.0,208990.0,473.0,81041.0,,2.0,,8223.0,
QC_Night_2019119_aid0001,aid0001,2019-04-29,388503.0,598197,34183,1011.0,4952.0,,138268.0,662.0,41936.0,,1019.0,,6783.0,
QC_Night_2019120_aid0001,aid0001,2019-04-30,394975.0,404344,34183,603.0,98410.0,,153698.0,604.0,115318.0,1.0,,,13378.0,
QC_Night_2019121_aid0001,aid0001,2019-05-01,571110.0,194876,34183,829.0,174444.0,2.0,142119.0,727.0,87391.0,1.0,32.0,,9800.0,
QC_Night_2019122_aid0001,aid0001,2019-05-02,640605.0,89265,34183,3248.0,270939.0,3.0,110871.0,574.0,58495.0,4.0,58.0,,7269.0,
QC_Night_2019123_aid0001,aid0001,2019-05-03,508240.0,183860,34183,1501.0,247902.0,,163622.0,701.0,69012.0,,2.0,,6491.0,
QC_Night_2019124_aid0001,aid0001,2019-05-04,581442.0,89175,34183,2177.0,233460.0,4.0,177852.0,641.0,92278.0,6.0,21.0,,4275.0,
QC_Night_2019125_aid0001,aid0001,2019-05-05,517378.0,194958,34183,706.0,241115.0,,140578.0,323.0,77206.0,,10.0,,9057.0,
QC_Night_2019126_aid0001,aid0001,2019-05-06,355868.0,341765,34183,742.0,181041.0,1.0,204821.0,362.0,84037.0,1.0,1115.0,,11578.0,
QC_Night_2019127_aid0001,aid0001,2019-05-07,254307.0,583664,34183,573.0,84721.0,,146226.0,367.0,97493.0,,,,13980.0,
QC_Night_2019128_aid0001,aid0001,2019-05-08,340754.0,363611,34183,680.0,74886.0,,273100.0,219.0,120446.0,1.0,57.0,,7577.0,
QC_Night_2019129_aid0001,aid0001,2019-05-09,245049.0,519742,34183,739.0,105574.0,1.0,239523.0,640.0,65300.0,,,,4763.0,
QC_Night_2019130_aid0001,aid0001,2019-05-10,518042.0,449802,34183,442.0,37739.0,,113037.0,170.0,57054.0,,,,5045.0,
QC_Night_2019131_aid0001,aid0001,2019-05-11,434513.0,337497,34183,1263.0,68159.0,,209626.0,953.0,123808.0,,306.0,,5206.0,
QC_Night_2019132_aid0001,aid0001,2019-05-12,576917.0,192061,34183,565.0,163009.0,3.0,138236.0,118.0,95910.0,,8.0,,14504.0,
QC_Night_2019133_aid0001,aid0001,2019-05-13,331717.0,323699,34183,701.0,183483.0,9.0,213829.0,274.0,118917.0,27.0,7.0,,8668.0,
QC_Night_2019134_aid0001,aid0001,2019-05-14,168451.0,579600,34183,117.0,199036.0,3.0,134733.0,98.0,93496.0,,,,5797.0,
QC_Night_2019135_aid0001,aid0001,2019-05-15,45050.0,871385,34183,2.0,36956.0,,94852.0,16.0,112736.0,,5772.0,,14562.0,
QC_Night_2019136_aid0001,aid0001,2019-05-16,16087.0,1036809,34183,7.0,31287.0,,32600.0,23.0,60038.0,1.0,,,4479.0,
QC_Night_2019137_aid0001,aid0001,2019-05-17,82936.0,741134,34183,9.0,174901.0,,71057.0,163.0,102510.0,5.0,2.0,,8612.0,2.0
QC_Night_2019138_aid0001,aid0001,2019-05-18,185167.0,521189,34183,431.0,217417.0,6.0,156441.0,583.0,93514.0,7.0,,,6576.0,
QC_Night_2019139_aid0001,aid0001,2019-05-19,11819.0,1102688,34183,48.0,3967.0,,30627.0,58.0,30918.0,3.0,,,1203.0,
QC_Night_2019140_aid0001,aid0001,2019-05-20,84366.0,772886,34183,98.0,50009.0,,174060.0,712.0,92770.0,6.0,1238.0,44.0,5142.0,
QC_Night_2019141_aid0001,aid0001,2019-05-21,165171.0,642412,34183,196.0,174647.0,1.0,121423.0,219.0,70477.0,3.0,3.0,,6778.0,1.0
QC_Night_2019142_aid0001,aid0001,2019-05-22,29322.0,827714,34183,41.0,48968.0,33.0,152905.0,578.0,112850.0,19.0,814.0,,8087.0,
QC_Night_2019143_aid0001,aid0001,2019-05-23,39971.0,974482,34183,86.0,15303.0,,89772.0,351.0,57968.0,2.0,,,3396.0,
QC_Night_2019144_aid0001,aid0001,2019-05-24,211864.0,522979,34183,490.0,72183.0,1.0,261820.0,658.0,100840.0,16.0,126.0,,10354.0,
QC_Night_2019145_aid0001,aid0001,2019-05-25,193573.0,537286,34183,261.0,186426.0,2.0,173171.0,447.0,84013.0,1.0,,,6151.0,
QC_Night_2019146_aid0001,aid0001,2019-05-26,123415.0,701167,34183,280.0,175231.0,8.0,83063.0,194.0,92906.0,5.0,,,5062.0,
QC_Night_2019147_aid0001,aid0001,2019-05-27,40163.0,872811,34183,39.0,28064.0,1.0,148998.0,349.0,85599.0,4.0,2024.0,5.0,3274.0,
QC_Night_2019148_aid0001,aid0001,2019-05-28,145880.0,605234,34183,109.0,187557.0,4.0,162704.0,195.0,71079.0,2.0,,,8567.0,
QC_Night_2019149_aid0001,aid0001,2019-05-29,92416.0,635529,34183,263.0,85545.0,7.0,240704.0,1163.0,119406.0,12.0,33.0,,6253.0,
QC_Night_2019150_aid0001,aid0001,2019-05-30,240539.0,517262,34183,297.0,153321.0,,147536.0,127.0,106337.0,3.0,1.0,,15908.0,
QC_Night_2019151_aid0001,aid0001,2019-05-31,113132.0,542055,34183,431.0,118961.0,4.0,256955.0,431.0,134080.0,2.0,3309.0,3.0,11968.0,
QC_Night_2019152_aid0001,aid0001,2019-06-01,159537.0,564129,34183,230.0,164619.0,4.0,206909.0,444.0,81281.0,6.0,,,4172.0,
QC_Night_2019153_aid0001,aid0001,2019-06-02,202736.0,436353,34183,248.0,159815.0,4.0,274388.0,236.0,103748.0,6.0,426.0,,3371.0,
QC_Night_2019154_aid0001,aid0001,2019-06-03,241283.0,374052,34183,449.0,198952.0,5.0,260519.0,488.0,98367.0,1.0,3219.0,,3996.0,
QC_Night_2019155_aid0001,aid0001,2019-06-04,594694.0,106040,34183,239.0,257372.0,1.0,154542.0,61.0,65384.0,1.0,11.0,,2986.0,
QC_Night_2019156_aid0001,aid0001,2019-06-05,512272.0,150927,34183,663.0,239607.0,5.0,187591.0,216.0,80770.0,3.0,6893.0,,2384.0,
QC_Night_2019157_aid0001,aid0001,2019-06-06,354546.0,464018,34183,59.0,203803.0,1.0,98836.0,23.0,57257.0,,1.0,,2787.0,
QC_Night_2019158_aid0001,aid0001,2019-06-07,223828.0,456049,34183,167.0,118592.0,1.0,249400.0,131.0,115113.0,,2757.0,,15293.0,
QC_Night_2019159_aid0001,aid0001,2019-06-08,557175.0,192177,34183,136.0,305317.0,,93133.0,32.0,29814.0,,,,3547.0,
QC_Night_2019160_aid0001,aid0001,2019-06-09,535406.0,158733,34183,358.0,261252.0,,150777.0,99.0,71457.0,,1216.0,,2033.0,
QC_Night_2019161_aid0001,aid0001,2019-06-10,334419.0,441461,34183,91.0,198348.0,,128842.0,113.0,75758.0,,,,2299.0,
QC_Night_2019162_aid0001,aid0001,2019-06-11,401935.0,311842,34183,161.0,173022.0,,187633.0,24.0,99076.0,,1862.0,,5776.0,
QC_Night_2019163_aid0001,aid0001,2019-06-12,415509.0,450232,34183,163.0,86718.0,1.0,131407.0,78.0,76708.0,,14068.0,1.0,6446.0,
QC_Night_2019164_aid0001,aid0001,2019-06-13,296325.0,475170,34183,101.0,247504.0,,109357.0,12.0,50379.0,,,,2483.0,
QC_Night_2019165_aid0001,aid0001,2019-06-14,294795.0,412555,34183,140.0,210722.0,1.0,189509.0,84.0,66012.0,,2556.0,,4957.0,
QC_Night_2019166_aid0001,aid0001,2019-06-15,714155.0,57536,34183,105.0,280417.0,,73249.0,17.0,49931.0,,,,5921.0,
QC_Night_2019167_aid0001,aid0001,2019-06-16,213545.0,544282,34183,52.0,125649.0,1.0,178617.0,32.0,108767.0,,2296.0,,8090.0,
QC_Night_2019168_aid0001,aid0001,2019-06-17,211403.0,694018,34183,31.0,75485.0,,135246.0,18.0,62165.0,,,,2965.0,
QC_Night_2019169_aid0001,aid0001,2019-06-18,464070.0,317210,34183,43.0,103054.0,,166032.0,18.0,124824.0,,1849.0,,4231.0,
QC_Night_2019170_aid0001,aid0001,2019-06-19,703163.0,46432,34183,154.0,328877.0,6.0,84859.0,6.0,15803.0,,565.0,,1466.0,
QC_Night_2019171_aid0001,aid0001,2019-06-20,645644.0,113650,34183,71.0,318565.0,,78299.0,11.0,22098.0,,14.0,,2979.0,
QC_Night_2019172_aid0001,aid0001,2019-06-21,472602.0,260663,34183,193.0,259611.0,,136029.0,18.0,50655.0,,20.0,,1540.0,
QC_Night_2019173_aid0001,aid0001,2019-06-22,581163.0,130314,34183,87.0,285640.0,1.0,145118.0,21.0,34001.0,,4.0,,4982.0,
QC_Night_2019174_aid0001,aid0001,2019-06-23,589618.0,82719,34183,77.0,287517.0,,163863.0,5.0,51186.0,,1.0,,6345.0,
QC_Night_2019175_aid0001,aid0001,2019-06-24,578981.0,122482,34183,195.0,319959.0,,137112.0,18.0,21043.0,,,,1541.0,
QC_Night_2019176_aid0001,aid0001,2019-06-25,138210.0,660864,34183,46.0,166244.0,,120030.0,10.0,90903.0,,496.0,,4528.0,
QC_Night_2019177_aid0001,aid0001,2019-06-26,365160.0,368922,34183,128.0,222080.0,,156554.0,26.0,64954.0,,,,3507.0,
QC_Night_2019178_aid0001,aid0001,2019-06-27,328998.0,404134,34183,91.0,257917.0,,133451.0,7.0,51916.0,,13.0,,4804.0,
QC_Night_2019179_aid0001,aid0001,2019-06-28,261854.0,463913,34183,114.0,244749.0,,149166.0,11.0,54654.0,,4029.0,,2841.0,
QC_Night_2019180_aid0001,aid0001,2019-06-29,524522.0,269287,34183,52.0,152545.0,,136833.0,7.0,92466.0,,58.0,,5561.0,
QC_Night_2019181_aid0001,aid0001,2019-06-30,323544.0,623129,34183,73.0,7561.0,,192902.0,16.0,27432.0,,1523.0,,5151.0,
QC_Night_2019182_aid0001,aid0001,2019-07-01,561718.0,181493,34183,96.0,324097.0,,87829.0,8.0,22975.0,,3.0,,3112.0,
QC_Night_2019183_aid0001,aid0001,2019-07-02,440269.0,176163,34183,95.0,282824.0,,214942.0,4.0,64502.0,,34.0,,2498.0,
QC_Night_2019184_aid0001,aid0001,2019-07-03,450509.0,233453,34183,111.0,304836.0,,161696.0,43.0,29358.0,,,,1325.0,
QC_Night_2019185_aid0001,aid0001,2019-07-04,592582.0,116847,34183,116.0,247700.0,,144116.0,1.0,73713.0,,189.0,,6067.0,
QC_Night_2019186_aid0001,aid0001,2019-07-05,678242.0,59928,34183,156.0,321716.0,,91656.0,7.0,27780.0,,73.0,,1773.0,
QC_Night_2019187_aid0001,aid0001,2019-07-06,629450.0,111933,34183,196.0,318560.0,,92140.0,3.0,26523.0,,,,2526.0,
QC_Night_2019188_aid0001,aid0001,2019-07-07,261743.0,400166,34183,79.0,280298.0,,189699.0,63.0,34800.0,,10519.0,14.0,3950.0,
QC_Night_2019189_aid0001,aid0001,2019-07-08,443244.0,328938,34183,144.0,157284.0,1.0,162847.0,1.0,84033.0,,19.0,,4820.0,
QC_Night_2019190_aid0001,aid0001,2019-07-09,365549.0,279813,34183,119.0,265681.0,,208631.0,16.0,58200.0,,188.0,,3134.0,
QC_Night_2019191_aid0001,aid0001,2019-07-10,256212.0,532752,34183,103.0,318699.0,,54023.0,4.0,18096.0,,,,1442.0,
QC_Night_2019192_aid0001,aid0001,2019-07-11,579518.0,185452,34183,131.0,264232.0,,85000.0,2.0,62345.0,,278.0,,4373.0,
QC_Night_2019193_aid0001,aid0001,2019-07-12,551139.0,303642,34183,,168053.0,,97627.0,,60098.0,,,,772.0,
QC_Night_2019194_aid0001,aid0001,2019-07-13,534263.0,266482,34183,317.0,186495.0,,99883.0,4.0,87647.0,,498.0,,5742.0,
QC_Night_2019195_aid0001,aid0001,2019-07-14,570129.0,156966,34183,383.0,254507.0,,139696.0,12.0,56807.0,,963.0,,1868.0,
QC_Night_2019196_aid0001,aid0001,2019-07-15,539552.0,182504,34183,179.0,317906.0,,110778.0,,29069.0,,21.0,,1322.0,
QC_Night_2019197_aid0001,aid0001,2019-07-16,393592.0,257836,34183,,313884.0,,180697.0,,32764.0,,113.0,,2445.0,
QC_Night_2019198_aid0001,aid0001,2019-07-17,581969.0,146176,34183,145.0,330941.0,,105217.0,1.0,15179.0,,,,1703.0,
QC_Night_2019199_aid0001,aid0001,2019-07-18,469834.0,219573,34183,107.0,207478.0,,196822.0,2.0,78694.0,,2207.0,,6614.0,
QC_Night_2019200_aid0001,aid0001,2019-07-19,693580.0,73726,34183,78.0,306507.0,,84371.0,4.0,22039.0,,,,1026.0,
QC_Night_2019201_aid0001,aid0001,2019-07-20,744797.0,42634,34183,143.0,259120.0,,55452.0,4.0,75024.0,,6.0,,4151.0,
QC_Night_2019202_aid0001,aid0001,2019-07-21,749889.0,39056,34183,203.0,328871.0,,49160.0,16.0,13369.0,,384.0,,383.0,
QC_Night_2019203_aid0001,aid0001,2019-07-22,400413.0,400765,34183,97.0,193588.0,1.0,133725.0,13.0,49181.0,,294.0,,3254.0,
QC_Night_2019204_aid0001,aid0001,2019-07-23,409778.0,536080,34183,139.0,17788.0,,158969.0,17.0,46501.0,,5639.0,1.0,6419.0,
QC_Night_2019205_aid0001,aid0001,2019-07-24,497665.0,358721,34183,54.0,111171.0,,128057.0,12.0,84421.0,,4.0,,1226.0,
QC_Night_2019206_aid0001,aid0001,2019-07-25,528005.0,509782,34183,55.0,11190.0,,86290.0,38.0,31215.0,,10983.0,,3773.0,
QC_Night_2019207_aid0001,aid0001,2019-07-26,283678.0,636494,34183,12.0,113354.0,,94864.0,8.0,52470.0,,,,451.0,
QC_Night_2019208_aid0001,aid0001,2019-07-27,523841.0,242724,34183,130.0,160022.0,1.0,159835.0,9.0,89786.0,4.0,706.0,,4273.0,
QC_Night_2019209_aid0001,aid0001,2019-07-28,737653.0,74806,34183,113.0,284291.0,4.0,52410.0,8.0,31357.0,3.0,,,686.0,
QC_Night_2019210_aid0001,aid0001,2019-07-29,616572.0,140577,34183,91.0,242561.0,,98062.0,8.0,78318.0,,560.0,,4582.0,
QC_Night_2019211_aid0001,aid0001,2019-07-30,574741.0,182142,34183,122.0,203388.0,8.0,152044.0,25.0,61450.0,10.0,3244.0,,4157.0,
QC_Night_2019212_aid0001,aid0001,2019-07-31,627932.0,363573,34183,39.0,52919.0,,75935.0,3.0,59051.0,,8.0,,1871.0,
QC_Night_2019213_aid0001,aid0001,2019-08-01,641435.0,141619,34183,78.0,198018.0,,111724.0,15.0,79390.0,,972.0,4.0,8072.0,4.0
QC_Night_2019214_aid0001,aid0001,2019-08-02,684838.0,63988,34183,19.0,312580.0,,84425.0,5.0,33830.0,,,,1646.0,
QC_Night_2019215_aid0001,aid0001,2019-08-03,539737.0,363459,34183,30.0,54689.0,,153813.0,14.0,57287.0,,2908.0,,9394.0,
QC_Night_2019216_aid0001,aid0001,2019-08-04,584721.0,269474,34183,29.0,123356.0,,128095.0,5.0,74992.0,,,,659.0,
QC_Night_2019217_aid0001,aid0001,2019-08-05,528424.0,271108,34183,12.0,114170.0,6.0,127667.0,2.0,130428.0,,1525.0,,7989.0,
QC_Night_2019218_aid0001,aid0001,2019-08-06,261268.0,627966,34183,38.0,75074.0,,134842.0,9.0,70902.0,,8416.0,,2816.0,
QC_Night_2019219_aid0001,aid0001,2019-08-07,426847.0,506789,34183,14.0,60962.0,,118191.0,13.0,65400.0,,534.0,,2581.0,
QC_Night_2019220_aid0001,aid0001,2019-08-08,287248.0,526844,34183,19.0,142409.0,,135073.0,6.0,79670.0,,7354.0,,2708.0,
QC_Night_2019221_aid0001,aid0001,2019-08-09,355655.0,420944,34183,14.0,240740.0,,104962.0,,57318.0,,8.0,,1690.0,
QC_Night_2019222_aid0001,aid0001,2019-08-10,350819.0,329484,34183,14.0,225404.0,3.0,187779.0,3.0,79567.0,,697.0,,7561.0,
QC_Night_2019223_aid0001,aid0001,2019-08-11,425273.0,298968,34183,12.0,298850.0,,122298.0,2.0,33600.0,,2.0,,2326.0,
QC_Night_2019224_aid0001,aid0001,2019-08-12,731812.0,32397,34183,44.0,283700.0,,71235.0,7.0,55878.0,,161.0,,6097.0,
QC_Night_2019225_aid0001,aid0001,2019-08-13,707195.0,32245,34183,14.0,335291.0,,89738.0,3.0,15381.0,,,,1464.0,
QC_Night_2019226_aid0001,aid0001,2019-08-14,641373.0,99830,34183,4.0,336471.0,,85050.0,3.0,17377.0,,6.0,,1217.0,
QC_Night_2019227_aid0001,aid0001,2019-08-15,683017.0,49006,34183,31.0,330301.0,,98902.0,1.0,17925.0,,453.0,,1695.0,
QC_Night_2019228_aid0001,aid0001,2019-08-16,753895.0,21860,34183,9.0,334408.0,,49515.0,1.0,19279.0,,,,2364.0,
QC_Night_2019229_aid0001,aid0001,2019-08-17,633871.0,75843,34183,19.0,304740.0,,129794.0,3.0,34698.0,,157.0,,2206.0,
QC_Night_2019230_aid0001,aid0001,2019-08-18,705916.0,66059,34183,3.0,288419.0,,76749.0,2.0,39211.0,,,,4972.0,
QC_Night_2019231_aid0001,aid0001,2019-08-19,696801.0,47984,34183,17.0,204128.0,,100009.0,,128422.0,,78.0,,3892.0,
QC_Night_2019232_aid0001,aid0001,2019-08-20,658666.0,88214,34183,5.0,338606.0,,81474.0,3.0,13299.0,,2.0,,1062.0,
QC_Night_2019233_aid0001,aid0001,2019-08-21,492042.0,216255,34183,9.0,325389.0,,122196.0,3.0,24263.0,,,,1174.0,
QC_Night_2019234_aid0001,aid0001,2019-08-22,239610.0,488434,34183,3.0,256840.0,,138835.0,5.0,53194.0,,3274.0,,1136.0,
QC_Night_2019235_aid0001,aid0001,2019-08-23,643162.0,85032,34183,19.0,326746.0,,105828.0,22.0,20152.0,,,,370.0,
QC_Night_2019236_aid0001,aid0001,2019-08-24,407374.0,277657,34183,7.0,303420.0,,146317.0,1.0,30241.0,,12325.0,,3989.0,
QC_Night_2019237_aid0001,aid0001,2019-08-25,750784.0,22816,34183,12.0,340585.0,,54608.0,,11786.0,,,,740.0,
QC_Night_2019238_aid0001,aid0001,2019-08-26,721365.0,176743,34183,10.0,194435.0,,33370.0,1.0,44247.0,,1583.0,,9577.0,
QC_Night_2019239_aid0001,aid0001,2019-08-27,779656.0,19983,34183,9.0,340700.0,,27533.0,9.0,12981.0,,,,460.0,
QC_Night_2019240_aid0001,aid0001,2019-08-28,702853.0,81048,34183,11.0,235791.0,,77002.0,2.0,83864.0,,,,760.0,
QC_Night_2019241_aid0001,aid0001,2019-08-29,349079.0,413240,34183,7.0,282942.0,,105829.0,1.0,29780.0,,,,453.0,
QC_Night_2019242_aid0001,aid0001,2019-08-30,,1181331,34183,,,,,,,,,,,
QC_Night_2019243_aid0001,aid0001,2019-08-31,683209.0,60735,34183,45.0,328966.0,,85123.0,10.0,20376.0,,1553.0,,1314.0,
QC_Night_2019244_aid0001,aid0001,2019-09-01,729609.0,52283,34183,4.0,316451.0,,58560.0,3.0,23560.0,,32.0,,829.0,
QC_Night_2019245_aid0001,aid0001,2019-09-02,555595.0,229333,34183,18.0,109406.0,,192830.0,1.0,77721.0,,7039.0,,9388.0,
QC_Night_2019246_aid0001,aid0001,2019-09-03,632700.0,198032,34183,3.0,179435.0,,92167.0,6.0,77849.0,,1.0,,1138.0,
QC_Night_2019247_aid0001,aid0001,2019-09-04,552412.0,176213,34183,9.0,123163.0,1.0,166132.0,6.0,150490.0,2.0,3969.0,,8933.0,1.0
QC_Night_2019248_aid0001,aid0001,2019-09-05,348696.0,501368,34183,1.0,111404.0,,127814.0,,91515.0,,,,533.0,
QC_Night_2019249_aid0001,aid0001,2019-09-06,288285.0,507929,34183,12.0,124316.0,3.0,149750.0,8.0,105136.0,,366.0,,5526.0,
QC_Night_2019250_aid0001,aid0001,2019-09-07,553609.0,146661,34183,9.0,312923.0,1.0,132204.0,2.0,34171.0,,862.0,,889.0,
QC_Night_2019251_aid0001,aid0001,2019-09-08,402865.0,324870,34183,,288037.0,,122205.0,,41030.0,,,,2324.0,
QC_Night_2019252_aid0001,aid0001,2019-09-09,423297.0,236342,34183,,304612.0,,172666.0,,41319.0,,69.0,,3026.0,
QC_Night_2019253_aid0001,aid0001,2019-09-10,339357.0,379644,34183,,274171.0,,128362.0,,53776.0,,2.0,,6019.0,
QC_Night_2019254_aid0001,aid0001,2019-09-11,409216.0,191355,34183,25.0,246371.0,,251860.0,30.0,77144.0,,64.0,,5266.0,
QC_Night_2019255_aid0001,aid0001,2019-09-12,565240.0,84166,34183,236.0,320320.0,1.0,177052.0,405.0,32632.0,1.0,3.0,,1272.0,3.0
QC_Night_2019256_aid0001,aid0001,2019-09-13,540003.0,161439,34183,4.0,273558.0,,140678.0,17.0,60245.0,,873.0,,4514.0,
QC_Night_2019257_aid0001,aid0001,2019-09-14,515846.0,209947,34183,4.0,300365.0,,111124.0,1.0,42506.0,,,,1538.0,
QC_Night_2019258_aid0001,aid0001,2019-09-15,623410.0,191539,34183,4.0,225065.0,,91768.0,3.0,47339.0,,25.0,,2178.0,
QC_Night_2019259_aid0001,aid0001,2019-09-16,119349.0,815102,34183,,47381.0,,124354.0,1.0,69730.0,,2360.0,,3054.0,
QC_Night_2019260_aid0001,aid0001,2019-09-17,313278.0,365344,34183,,193699.0,,207650.0,1.0,95717.0,,6.0,,5636.0,
QC_Night_2019261_aid0001,aid0001,2019-09-18,354763.0,319124,34183,161.0,312769.0,,158289.0,81.0,33234.0,,119.0,,2791.0,
QC_Night_2019262_aid0001,aid0001,2019-09-19,252402.0,418047,34183,22.0,286720.0,,178379.0,29.0,40926.0,,,,4806.0,
QC_Night_2019263_aid0001,aid0001,2019-09-20,316324.0,301709,34183,285.0,225067.0,,236078.0,166.0,90619.0,1.0,4762.0,,6320.0,
QC_Night_2019264_aid0001,aid0001,2019-09-21,459751.0,206819,34183,111.0,272090.0,,175346.0,53.0,64489.0,3.0,1.0,,2668.0,
QC_Night_2019265_aid0001,aid0001,2019-09-22,697877.0,71449,34183,1047.0,281239.0,,65655.0,4.0,61743.0,,28.0,,2289.0,
QC_Night_2019266_aid0001,aid0001,2019-09-23,214153.0,504779,34183,2.0,105025.0,,261500.0,20.0,90962.0,,1727.0,4.0,3159.0,
QC_Night_2019267_aid0001,aid0001,2019-09-24,492867.0,262427,34183,330.0,195799.0,,156790.0,113.0,70325.0,,4.0,,2676.0,
QC_Night_2019268_aid0001,aid0001,2019-09-25,532919.0,166718,34183,51.0,208791.0,23.0,174765.0,29.0,83849.0,5.0,11110.0,,3071.0,
QC_Night_2019269_aid0001,aid0001,2019-09-26,593756.0,328164,34183,94.0,82584.0,,96670.0,50.0,76214.0,,,,3799.0,
QC_Night_2019270_aid0001,aid0001,2019-09-27,494160.0,270238,34183,4.0,119560.0,,174300.0,23.0,113353.0,13.0,593.0,,9087.0,
QC_Night_2019271_aid0001,aid0001,2019-09-28,326252.0,395236,34183,35.0,263493.0,,157425.0,59.0,35560.0,,3.0,,3268.0,
QC_Night_2019272_aid0001,aid0001,2019-09-29,169678.0,600828,34183,16.0,163269.0,,110425.0,1.0,123208.0,,85.0,,13821.0,
QC_Night_2019273_aid0001,aid0001,2019-09-30,154850.0,632215,34183,15.0,252697.0,,85460.0,53.0,53650.0,,,,2391.0,
QC_Night_2019274_aid0001,aid0001,2019-10-01,256243.0,503669,34183,36.0,270722.0,,103251.0,22.0,44497.0,,,,2891.0,
QC_Night_2019275_aid0001,aid0001,2019-10-02,471167.0,289670,34183,794.0,267171.0,,90228.0,135.0,61016.0,,20.0,,1130.0,
QC_Night_2019276_aid0001,aid0001,2019-10-03,407692.0,328452,34183,221.0,292298.0,3.0,97887.0,49.0,52310.0,,,,2419.0,
QC_Night_2019277_aid0001,aid0001,2019-10-04,356626.0,252306,34183,45.0,267176.0,,237836.0,509.0,64340.0,,102.0,,2391.0,
QC_Night_2019278_aid0001,aid0001,2019-10-05,310538.0,265991,34183,57.0,290751.0,,260047.0,96.0,51186.0,,,,2665.0,
QC_Night_2019279_aid0001,aid0001,2019-10-06,739438.0,31899,34183,787.0,279174.0,,62992.0,99.0,61152.0,,3197.0,,2593.0,
QC_Night_2019280_aid0001,aid0001,2019-10-07,659259.0,70581,34183,114.0,293135.0,,106646.0,90.0,49908.0,,,,1598.0,
QC_Night_2019281_aid0001,aid0001,2019-10-08,538793.0,201140,34183,9.0,226807.0,,109095.0,12.0,99123.0,,1677.0,,4675.0,
QC_Night_2019282_aid0001,aid0001,2019-10-09,499628.0,195921,34183,2.0,251573.0,,164652.0,41.0,67201.0,,21.0,,2292.0,
QC_Night_2019283_aid0001,aid0001,2019-10-10,561194.0,66361,34183,14.0,288140.0,,216615.0,37.0,47233.0,,,,1737.0,
QC_Night_2019284_aid0001,aid0001,2019-10-11,504242.0,182030,34183,195.0,247419.0,,178812.0,227.0,63412.0,,1100.0,21.0,3873.0,
QC_Night_2019285_aid0001,aid0001,2019-10-12,539747.0,106668,34183,33.0,281894.0,,182258.0,76.0,67238.0,,,,3417.0,
QC_Night_2019286_aid0001,aid0001,2019-10-13,306330.0,338810,34183,,277688.0,,181866.0,9.0,65354.0,,7078.0,,4196.0,
QC_Night_2019287_aid0001,aid0001,2019-10-14,568810.0,141237,34183,31.0,250568.0,,146819.0,82.0,70546.0,,,,3238.0,
QC_Night_2019288_aid0001,aid0001,2019-10-15,587821.0,85401,34183,94.0,239509.0,,158953.0,43.0,94412.0,,238.0,,14860.0,
QC_Night_2019289_aid0001,aid0001,2019-10-16,326249.0,454342,34183,,240145.0,,96476.0,1.0,61353.0,,,,2765.0,
QC_Night_2019290_aid0001,aid0001,2019-10-17,42790.0,864787,34183,,56778.0,,98474.0,,112026.0,,586.0,,5890.0,
QC_Night_2019291_aid0001,aid0001,2019-10-18,435920.0,266135,34183,12.0,219154.0,,179358.0,177.0,77403.0,,178.0,,2994.0,
QC_Night_2019292_aid0001,aid0001,2019-10-19,343165.0,349735,34183,3.0,287187.0,,141864.0,5.0,51975.0,,,,7397.0,
QC_Night_2019293_aid0001,aid0001,2019-10-20,213655.0,449456,34183,21.0,131835.0,,284576.0,225.0,96788.0,,879.0,,3896.0,
QC_Night_2019294_aid0001,aid0001,2019-10-21,354719.0,330205,34183,20.0,295179.0,,149296.0,58.0,50159.0,,,,1695.0,
QC_Night_2019295_aid0001,aid0001,2019-10-22,557389.0,174927,34183,186.0,311704.0,,95773.0,101.0,39189.0,,773.0,,1289.0,
QC_Night_2019296_aid0001,aid0001,2019-10-23,521446.0,180185,34183,425.0,308749.0,7.0,125210.0,316.0,44022.0,2.0,,,969.0,
QC_Night_2019297_aid0001,aid0001,2019-10-24,496132.0,165408,34183,67.0,295958.0,1.0,172921.0,98.0,47012.0,,164.0,,3570.0,
QC_Night_2019298_aid0001,aid0001,2019-10-25,541155.0,224919,34183,426.0,218308.0,3.0,110141.0,127.0,82346.0,7.0,1193.0,,2706.0,
QC_Night_2019299_aid0001,aid0001,2019-10-26,601401.0,100709,34183,17.0,320957.0,,122935.0,21.0,31707.0,,,,3584.0,
QC_Night_2019300_aid0001,aid0001,2019-10-27,564756.0,131583,34183,382.0,265034.0,6.0,150216.0,26.0,66637.0,,33.0,,2658.0,
QC_Night_2019301_aid0001,aid0001,2019-10-28,349008.0,323905,34183,2.0,201434.0,,229267.0,16.0,74416.0,,,,3283.0,
QC_Night_2019302_aid0001,aid0001,2019-10-29,430893.0,245188,34183,16.0,226408.0,,207044.0,99.0,64623.0,1.0,3471.0,,3588.0,
QC_Night_2019303_aid0001,aid0001,2019-10-30,356012.0,396522,34183,14.0,212378.0,,150622.0,37.0,64604.0,,,,1142.0,
QC_Night_2019304_aid0001,aid0001,2019-10-31,435694.0,291475,34183,49.0,158200.0,,202618.0,47.0,90444.0,,1229.0,3.0,1572.0,
QC_Night_2019305_aid0001,aid0001,2019-11-01,567509.0,50671,34183,33.0,235496.0,,220941.0,24.0,103459.0,,,,3198.0,
QC_Night_2019306_aid0001,aid0001,2019-11-02,560007.0,61914,34183,38.0,248660.0,,225251.0,29.0,77042.0,,,,8390.0,
QC_Night_2019307_aid0001,aid0001,2019-11-03,547115.0,149744,34183,20.0,209151.0,,163727.0,7.0,104998.0,,357.0,,6212.0,
QC_Night_2019308_aid0001,aid0001,2019-11-04,610226.0,64518,34183,22.0,301435.0,,150955.0,24.0,48658.0,,,,5493.0,
QC_Night_2019309_aid0001,aid0001,2019-11-05,723091.0,17399,34183,30.0,305320.0,,88001.0,17.0,45611.0,,169.0,,1693.0,
QC_Night_2019310_aid0001,aid0001,2019-11-06,343136.0,340115,34183,21.0,267656.0,1.0,160928.0,10.0,66215.0,,,,3249.0,
QC_Night_2019311_aid0001,aid0001,2019-11-07,495926.0,172029,34183,38.0,258345.0,,168689.0,4.0,77286.0,,6366.0,,2648.0,
QC_Night_2019312_aid0001,aid0001,2019-11-08,541436.0,127693,34183,49.0,273518.0,,183425.0,14.0,52706.0,,,,2490.0,
QC_Night_2019313_aid0001,aid0001,2019-11-09,601638.0,97864,34183,40.0,298325.0,,128531.0,7.0,53380.0,,177.0,,1369.0,
QC_Night_2019314_aid0001,aid0001,2019-11-10,287438.0,464883,34183,1.0,244908.0,,107095.0,,73361.0,,975.0,,2670.0,
QC_Night_2019315_aid0001,aid0001,2019-11-11,412822.0,276656,34183,21.0,183613.0,,228824.0,14.0,76172.0,,6.0,,3203.0,
QC_Night_2019316_aid0001,aid0001,2019-11-12,142834.0,593270,34183,1.0,236825.0,,119856.0,,81940.0,,3296.0,,3309.0,
QC_Night_2019317_aid0001,aid0001,2019-11-13,188928.0,515659,34183,14.0,187721.0,,180438.0,4.0,103260.0,,3.0,,5304.0,
QC_Night_2019318_aid0001,aid0001,2019-11-14,85800.0,726079,34183,3.0,75350.0,,138420.0,69.0,120081.0,,11281.0,,24248.0,
QC_Night_2019319_aid0001,aid0001,2019-11-15,141395.0,781999,34183,36.0,32492.0,,163935.0,6.0,56112.0,,,,5356.0,
QC_Night_2019320_aid0001,aid0001,2019-11-16,388400.0,349558,34183,46.0,127892.0,1.0,190415.0,33.0,108297.0,,1313.0,,15376.0,
QC_Night_2019321_aid0001,aid0001,2019-11-17,470126.0,138530,34183,20.0,294853.0,,224128.0,5.0,52048.0,,,,1621.0,
QC_Night_2019322_aid0001,aid0001,2019-11-18,313333.0,387828,34183,29.0,268257.0,,140865.0,39.0,69729.0,,,,1251.0,
QC_Night_2019323_aid0001,aid0001,2019-11-19,154603.0,595435,34183,,152116.0,,178428.0,105.0,97371.0,,415.0,,2858.0,
QC_Night_2019324_aid0001,aid0001,2019-11-20,129199.0,806996,34183,19.0,19978.0,,182633.0,33.0,37614.0,,,,4859.0,
QC_Night_2019325_aid0001,aid0001,2019-11-21,355005.0,569874,34183,1156.0,17039.0,1.0,165490.0,330.0,69838.0,8.0,251.0,,2339.0,
QC_Night_2019326_aid0001,aid0001,2019-11-22,458217.0,318660,34183,282.0,117855.0,34.0,182104.0,338.0,99555.0,40.0,,,4246.0,
QC_Night_2019327_aid0001,aid0001,2019-11-23,593362.0,154778,34183,1335.0,236403.0,510.0,124579.0,1004.0,64588.0,99.0,1038.0,,3635.0,
QC_Night_2019328_aid0001,aid0001,2019-11-24,450583.0,260378,34183,1489.0,233763.0,75.0,163208.0,272.0,67204.0,45.0,,,4314.0,
QC_Night_2019329_aid0001,aid0001,2019-11-25,375124.0,305044,34183,1251.0,281543.0,260.0,156933.0,432.0,56462.0,145.0,155.0,34.0,3942.0,6.0
QC_Night_2019330_aid0001,aid0001,2019-11-26,290535.0,368148,34183,665.0,234407.0,78.0,200497.0,769.0,84664.0,40.0,28.0,,1500.0,
QC_Night_2019331_aid0001,aid0001,2019-11-27,36956.0,999556,34183,43.0,39997.0,6.0,37920.0,352.0,64920.0,26.0,,,1553.0,2.0
QC_Night_2019332_aid0001,aid0001,2019-11-28,33142.0,797774,34183,214.0,32579.0,,195967.0,967.0,114913.0,55.0,118.0,,5602.0,
QC_Night_2019333_aid0001,aid0001,2019-11-29,67815.0,933032,34183,225.0,2773.0,6.0,148906.0,453.0,26309.0,8.0,,,1803.0,1.0
QC_Night_2019334_aid0001,aid0001,2019-11-30,168741.0,459126,34183,2594.0,74379.0,34.0,308597.0,13109.0,141907.0,416.0,189.0,2.0,12201.0,36.0
QC_Night_2019335_aid0001,aid0001,2019-12-01,42501.0,1053538,34183,81.0,35970.0,7.0,25098.0,244.0,23357.0,8.0,,,527.0,
QC_Night_2019336_aid0001,aid0001,2019-12-02,64480.0,930866,34183,1460.0,54727.0,133.0,81738.0,4825.0,36025.0,272.0,390.0,76.0,6284.0,55.0
QC_Night_2019337_aid0001,aid0001,2019-12-03,163862.0,597895,34183,7960.0,62484.0,85.0,240942.0,13059.0,92332.0,311.0,,,2398.0,3.0
QC_Night_2019338_aid0001,aid0001,2019-12-04,54686.0,940862,34183,3345.0,173.0,1.0,162318.0,10601.0,8973.0,135.0,,,236.0,1.0
QC_Night_2019339_aid0001,aid0001,2019-12-05,57665.0,769481,34183,2512.0,23504.0,72.0,192420.0,8508.0,115285.0,824.0,3310.0,395.0,7348.0,7.0
QC_Night_2019340_aid0001,aid0001,2019-12-06,63615.0,930766,34183,2156.0,28374.0,45.0,116407.0,5045.0,32783.0,124.0,,,2015.0,1.0
QC_Night_2019341_aid0001,aid0001,2019-12-07,73862.0,760602,34183,8227.0,17767.0,482.0,196169.0,14482.0,97561.0,1142.0,1029.0,59.0,9917.0,32.0
QC_Night_2019342_aid0001,aid0001,2019-12-08,39609.0,1003367,34183,2728.0,1872.0,46.0,112639.0,4089.0,15320.0,150.0,,,1511.0,
QC_Night_2019343_aid0001,aid0001,2019-12-09,176865.0,568031,34183,6985.0,39232.0,608.0,244623.0,15695.0,120040.0,1161.0,638.0,109.0,7322.0,22.0
QC_Night_2019344_aid0001,aid0001,2019-12-10,230325.0,388885,34183,14466.0,275591.0,1083.0,205890.0,9337.0,54182.0,327.0,,,1244.0,1.0
QC_Night_2019345_aid0001,aid0001,2019-12-11,30672.0,953948,34183,,51979.0,,84358.0,,56460.0,,438.0,,3476.0,
QC_Night_2019346_aid0001,aid0001,2019-12-12,51187.0,899351,34183,892.0,121998.0,270.0,46630.0,2559.0,57310.0,318.0,14.0,11.0,791.0,
QC_Night_2019347_aid0001,aid0001,2019-12-13,148037.0,671821,34183,1426.0,163127.0,65.0,113635.0,2120.0,79048.0,105.0,1.0,,1945.0,1.0
QC_Night_2019348_aid0001,aid0001,2019-12-14,75921.0,702503,34183,1709.0,70707.0,329.0,215664.0,12367.0,96326.0,682.0,1358.0,59.0,3698.0,8.0
QC_Night_2019349_aid0001,aid0001,2019-12-15,135123.0,651627,34183,1491.0,125715.0,33.0,151716.0,2455.0,106980.0,83.0,,,6107.0,1.0
QC_Night_2019350_aid0001,aid0001,2019-12-16,184572.0,407950,34183,7205.0,203750.0,635.0,270420.0,16977.0,84574.0,361.0,154.0,2.0,4731.0,
QC_Night_2019351_aid0001,aid0001,2019-12-17,261560.0,404911,34183,895.0,206498.0,16.0,209177.0,341.0,94603.0,17.0,,,3313.0,
QC_Night_2019352_aid0001,aid0001,2019-12-18,57281.0,973279,34183,2086.0,25108.0,16.0,60906.0,1723.0,55500.0,26.0,165.0,,5224.0,17.0
QC_Night_2019353_aid0001,aid0001,2019-12-19,188891.0,614200,34183,2073.0,188123.0,24.0,109825.0,396.0,75797.0,12.0,,,1990.0,
QC_Night_2019354_aid0001,aid0001,2019-12-20,190415.0,576418,34183,5315.0,258403.0,94.0,76358.0,2231.0,70858.0,189.0,,,1050.0,
QC_Night_2019355_aid0001,aid0001,2019-12-21,26556.0,1081436,34183,3.0,41222.0,,14041.0,172.0,17837.0,,,,64.0,
QC_Night_2019356_aid0001,aid0001,2019-12-22,11403.0,1124837,34183,272.0,261.0,4.0,41094.0,845.0,2221.0,15.0,,,379.0,
QC_Night_2019357_aid0001,aid0001,2019-12-23,60395.0,906304,34183,211.0,3506.0,2.0,191868.0,3892.0,14328.0,11.0,6.0,,808.0,
QC_Night_2019358_aid0001,aid0001,2019-12-24,157123.0,709641,34183,3641.0,11015.0,10.0,237099.0,5761.0,54613.0,55.0,,,2373.0,
QC_Night_2019359_aid0001,aid0001,2019-12-25,6946.0,1030967,34183,741.0,635.0,,103940.0,4413.0,28830.0,36.0,97.0,,4726.0,
QC_Night_2019360_aid0001,aid0001,2019-12-26,118673.0,787551,34183,2220.0,54388.0,12.0,172806.0,6625.0,38453.0,65.0,,,538.0,
QC_Night_2019361_aid0001,aid0001,2019-12-27,238028.0,582545,34183,5839.0,18557.0,65.0,263001.0,9350.0,61095.0,284.0,,,2567.0,
QC_Night_2019362_aid0001,aid0001,2019-12-28,230450.0,435495,34183,11759.0,117973.0,126.0,258224.0,12693.0,111049.0,193.0,1938.0,58.0,1373.0,
QC_Night_2019363_aid0001,aid0001,2019-12-29,161944.0,590567,34183,8098.0,141083.0,157.0,148496.0,5823.0,122174.0,726.0,,,2263.0,
QC_Night_2019364_aid0001,aid0001,2019-12-30,40149.0,891573,34183,1499.0,8387.0,12.0,193136.0,8708.0,35553.0,252.0,1461.0,64.0,537.0,
QC_Night_2019365_aid0001,aid0001,2019-12-31,154705.0,766244,34183,1487.0,56188.0,45.0,130602.0,3708.0,67282.0,338.0,,,731.0,1.0
QC_Night_2020001_aid0001,aid0001,2020-01-01,82843.0,736036,34183,1654.0,146824.0,212.0,85512.0,9718.0,101678.0,2619.0,1186.0,484.0,12273.0,292.0
QC_Night_2020002_aid0001,aid0001,2020-01-02,231657.0,564676,34183,8140.0,125988.0,597.0,146435.0,5700.0,94917.0,760.0,,,2461.0,
QC_Night_2020003_aid0001,aid0001,2020-01-03,63280.0,780343,34183,3817.0,104994.0,1359.0,95432.0,12742.0,99346.0,2537.0,2172.0,529.0,14287.0,493.0
QC_Night_2020004_aid0001,aid0001,2020-01-04,133335.0,746638,34183,2710.0,100378.0,23.0,106016.0,3695.0,85599.0,122.0,,,2815.0,
QC_Night_2020005_aid0001,aid0001,2020-01-05,163574.0,701876,34183,9640.0,108756.0,429.0,100476.0,5561.0,83129.0,645.0,440.0,59.0,6685.0,61.0
QC_Night_2020006_aid0001,aid0001,2020-01-06,368427.0,291125,34183,14887.0,272955.0,735.0,162821.0,8534.0,59816.0,710.0,313.0,25.0,983.0,
QC_Night_2020007_aid0001,aid0001,2020-01-07,386396.0,209147,34183,9957.0,243478.0,530.0,232893.0,6223.0,87451.0,738.0,,,4518.0,
QC_Night_2020008_aid0001,aid0001,2020-01-08,206116.0,519737,34183,6770.0,96054.0,72.0,276210.0,8974.0,55181.0,198.0,458.0,10.0,11536.0,15.0
QC_Night_2020009_aid0001,aid0001,2020-01-09,88880.0,770279,34183,1335.0,144031.0,70.0,89127.0,2604.0,81869.0,247.0,,,2889.0,
QC_Night_2020010_aid0001,aid0001,2020-01-10,217958.0,401377,34183,2629.0,190165.0,122.0,236180.0,6234.0,124311.0,454.0,24.0,,1876.0,1.0
QC_Night_2020011_aid0001,aid0001,2020-01-11,211828.0,513794,34183,8449.0,160205.0,290.0,185339.0,9028.0,90712.0,267.0,,,1419.0,
QC_Night_2020012_aid0001,aid0001,2020-01-12,142388.0,631211,34183,2125.0,212669.0,106.0,92097.0,2978.0,94120.0,363.0,,,3274.0,
QC_Night_2020013_aid0001,aid0001,2020-01-13,203405.0,385037,34183,7047.0,207777.0,35.0,272046.0,17897.0,82799.0,116.0,1157.0,50.0,3962.0,3.0
QC_Night_2020014_aid0001,aid0001,2020-01-14,230213.0,484531,34183,4449.0,285929.0,99.0,117186.0,2974.0,54175.0,141.0,,,1634.0,
QC_Night_2020015_aid0001,aid0001,2020-01-15,171078.0,550854,34183,9426.0,146897.0,114.0,184580.0,10615.0,103473.0,111.0,1008.0,39.0,3135.0,1.0
QC_Night_2020016_aid0001,aid0001,2020-01-16,114339.0,714301,34183,2259.0,125519.0,16.0,98994.0,1759.0,122274.0,44.0,,,1826.0,
QC_Night_2020017_aid0001,aid0001,2020-01-17,89233.0,584614,34183,695.0,140483.0,12.0,254597.0,15517.0,87982.0,119.0,28.0,,8044.0,7.0
QC_Night_2020018_aid0001,aid0001,2020-01-18,104371.0,810801,34183,1603.0,125895.0,8.0,51889.0,1024.0,84143.0,29.0,,,1568.0,
QC_Night_2020019_aid0001,aid0001,2020-01-19,86109.0,704012,34183,8858.0,66151.0,21.0,145496.0,10715.0,138461.0,191.0,1333.0,21.0,19955.0,8.0
QC_Night_2020020_aid0001,aid0001,2020-01-20,4127.0,1159656,34183,2.0,1377.0,,7575.0,80.0,8485.0,,,,29.0,
QC_Night_2020021_aid0001,aid0001,2020-01-21,16980.0,1061778,34183,826.0,496.0,2.0,88672.0,6633.0,4543.0,19.0,,,1382.0,
QC_Night_2020022_aid0001,aid0001,2020-01-22,71879.0,825095,34183,2530.0,79180.0,11.0,86692.0,6502.0,105408.0,109.0,,,3925.0,
QC_Night_2020023_aid0001,aid0001,2020-01-23,218659.0,465058,34183,3991.0,282196.0,184.0,151198.0,5005.0,53498.0,104.0,,,1438.0,
QC_Night_2020024_aid0001,aid0001,2020-01-24,104126.0,751524,34183,391.0,153617.0,30.0,79686.0,4197.0,83069.0,20.0,443.0,48.0,4178.0,2.0
QC_Night_2020025_aid0001,aid0001,2020-01-25,143977.0,656852,34183,4705.0,162675.0,34.0,117137.0,4286.0,88186.0,68.0,,,3411.0,
QC_Night_2020026_aid0001,aid0001,2020-01-26,36106.0,884918,34183,77.0,48230.0,13.0,78588.0,3094.0,114041.0,18.0,1669.0,2.0,14575.0,
QC_Night_2020027_aid0001,aid0001,2020-01-27,209091.0,562875,34183,5743.0,166856.0,56.0,161039.0,4985.0,67466.0,26.0,,,3194.0,
QC_Night_2020028_aid0001,aid0001,2020-01-28,181378.0,586823,34183,2379.0,279358.0,39.0,73272.0,3003.0,53763.0,22.0,,,1294.0,
QC_Night_2020029_aid0001,aid0001,2020-01-29,247982.0,368376,34183,12453.0,215532.0,52.0,246184.0,17123.0,70426.0,24.0,376.0,16.0,2785.0,2.0
QC_Night_2020030_aid0001,aid0001,2020-01-30,133786.0,633837,34183,2067.0,214928.0,20.0,106099.0,2046.0,85044.0,18.0,,,3485.0,1.0
QC_Night_2020031_aid0001,aid0001,2020-01-31,166989.0,523616,34183,7806.0,237247.0,50.0,144039.0,13827.0,84085.0,11.0,2086.0,319.0,1255.0,1.0
QC_Night_2020032_aid0001,aid0001,2020-02-01,293101.0,412732,34183,3300.0,221192.0,19.0,164899.0,2441.0,78187.0,13.0,,,5447.0,
QC_Night_2020033_aid0001,aid0001,2020-02-02,178446.0,588779,34183,2189.0,280922.0,34.0,71981.0,2781.0,51629.0,11.0,2703.0,56.0,1800.0,
QC_Night_2020034_aid0001,aid0001,2020-02-03,276812.0,381800,34183,3921.0,187925.0,13.0,247843.0,6570.0,73916.0,11.0,,,2519.0,1.0
QC_Night_2020035_aid0001,aid0001,2020-02-04,315412.0,270529,34183,11878.0,175002.0,21.0,280099.0,15330.0,110821.0,6.0,,,2233.0,
QC_Night_2020036_aid0001,aid0001,2020-02-05,142673.0,622173,34183,5957.0,179058.0,19.0,97285.0,3663.0,129557.0,15.0,,,929.0,2.0
QC_Night_2020037_aid0001,aid0001,2020-02-06,214978.0,582099,34183,3617.0,59471.0,14.0,189178.0,8112.0,118941.0,30.0,5.0,,4886.0,
QC_Night_2020038_aid0001,aid0001,2020-02-07,428864.0,291063,34183,20943.0,276838.0,83.0,105382.0,7090.0,50647.0,16.0,99.0,8.0,298.0,
QC_Night_2020039_aid0001,aid0001,2020-02-08,427000.0,192240,34183,10879.0,298657.0,59.0,191093.0,6298.0,53913.0,48.0,,,1144.0,
QC_Night_2020040_aid0001,aid0001,2020-02-09,335147.0,178965,34183,3980.0,282153.0,50.0,315792.0,12535.0,49323.0,8.0,62.0,,3315.0,1.0
QC_Night_2020041_aid0001,aid0001,2020-02-10,413784.0,372228,34183,8611.0,60751.0,28.0,222115.0,4162.0,98743.0,15.0,,,894.0,
QC_Night_2020042_aid0001,aid0001,2020-02-11,434114.0,223345,34183,6674.0,220755.0,60.0,220100.0,8319.0,64232.0,106.0,2187.0,63.0,1375.0,1.0
QC_Night_2020043_aid0001,aid0001,2020-02-12,407329.0,252035,34183,8355.0,265114.0,23.0,167080.0,2583.0,77804.0,13.0,,,995.0,
QC_Night_2020044_aid0001,aid0001,2020-02-13,563691.0,77907,34183,8417.0,297957.0,114.0,174460.0,6097.0,51027.0,96.0,192.0,5.0,1368.0,
QC_Night_2020045_aid0001,aid0001,2020-02-14,375227.0,228709,34183,6388.0,241081.0,28.0,241124.0,3943.0,81266.0,18.0,43.0,,3504.0,
QC_Night_2020046_aid0001,aid0001,2020-02-15,278938.0,469938,34183,2177.0,257493.0,6.0,95989.0,537.0,75593.0,3.0,,,657.0,
QC_Night_2020047_aid0001,aid0001,2020-02-16,92685.0,770555,34183,278.0,186354.0,15.0,60679.0,1251.0,67325.0,4.0,1190.0,201.0,794.0,
QC_Night_2020048_aid0001,aid0001,2020-02-17,151495.0,641700,34183,801.0,130915.0,3.0,187368.0,1456.0,64561.0,2.0,,,3030.0,
QC_Night_2020049_aid0001,aid0001,2020-02-18,349564.0,233335,34183,5728.0,164186.0,11.0,273031.0,9043.0,138269.0,25.0,561.0,3.0,7575.0,
QC_Night_2020050_aid0001,aid0001,2020-02-19,488684.0,194475,34183,6074.0,169767.0,7.0,222289.0,3100.0,94800.0,4.0,,,2131.0,
QC_Night_2020051_aid0001,aid0001,2020-02-20,440205.0,255640,34183,10269.0,271085.0,17.0,126874.0,3880.0,72076.0,,,,1285.0,
QC_Night_2020052_aid0001,aid0001,2020-02-21,319640.0,461135,34183,7050.0,130273.0,14.0,160532.0,3703.0,97155.0,1.0,,,1828.0,
QC_Night_2020053_aid0001,aid0001,2020-02-22,250227.0,677157,34183,2195.0,12865.0,,179641.0,4421.0,51586.0,4.0,,,3235.0,
QC_Night_2020054_aid0001,aid0001,2020-02-23,406807.0,472030,34183,6686.0,37204.0,,187323.0,4872.0,62289.0,2.0,3.0,,4115.0,
QC_Night_2020055_aid0001,aid0001,2020-02-24,439574.0,197864,34183,3416.0,305377.0,165.0,188385.0,2721.0,41390.0,3.0,,,2436.0,
QC_Night_2020056_aid0001,aid0001,2020-02-25,438749.0,170557,34183,8113.0,282292.0,798.0,211095.0,5002.0,60589.0,210.0,1204.0,18.0,2704.0,
QC_Night_2020057_aid0001,aid0001,2020-02-26,340154.0,293346,34183,3830.0,272692.0,19.0,196096.0,2154.0,70606.0,10.0,,,2424.0,
QC_Night_2020058_aid0001,aid0001,2020-02-27,590189.0,86381,34183,,265616.0,,170689.0,,61627.0,1.0,1478.0,,5350.0,
QC_Night_2020059_aid0001,aid0001,2020-02-28,409130.0,495451,34183,4428.0,32110.0,2.0,158088.0,3530.0,77235.0,9.0,1.0,,1347.0,
QC_Night_2020060_aid0001,aid0001,2020-02-29,93791.0,748360,34183,693.0,54368.0,1.0,165053.0,2183.0,109335.0,8.0,318.0,42.0,7167.0,12.0
QC_Night_2020061_aid0001,aid0001,2020-03-01,136590.0,635752,34183,1607.0,178147.0,20.0,142739.0,2394.0,79223.0,2.0,8.0,,4849.0,
QC_Night_2020062_aid0001,aid0001,2020-03-02,275541.0,539434,34183,1233.0,67889.0,4.0,227268.0,1473.0,67383.0,9.0,,,1097.0,
QC_Night_2020063_aid0001,aid0001,2020-03-03,415180.0,279868,34183,6807.0,231176.0,48.0,162466.0,4538.0,78387.0,33.0,1425.0,63.0,1340.0,
QC_Night_2020064_aid0001,aid0001,2020-03-04,484862.0,158094,34183,10380.0,311650.0,795.0,176251.0,2091.0,31592.0,72.0,,,5544.0,
QC_Night_2020065_aid0001,aid0001,2020-03-05,331250.0,315965,34183,4741.0,199858.0,375.0,195497.0,2104.0,112194.0,149.0,7720.0,82.0,11394.0,2.0
QC_Night_2020066_aid0001,aid0001,2020-03-06,101754.0,833522,34183,1664.0,28515.0,2.0,126459.0,1222.0,81484.0,7.0,2.0,,6700.0,
QC_Night_2020067_aid0001,aid0001,2020-03-07,64213.0,829731,34183,64.0,100235.0,4.0,70136.0,364.0,110789.0,17.0,904.0,1.0,4873.0,
QC_Night_2020068_aid0001,aid0001,2020-03-08,117856.0,732128,34183,1645.0,51833.0,97.0,195634.0,2315.0,75975.0,14.0,,,3834.0,
QC_Night_2020069_aid0001,aid0001,2020-03-09,46963.0,966179,34183,224.0,40912.0,,70253.0,511.0,54701.0,2.0,,,1586.0,
QC_Night_2020070_aid0001,aid0001,2020-03-10,331850.0,707858,34183,4452.0,4778.0,1.0,113087.0,3877.0,14670.0,1.0,55.0,5.0,697.0,
QC_Night_2020071_aid0001,aid0001,2020-03-11,284951.0,635624,34183,646.0,12816.0,,179509.0,1114.0,60263.0,1.0,,,6407.0,
QC_Night_2020072_aid0001,aid0001,2020-03-12,527676.0,351475,34183,5224.0,78633.0,63.0,155851.0,5437.0,50088.0,71.0,325.0,20.0,6452.0,16.0
QC_Night_2020073_aid0001,aid0001,2020-03-13,420752.0,512450,34183,1303.0,24908.0,,180232.0,897.0,38631.0,1.0,1.0,,2156.0,
QC_Night_2020074_aid0001,aid0001,2020-03-14,53452.0,783012,34183,77.0,39004.0,15.0,193185.0,880.0,103038.0,54.0,54.0,,8559.0,1.0
QC_Night_2020075_aid0001,aid0001,2020-03-15,66377.0,838991,34183,120.0,65783.0,7.0,103088.0,986.0,102211.0,13.0,,,3755.0,
QC_Night_2020076_aid0001,aid0001,2020-03-16,145552.0,591710,34183,332.0,157136.0,147.0,162713.0,1207.0,118431.0,49.0,,,4051.0,3.0
QC_Night_2020077_aid0001,aid0001,2020-03-17,185630.0,696114,34183,2461.0,39468.0,7.0,158152.0,2693.0,94248.0,62.0,104.0,1.0,2391.0,
QC_Night_2020078_aid0001,aid0001,2020-03-18,78553.0,760998,34183,593.0,80430.0,26.0,119774.0,1783.0,133789.0,81.0,,,5299.0,5.0
QC_Night_2020079_aid0001,aid0001,2020-03-19,283255.0,431926,34183,4942.0,72594.0,317.0,280192.0,10129.0,92663.0,457.0,69.0,,4785.0,2.0
QC_Night_2020080_aid0001,aid0001,2020-03-20,375975.0,393380,34183,4054.0,68259.0,34.0,242689.0,2531.0,90080.0,58.0,,,4271.0,
QC_Night_2020081_aid0001,aid0001,2020-03-21,290637.0,550265,34183,5249.0,18598.0,83.0,213829.0,9899.0,83756.0,428.0,1816.0,11.0,6760.0,
QC_Night_2020082_aid0001,aid0001,2020-03-22,487827.0,340728,34183,8509.0,75000.0,40.0,166851.0,4901.0,93100.0,49.0,3.0,,4323.0,
QC_Night_2020083_aid0001,aid0001,2020-03-23,220650.0,724703,34183,4387.0,16337.0,63.0,158248.0,5814.0,46308.0,98.0,501.0,13.0,4208.0,1.0
QC_Night_2020084_aid0001,aid0001,2020-03-24,198525.0,477304,34183,3354.0,210553.0,88.0,193853.0,4325.0,89213.0,34.0,,,4082.0,
QC_Night_2020085_aid0001,aid0001,2020-03-25,73377.0,886764,34183,1954.0,20859.0,37.0,150287.0,2278.0,43637.0,57.0,,,2081.0,
QC_Night_2020086_aid0001,aid0001,2020-03-26,190317.0,568534,34183,1209.0,35238.0,14.0,273267.0,7430.0,102221.0,98.0,37.0,,2966.0,
QC_Night_2020087_aid0001,aid0001,2020-03-27,339809.0,439101,34183,3335.0,96094.0,43.0,202079.0,1840.0,93137.0,41.0,,,5852.0,
QC_Night_2020088_aid0001,aid0001,2020-03-28,144175.0,575018,34183,1370.0,230630.0,393.0,125102.0,6048.0,94521.0,333.0,1900.0,9.0,1832.0,
QC_Night_2020089_aid0001,aid0001,2020-03-29,5145.0,1113476,34183,119.0,2895.0,1.0,33584.0,1047.0,22698.0,11.0,,,2355.0,
QC_Night_2020090_aid0001,aid0001,2020-03-30,182089.0,497757,34183,4708.0,171348.0,397.0,187712.0,5826.0,123976.0,266.0,873.0,13.0,6366.0,
QC_Night_2020091_aid0001,aid0001,2020-03-31,205328.0,552423,34183,5984.0,229878.0,201.0,115271.0,3228.0,63807.0,37.0,,,5174.0,
QC_Night_2020092_aid0001,aid0001,2020-04-01,237508.0,573947,34183,3006.0,92446.0,45.0,206697.0,3029.0,60080.0,20.0,52.0,,4501.0,
QC_Night_2020093_aid0001,aid0001,2020-04-02,359777.0,232085,34183,5830.0,260397.0,29.0,250154.0,10469.0,57666.0,26.0,12.0,,4886.0,
QC_Night_2020094_aid0001,aid0001,2020-04-03,368143.0,209164,34183,1844.0,273441.0,4.0,262916.0,1532.0,56384.0,5.0,,,7898.0,
QC_Night_2020095_aid0001,aid0001,2020-04-04,344621.0,237022,34183,2282.0,259539.0,13.0,255197.0,4114.0,63966.0,14.0,5667.0,121.0,8775.0,
QC_Night_2020096_aid0001,aid0001,2020-04-05,131315.0,658998,34183,527.0,179212.0,3.0,128712.0,1154.0,76951.0,3.0,,,4456.0,
QC_Night_2020097_aid0001,aid0001,2020-04-06,81660.0,853223,34183,785.0,85478.0,1.0,96165.0,1474.0,53186.0,39.0,284.0,,9036.0,
QC_Night_2020098_aid0001,aid0001,2020-04-07,238756.0,558196,34183,966.0,99778.0,1.0,225894.0,3161.0,52188.0,2.0,,,2389.0,
QC_Night_2020099_aid0001,aid0001,2020-04-08,474367.0,373837,34183,6690.0,116943.0,1.0,113397.0,1660.0,90234.0,15.0,6.0,,4181.0,
QC_Night_2020100_aid0001,aid0001,2020-04-09,357927.0,592375,34183,3712.0,35180.0,,120288.0,1991.0,67365.0,,,,2493.0,
QC_Night_2020101_aid0001,aid0001,2020-04-10,406806.0,487004,34183,2268.0,75584.0,7.0,146745.0,1448.0,60173.0,11.0,,,1285.0,
QC_Night_2020102_aid0001,aid0001,2020-04-11,382005.0,434344,34183,4394.0,62562.0,20.0,219955.0,3475.0,69856.0,13.0,69.0,,4638.0,
QC_Night_2020103_aid0001,aid0001,2020-04-12,280381.0,429527,34183,1408.0,169128.0,66.0,199609.0,963.0,93810.0,35.0,5.0,,6399.0,
QC_Night_2020104_aid0001,aid0001,2020-04-13,531485.0,261471,34183,2378.0,102956.0,17.0,187521.0,1750.0,87765.0,57.0,724.0,25.0,5182.0,
QC_Night_2020105_aid0001,aid0001,2020-04-14,564266.0,97754,34183,2775.0,234736.0,16.0,205835.0,1443.0,69386.0,6.0,,,5114.0,
QC_Night_2020106_aid0001,aid0001,2020-04-15,553022.0,89617,34183,3350.0,303375.0,59.0,179832.0,1246.0,40835.0,6.0,6121.0,1.0,3867.0,
QC_Night_2020107_aid0001,aid0001,2020-04-16,326033.0,341210,34183,2376.0,242320.0,17.0,192263.0,1702.0,70141.0,11.0,,,5258.0,
QC_Night_2020108_aid0001,aid0001,2020-04-17,474003.0,375713,34183,1425.0,150677.0,2.0,111838.0,805.0,60498.0,2.0,361.0,1.0,6006.0,
QC_Night_2020109_aid0001,aid0001,2020-04-18,300233.0,575936,34183,1710.0,110072.0,,118517.0,465.0,69985.0,13.0,3.0,,4397.0,
QC_Night_2020110_aid0001,aid0001,2020-04-19,219013.0,507416,34183,371.0,212056.0,5.0,160329.0,489.0,75350.0,5.0,3.0,,6294.0,
QC_Night_2020111_aid0001,aid0001,2020-04-20,461594.0,390853,34183,3042.0,56250.0,17.0,152583.0,2378.0,110118.0,28.0,9.0,,4459.0,
QC_Night_2020112_aid0001,aid0001,2020-04-21,265766.0,481600,34183,301.0,127845.0,,224675.0,525.0,73102.0,3.0,5.0,,7509.0,
QC_Night_2020113_aid0001,aid0001,2020-04-22,360928.0,206751,34183,1833.0,190918.0,15.0,274322.0,653.0,137383.0,9.0,489.0,18.0,8012.0,
QC_Night_2020114_aid0001,aid0001,2020-04-23,212860.0,450791,34183,1556.0,258648.0,3.0,183424.0,765.0,65741.0,,,,7543.0,
QC_Night_2020115_aid0001,aid0001,2020-04-24,410653.0,293845,34183,850.0,266436.0,4.0,125222.0,241.0,79225.0,7.0,472.0,,4376.0,
QC_Night_2020116_aid0001,aid0001,2020-04-25,236762.0,454400,34183,226.0,284077.0,1.0,152981.0,636.0,51225.0,,73.0,,950.0,
QC_Night_2020117_aid0001,aid0001,2020-04-26,165167.0,714502,34183,96.0,81767.0,,142035.0,264.0,73395.0,1.0,71.0,,4033.0,
QC_Night_2020118_aid0001,aid0001,2020-04-27,232389.0,678623,34183,783.0,128343.0,,88671.0,167.0,48547.0,1.0,1077.0,,2730.0,
QC_Night_2020119_aid0001,aid0001,2020-04-28,241909.0,433972,34183,56.0,212708.0,,199833.0,125.0,87115.0,,,,5613.0,
QC_Night_2020120_aid0001,aid0001,2020-04-29,378458.0,265901,34183,911.0,299168.0,,186915.0,1135.0,42498.0,,2552.0,,3793.0,
QC_Night_2020121_aid0001,aid0001,2020-04-30,146528.0,823188,34183,114.0,25384.0,,125469.0,164.0,54700.0,,,,5784.0,
QC_Night_2020122_aid0001,aid0001,2020-05-01,300916.0,424771,34183,334.0,177882.0,,180449.0,544.0,89940.0,,1067.0,,5428.0,
QC_Night_2020123_aid0001,aid0001,2020-05-02,398880.0,302067,34183,302.0,246008.0,1.0,172839.0,417.0,52700.0,,,,8117.0,
QC_Night_2020124_aid0001,aid0001,2020-05-03,253644.0,426340,34183,97.0,217799.0,,202148.0,91.0,75979.0,,,,5233.0,
QC_Night_2020125_aid0001,aid0001,2020-05-04,659490.0,62183,34183,1179.0,307259.0,1.0,109851.0,420.0,39704.0,,,,1244.0,
QC_Night_2020126_aid0001,aid0001,2020-05-05,395590.0,305603,34183,240.0,300511.0,,130167.0,192.0,45181.0,,9.0,,3838.0,
QC_Night_2020127_aid0001,aid0001,2020-05-06,163626.0,580975,34183,129.0,211493.0,,131251.0,161.0,85469.0,2.0,3009.0,,5216.0,
QC_Night_2020128_aid0001,aid0001,2020-05-07,662419.0,78204,34183,285.0,235412.0,,131150.0,103.0,64727.0,,5.0,,9026.0,
QC_Night_2020129_aid0001,aid0001,2020-05-08,635476.0,196204,34183,868.0,92147.0,,108283.0,106.0,122026.0,1.0,7756.0,,18464.0,
QC_Night_2020130_aid0001,aid0001,2020-05-09,440259.0,291283,34183,281.0,220065.0,,152859.0,212.0,65548.0,,,,10824.0,
QC_Night_2020131_aid0001,aid0001,2020-05-10,121768.0,674962,34183,71.0,148657.0,1.0,124709.0,80.0,101033.0,,780.0,,9270.0,
QC_Night_2020132_aid0001,aid0001,2020-05-11,214023.0,646050,34183,66.0,118024.0,,114403.0,92.0,84844.0,,,,3829.0,
QC_Night_2020133_aid0001,aid0001,2020-05-12,208094.0,529703,34183,39.0,249847.0,,132356.0,29.0,51440.0,,7.0,,9816.0,
QC_Night_2020134_aid0001,aid0001,2020-05-13,118956.0,629769,34183,18.0,203425.0,,128009.0,71.0,93769.0,1.0,628.0,,6685.0,
QC_Night_2020135_aid0001,aid0001,2020-05-14,97276.0,736951,34183,8.0,201512.0,,80729.0,15.0,54022.0,,5.0,,10813.0,
QC_Night_2020136_aid0001,aid0001,2020-05-15,80123.0,625342,34183,2.0,132223.0,,213118.0,205.0,117730.0,,1253.0,3.0,11332.0,
QC_Night_2020137_aid0001,aid0001,2020-05-16,262460.0,432642,34183,44.0,278494.0,,151728.0,27.0,48523.0,,3.0,,7410.0,
QC_Night_2020138_aid0001,aid0001,2020-05-17,63591.0,856414,34183,15.0,70082.0,,91358.0,73.0,84303.0,,3454.0,,12041.0,
QC_Night_2020139_aid0001,aid0001,2020-05-18,104983.0,752001,34183,,202357.0,,61730.0,25.0,54613.0,,,,5622.0,
QC_Night_2020140_aid0001,aid0001,2020-05-19,110127.0,623955,34183,4.0,147951.0,,168864.0,76.0,122402.0,,178.0,,7774.0,
QC_Night_2020141_aid0001,aid0001,2020-05-20,155754.0,561447,34183,148.0,193630.0,,186802.0,383.0,75429.0,,74.0,1.0,7662.0,1.0
QC_Night_2020142_aid0001,aid0001,2020-05-21,464829.0,217314,34183,213.0,289674.0,2.0,149264.0,55.0,51509.0,,1.0,,8470.0,
QC_Night_2020143_aid0001,aid0001,2020-05-22,257793.0,371106,34183,656.0,257737.0,4.0,222118.0,306.0,64767.0,1.0,661.0,,6182.0,
QC_Night_2020144_aid0001,aid0001,2020-05-23,524995.0,170911,34183,194.0,230400.0,1.0,182507.0,69.0,62161.0,,13.0,,10080.0,
QC_Night_2020145_aid0001,aid0001,2020-05-24,342390.0,249232,34183,256.0,232522.0,,253776.0,241.0,98104.0,,257.0,,4553.0,
QC_Night_2020146_aid0001,aid0001,2020-05-25,285982.0,329749,34183,244.0,280753.0,,226756.0,81.0,53748.0,,,,4018.0,
QC_Night_2020147_aid0001,aid0001,2020-05-26,390709.0,372322,34183,53.0,309508.0,,66223.0,15.0,42003.0,,445.0,,53.0,
QC_Night_2020148_aid0001,aid0001,2020-05-27,365313.0,313231,34183,322.0,266548.0,,191013.0,98.0,40188.0,,3368.0,,1249.0,1.0
QC_Night_2020149_aid0001,aid0001,2020-05-28,558555.0,192718,34183,311.0,237668.0,,128295.0,14.0,62223.0,,,,1547.0,
QC_Night_2020150_aid0001,aid0001,2020-05-29,414754.0,286709,34183,189.0,305788.0,,141400.0,67.0,26253.0,,5295.0,,876.0,
QC_Night_2020151_aid0001,aid0001,2020-05-30,65773.0,853597,34183,15.0,117680.0,,81315.0,25.0,57843.0,,4.0,,5079.0,
QC_Night_2020152_aid0001,aid0001,2020-05-31,143681.0,655497,34183,47.0,86888.0,,184969.0,81.0,100796.0,,1965.0,,7407.0,
QC_Night_2020153_aid0001,aid0001,2020-06-01,89104.0,847388,34183,19.0,134246.0,,53357.0,15.0,50837.0,,4.0,,6361.0,
QC_Night_2020154_aid0001,aid0001,2020-06-02,304782.0,596873,34183,64.0,38108.0,,175730.0,5.0,54313.0,,2603.0,,8853.0,
QC_Night_2020155_aid0001,aid0001,2020-06-03,428446.0,427373,34183,88.0,96516.0,,141296.0,35.0,85381.0,,4.0,,2192.0,
QC_Night_2020156_aid0001,aid0001,2020-06-04,503790.0,137663,34183,26.0,252052.0,,201663.0,7.0,84520.0,,201.0,,1409.0,
QC_Night_2020157_aid0001,aid0001,2020-06-05,413557.0,365004,34183,138.0,177812.0,,148337.0,10.0,73836.0,,1179.0,,1458.0,
QC_Night_2020158_aid0001,aid0001,2020-06-06,176775.0,591667,34183,23.0,202707.0,,158256.0,11.0,49833.0,,14.0,,2045.0,
QC_Night_2020159_aid0001,aid0001,2020-06-07,257903.0,512719,34183,75.0,235304.0,,100508.0,39.0,65818.0,,50.0,,8915.0,
QC_Night_2020160_aid0001,aid0001,2020-06-08,279332.0,475749,34183,13.0,257152.0,,117404.0,18.0,47142.0,1.0,3.0,,4517.0,
QC_Night_2020161_aid0001,aid0001,2020-06-09,299470.0,422735,34183,45.0,289921.0,,115200.0,12.0,50365.0,,511.0,,3072.0,
QC_Night_2020162_aid0001,aid0001,2020-06-10,516184.0,128226,34183,298.0,308432.0,,185766.0,107.0,38596.0,,14.0,,3708.0,
QC_Night_2020163_aid0001,aid0001,2020-06-11,324601.0,378281,34183,34.0,294354.0,,127746.0,12.0,54282.0,,570.0,,1451.0,
QC_Night_2020164_aid0001,aid0001,2020-06-12,164446.0,618714,34183,19.0,280239.0,,81598.0,26.0,34794.0,,,,1495.0,
QC_Night_2020165_aid0001,aid0001,2020-06-13,231105.0,522305,34183,4.0,289933.0,,96596.0,4.0,34368.0,,20.0,,6996.0,
QC_Night_2020166_aid0001,aid0001,2020-06-14,358021.0,225513,34183,40.0,301702.0,,255545.0,75.0,36177.0,1.0,474.0,,3783.0,
QC_Night_2020167_aid0001,aid0001,2020-06-15,150653.0,637998,34183,5.0,242382.0,,87495.0,4.0,57154.0,,2.0,,5638.0,
QC_Night_2020168_aid0001,aid0001,2020-06-16,108770.0,747969,34183,3.0,57204.0,,214676.0,62.0,45905.0,,1496.0,,5246.0,
QC_Night_2020169_aid0001,aid0001,2020-06-17,482860.0,206291,34183,10.0,308505.0,,153291.0,15.0,24955.0,,,,5404.0,
QC_Night_2020170_aid0001,aid0001,2020-06-18,618503.0,91490,34183,79.0,265940.0,,136451.0,64.0,64340.0,,509.0,,3955.0,
QC_Night_2020171_aid0001,aid0001,2020-06-19,488156.0,179823,34183,27.0,311948.0,,172968.0,11.0,25486.0,,426.0,,2486.0,
QC_Night_2020172_aid0001,aid0001,2020-06-20,230094.0,518585,34183,12.0,208007.0,,134120.0,1.0,86686.0,,160.0,,3666.0,
QC_Night_2020173_aid0001,aid0001,2020-06-21,324053.0,367535,34183,24.0,267280.0,,177918.0,6.0,42178.0,,1119.0,,1218.0,
QC_Night_2020174_aid0001,aid0001,2020-06-22,764928.0,28219,34183,31.0,316319.0,,43848.0,6.0,25947.0,,,,2033.0,
QC_Night_2020175_aid0001,aid0001,2020-06-23,717927.0,39321,34183,48.0,310946.0,,79798.0,2.0,28945.0,,1569.0,,2775.0,
QC_Night_2020176_aid0001,aid0001,2020-06-24,484607.0,343970,34183,15.0,233910.0,,58224.0,4.0,54847.0,,,,5754.0,
QC_Night_2020177_aid0001,aid0001,2020-06-25,373145.0,502895,34183,18.0,45723.0,,154957.0,2.0,80781.0,,7565.0,,16245.0,
QC_Night_2020178_aid0001,aid0001,2020-06-26,517735.0,340857,34183,25.0,148951.0,,93424.0,8.0,74702.0,,,,5629.0,
QC_Night_2020179_aid0001,aid0001,2020-06-27,607474.0,189636,34183,18.0,177770.0,,88167.0,9.0,103406.0,,1755.0,,13096.0,
QC_Night_2020180_aid0001,aid0001,2020-06-28,233742.0,557956,34183,,202975.0,,125750.0,8.0,57157.0,,2110.0,,1633.0,
QC_Night_2020181_aid0001,aid0001,2020-06-29,251332.0,572892,34183,8.0,185332.0,,112615.0,2.0,50391.0,,590.0,,8169.0,
QC_Night_2020182_aid0001,aid0001,2020-06-30,439393.0,200611,34183,23.0,291912.0,,205941.0,35.0,36159.0,,1034.0,,6223.0,
QC_Night_2020183_aid0001,aid0001,2020-07-01,670182.0,97200,34183,8.0,322416.0,,67175.0,1.0,19527.0,,10.0,,4812.0,
QC_Night_2020184_aid0001,aid0001,2020-07-02,556741.0,140199,34183,10.0,306394.0,,141583.0,16.0,32666.0,,508.0,,3214.0,
QC_Night_2020185_aid0001,aid0001,2020-07-03,613207.0,106289,34183,3.0,315539.0,,110707.0,3.0,28314.0,,5.0,,7264.0,
QC_Night_2020186_aid0001,aid0001,2020-07-04,622040.0,75068,34183,14.0,321002.0,,130852.0,,30710.0,,,,1645.0,
QC_Night_2020187_aid0001,aid0001,2020-07-05,761661.0,15088,34183,10.0,332987.0,,49991.0,2.0,20743.0,,,,849.0,
QC_Night_2020188_aid0001,aid0001,2020-07-06,748799.0,17083,34183,11.0,328484.0,,60106.0,6.0,25004.0,,2.0,,1836.0,
QC_Night_2020189_aid0001,aid0001,2020-07-07,580170.0,151818,34183,11.0,327111.0,,98098.0,4.0,22187.0,,8.0,,1924.0,
QC_Night_2020190_aid0001,aid0001,2020-07-08,666716.0,45711,34183,6.0,329743.0,,113444.0,2.0,23948.0,,12.0,,1749.0,
QC_Night_2020191_aid0001,aid0001,2020-07-09,674569.0,27396,34183,14.0,322461.0,1.0,129664.0,6.0,25536.0,,79.0,,1605.0,
QC_Night_2020192_aid0001,aid0001,2020-07-10,641938.0,78489,34183,11.0,315376.0,,110402.0,2.0,33415.0,,7.0,,1691.0,
QC_Night_2020193_aid0001,aid0001,2020-07-11,618403.0,229626,34183,9.0,128081.0,,102934.0,1.0,81988.0,,8003.0,,12286.0,
QC_Night_2020194_aid0001,aid0001,2020-07-12,625862.0,134825,34183,7.0,254922.0,,100658.0,4.0,63578.0,,8.0,,1467.0,
QC_Night_2020195_aid0001,aid0001,2020-07-13,616754.0,113200,34183,13.0,169373.0,,148786.0,1.0,124864.0,,600.0,,7740.0,
QC_Night_2020196_aid0001,aid0001,2020-07-14,724241.0,41154,34183,18.0,304237.0,,75302.0,2.0,34192.0,,,,2185.0,
QC_Night_2020197_aid0001,aid0001,2020-07-15,706118.0,46543,34183,7.0,248213.0,,98351.0,6.0,81402.0,,,,691.0,
QC_Night_2020198_aid0001,aid0001,2020-07-16,661206.0,81703,34183,14.0,311878.0,,96841.0,2.0,24888.0,,3736.0,,1063.0,
QC_Night_2020199_aid0001,aid0001,2020-07-17,682878.0,84030,34183,9.0,301131.0,,86062.0,,25666.0,,31.0,,1524.0,
QC_Night_2020200_aid0001,aid0001,2020-07-18,622072.0,77024,34183,4.0,269970.0,,139215.0,6.0,69234.0,,665.0,,3141.0,
QC_Night_2020201_aid0001,aid0001,2020-07-19,733995.0,42051,34183,4.0,312832.0,,59513.0,2.0,32252.0,,,,682.0,
QC_Night_2020202_aid0001,aid0001,2020-07-20,673256.0,96065,34183,18.0,215284.0,,89377.0,3.0,94512.0,,1752.0,,11064.0,
QC_Night_2020203_aid0001,aid0001,2020-07-21,625308.0,236162,34183,10.0,176349.0,,69488.0,3.0,72563.0,,,,1448.0,
QC_Night_2020204_aid0001,aid0001,2020-07-22,336328.0,455281,34183,18.0,139854.0,,126662.0,1.0,119506.0,,59.0,,3622.0,
QC_Night_2020205_aid0001,aid0001,2020-07-23,351702.0,362973,34183,12.0,297120.0,,137455.0,12.0,26996.0,,1895.0,,3166.0,
QC_Night_2020206_aid0001,aid0001,2020-07-24,622465.0,141653,34183,45.0,263625.0,,97401.0,3.0,51186.0,,11.0,,4942.0,
QC_Night_2020207_aid0001,aid0001,2020-07-25,553697.0,136755,34183,8.0,297579.0,,151055.0,9.0,35585.0,,4470.0,,2173.0,
QC_Night_2020208_aid0001,aid0001,2020-07-26,748449.0,33796,34183,45.0,307856.0,,49325.0,,39158.0,,,,2702.0,
QC_Night_2020209_aid0001,aid0001,2020-07-27,447332.0,245599,34183,17.0,254600.0,,153728.0,1.0,74217.0,,2161.0,,3676.0,
QC_Night_2020210_aid0001,aid0001,2020-07-28,427445.0,314230,34183,,318366.0,,91512.0,1.0,28111.0,,2.0,,1664.0,
QC_Night_2020211_aid0001,aid0001,2020-07-29,655368.0,104302,34183,20.0,301340.0,,70998.0,14.0,45562.0,,718.0,,3009.0,
QC_Night_2020212_aid0001,aid0001,2020-07-30,728927.0,49455,34183,13.0,336917.0,,49908.0,4.0,15431.0,,,,676.0,
QC_Night_2020213_aid0001,aid0001,2020-07-31,734045.0,42544,34183,14.0,292244.0,,49479.0,1.0,61914.0,,,,1090.0,
QC_Night_2020214_aid0001,aid0001,2020-08-01,540988.0,204802,34183,3.0,321519.0,,81767.0,,26989.0,,4764.0,,499.0,
QC_Night_2020215_aid0001,aid0001,2020-08-02,734173.0,12856,34183,16.0,341536.0,,78251.0,6.0,12993.0,,,,1500.0,
QC_Night_2020216_aid0001,aid0001,2020-08-03,611757.0,97844,34183,1.0,324716.0,,122495.0,4.0,21707.0,,340.0,,2467.0,
QC_Night_2020217_aid0001,aid0001,2020-08-04,777129.0,17405,34183,19.0,334655.0,,32312.0,1.0,18224.0,,,,1586.0,
QC_Night_2020218_aid0001,aid0001,2020-08-05,651216.0,107976,34183,4.0,221909.0,,113567.0,,77798.0,,282.0,,8579.0,
QC_Night_2020219_aid0001,aid0001,2020-08-06,466373.0,240647,34183,1.0,324034.0,,130321.0,6.0,17404.0,,,,2545.0,
QC_Night_2020220_aid0001,aid0001,2020-08-07,572805.0,126387,34183,2.0,301807.0,,132259.0,5.0,45469.0,,2.0,,2595.0,
QC_Night_2020221_aid0001,aid0001,2020-08-08,521250.0,201173,34183,4.0,316557.0,,115411.0,5.0,21431.0,,4199.0,,1301.0,
QC_Night_2020222_aid0001,aid0001,2020-08-09,711668.0,26729,34183,7.0,336297.0,,88741.0,6.0,16761.0,,2.0,,1120.0,
QC_Night_2020223_aid0001,aid0001,2020-08-10,680466.0,53583,34183,5.0,313543.0,,97953.0,1.0,28903.0,,4824.0,,2053.0,
QC_Night_2020224_aid0001,aid0001,2020-08-11,637381.0,120779,34183,7.0,309632.0,,79045.0,4.0,30584.0,,,,3899.0,
QC_Night_2020225_aid0001,aid0001,2020-08-12,511865.0,188217,34183,1.0,239399.0,,136919.0,1.0,99987.0,,1522.0,,3420.0,
QC_Night_2020226_aid0001,aid0001,2020-08-13,538736.0,201731,34183,11.0,254957.0,,144811.0,5.0,38083.0,,30.0,,2967.0,
QC_Night_2020227_aid0001,aid0001,2020-08-14,472289.0,423846,34183,7.0,76945.0,1.0,114570.0,1.0,77229.0,,2881.0,,13562.0,
QC_Night_2020228_aid0001,aid0001,2020-08-15,722460.0,71760,34183,7.0,293000.0,,62323.0,3.0,31100.0,,464.0,,214.0,
QC_Night_2020229_aid0001,aid0001,2020-08-16,370348.0,522669,34183,20.0,98755.0,,114848.0,1.0,70129.0,,918.0,,3643.0,
QC_Night_2020230_aid0001,aid0001,2020-08-17,219813.0,542964,34183,3.0,111432.0,,189701.0,6.0,90768.0,,19386.0,1.0,7257.0,
QC_Night_2020231_aid0001,aid0001,2020-08-18,265731.0,505788,34183,1.0,259848.0,,106561.0,6.0,41784.0,,104.0,,1508.0,
QC_Night_2020232_aid0001,aid0001,2020-08-19,218187.0,538640,34183,10.0,76400.0,,213689.0,1.0,102073.0,,16783.0,,15548.0,
QC_Night_2020233_aid0001,aid0001,2020-08-20,553464.0,243327,34183,20.0,245673.0,,81551.0,,54478.0,,1.0,,2817.0,
QC_Night_2020234_aid0001,aid0001,2020-08-21,480895.0,238267,34183,15.0,151192.0,,210444.0,5.0,91248.0,,1869.0,,7396.0,
QC_Night_2020235_aid0001,aid0001,2020-08-22,529816.0,312955,34183,408.0,131346.0,1.0,119791.0,93.0,77604.0,,2037.0,,7280.0,
QC_Night_2020236_aid0001,aid0001,2020-08-23,580208.0,217560,34183,14.0,131699.0,,130486.0,1.0,112386.0,,1532.0,,7445.0,
QC_Night_2020237_aid0001,aid0001,2020-08-24,348491.0,456666,34183,15.0,237487.0,3.0,89205.0,36.0,48915.0,1.0,238.0,,274.0,
QC_Night_2020238_aid0001,aid0001,2020-08-25,338070.0,405092,34183,198.0,239374.0,2.0,156216.0,175.0,39894.0,,461.0,,1849.0,
QC_Night_2020239_aid0001,aid0001,2020-08-26,530121.0,112020,34183,60.0,240859.0,2.0,223246.0,13.0,71035.0,5.0,1021.0,,2949.0,
QC_Night_2020240_aid0001,aid0001,2020-08-27,583010.0,159793,34183,430.0,298795.0,,105989.0,148.0,31209.0,,11.0,,1946.0,
QC_Night_2020241_aid0001,aid0001,2020-08-28,677048.0,72786,34183,10.0,217170.0,,113525.0,4.0,94093.0,,777.0,,5918.0,
QC_Night_2020242_aid0001,aid0001,2020-08-29,741693.0,82090,34183,109.0,233360.0,,53052.0,35.0,69833.0,,,,1159.0,
QC_Night_2020243_aid0001,aid0001,2020-08-30,633108.0,79999,34183,6.0,239873.0,7.0,148696.0,4.0,64218.0,,1037.0,,14383.0,
QC_Night_2020244_aid0001,aid0001,2020-08-31,508670.0,281246,34183,358.0,296926.0,,61975.0,90.0,30475.0,,,,1591.0,
QC_Night_2020245_aid0001,aid0001,2020-09-01,685208.0,47573,34183,22.0,328591.0,,99313.0,7.0,19221.0,,,,1396.0,
QC_Night_2020246_aid0001,aid0001,2020-09-02,635904.0,81811,34183,83.0,331119.0,,109006.0,35.0,17303.0,,5069.0,1.0,1000.0,
QC_Night_2020247_aid0001,aid0001,2020-09-03,788095.0,14524,34183,230.0,339104.0,,22911.0,44.0,16186.0,,,,237.0,
QC_Night_2020248_aid0001,aid0001,2020-09-04,762065.0,21811,34183,6.0,323831.0,,45061.0,15.0,26354.0,,181.0,,2007.0,
QC_Night_2020249_aid0001,aid0001,2020-09-05,751432.0,34544,34183,752.0,343278.0,,39308.0,238.0,11503.0,,,,276.0,
QC_Night_2020250_aid0001,aid0001,2020-09-06,727723.0,42379,34183,15.0,246651.0,,63067.0,11.0,98052.0,,346.0,,3087.0,
QC_Night_2020251_aid0001,aid0001,2020-09-07,761398.0,24646,34183,860.0,338787.0,,40226.0,170.0,14810.0,,361.0,,73.0,
QC_Night_2020252_aid0001,aid0001,2020-09-08,687298.0,82080,34183,99.0,323629.0,,63622.0,5.0,23626.0,,,,972.0,
QC_Night_2020253_aid0001,aid0001,2020-09-09,574184.0,235965,34183,4531.0,265680.0,63.0,71707.0,175.0,26847.0,2.0,1503.0,,674.0,
QC_Night_2020254_aid0001,aid0001,2020-09-10,594302.0,185623,34183,20.0,236093.0,,124246.0,7.0,36810.0,,1.0,,4229.0,
QC_Night_2020255_aid0001,aid0001,2020-09-11,615989.0,227255,34183,774.0,177351.0,,102289.0,158.0,54750.0,3.0,96.0,,2666.0,
QC_Night_2020256_aid0001,aid0001,2020-09-12,704205.0,48924,34183,1352.0,294060.0,,89552.0,56.0,38537.0,,,,4645.0,
QC_Night_2020257_aid0001,aid0001,2020-09-13,660314.0,50993,34183,26.0,295019.0,,119983.0,7.0,49955.0,,62.0,,4972.0,
QC_Night_2020258_aid0001,aid0001,2020-09-14,464808.0,284379,34183,1953.0,320850.0,,78784.0,438.0,29028.0,,,,1091.0,
QC_Night_2020259_aid0001,aid0001,2020-09-15,609543.0,116855,34183,20.0,266284.0,,113608.0,5.0,71240.0,,113.0,,3663.0,
QC_Night_2020260_aid0001,aid0001,2020-09-16,618054.0,99927,34183,3729.0,323974.0,2.0,107674.0,389.0,26510.0,,11.0,,1061.0,
QC_Night_2020261_aid0001,aid0001,2020-09-17,664285.0,57543,34183,71.0,323390.0,,104500.0,9.0,30026.0,,,,1507.0,
QC_Night_2020262_aid0001,aid0001,2020-09-18,308139.0,477176,34183,131.0,165497.0,1.0,167618.0,76.0,55221.0,,2910.0,16.0,4544.0,2.0
QC_Night_2020263_aid0001,aid0001,2020-09-19,401581.0,302095,34183,96.0,287811.0,1.0,140424.0,107.0,47551.0,,2.0,,1663.0,
QC_Night_2020264_aid0001,aid0001,2020-09-20,596875.0,64616,34183,2063.0,285045.0,29.0,166870.0,172.0,54444.0,7.0,7483.0,2.0,3725.0,
QC_Night_2020265_aid0001,aid0001,2020-09-21,570110.0,178762,34183,225.0,303475.0,,90088.0,49.0,36330.0,,,,2292.0,
QC_Night_2020266_aid0001,aid0001,2020-09-22,285093.0,467806,34183,21.0,204261.0,,140582.0,2.0,77276.0,,2859.0,,3431.0,
QC_Night_2020267_aid0001,aid0001,2020-09-23,285383.0,444565,34183,2.0,305186.0,,108329.0,5.0,36264.0,,864.0,,733.0,
QC_Night_2020268_aid0001,aid0001,2020-09-24,427174.0,323091,34183,,206948.0,,135188.0,,87945.0,,187.0,,798.0,
QC_Night_2020269_aid0001,aid0001,2020-09-25,407000.0,277233,34183,278.0,305801.0,,151387.0,78.0,35949.0,,2452.0,,1153.0,
QC_Night_2020270_aid0001,aid0001,2020-09-26,298402.0,439689,34183,2.0,311722.0,,95629.0,4.0,34826.0,,,,1057.0,
QC_Night_2020271_aid0001,aid0001,2020-09-27,473299.0,237929,34183,752.0,154925.0,,212410.0,334.0,85719.0,,11348.0,6.0,4609.0,
QC_Night_2020272_aid0001,aid0001,2020-09-28,778141.0,12889,34183,14.0,322429.0,,36939.0,,29254.0,,,,1665.0,
QC_Night_2020273_aid0001,aid0001,2020-09-29,762367.0,16791,34183,124.0,305701.0,,50234.0,17.0,43653.0,,15.0,,2429.0,
QC_Night_2020274_aid0001,aid0001,2020-09-30,767452.0,12295,34183,688.0,331242.0,,44868.0,102.0,24205.0,,,,479.0,
QC_Night_2020275_aid0001,aid0001,2020-10-01,719862.0,33780,34183,101.0,306538.0,,76155.0,19.0,44249.0,,127.0,,500.0,
QC_Night_2020276_aid0001,aid0001,2020-10-02,732902.0,22880,34183,115.0,322230.0,,71650.0,99.0,30685.0,,,,770.0,
QC_Night_2020277_aid0001,aid0001,2020-10-03,725799.0,30262,34183,421.0,307367.0,,71201.0,14.0,45265.0,,,,1002.0,
QC_Night_2020278_aid0001,aid0001,2020-10-04,685259.0,48595,34183,206.0,311748.0,,93016.0,85.0,37714.0,,2714.0,,1994.0,
QC_Night_2020279_aid0001,aid0001,2020-10-05,645694.0,137546,34183,1000.0,234568.0,,106184.0,100.0,53651.0,,,,2588.0,
QC_Night_2020280_aid0001,aid0001,2020-10-06,668011.0,97988,34183,74.0,224705.0,,88460.0,40.0,89742.0,,6042.0,,6269.0,
QC_Night_2020281_aid0001,aid0001,2020-10-07,569685.0,186629,34183,133.0,185584.0,,124501.0,79.0,108524.0,,5.0,,6191.0,
QC_Night_2020282_aid0001,aid0001,2020-10-08,475441.0,190161,34183,6.0,211934.0,,186812.0,11.0,112186.0,,1274.0,,3506.0,
QC_Night_2020283_aid0001,aid0001,2020-10-09,464688.0,244909,34183,801.0,164968.0,,190254.0,78.0,103859.0,,3.0,,11771.0,
QC_Night_2020284_aid0001,aid0001,2020-10-10,371823.0,418954,34183,2.0,165681.0,,116847.0,2.0,100948.0,,753.0,,6321.0,
QC_Night_2020285_aid0001,aid0001,2020-10-11,155415.0,575963,34183,5.0,168782.0,,198148.0,1.0,77837.0,,1906.0,,3274.0,
QC_Night_2020286_aid0001,aid0001,2020-10-12,541723.0,155340,34183,195.0,303493.0,2.0,129049.0,69.0,49773.0,,,,1687.0,
QC_Night_2020287_aid0001,aid0001,2020-10-13,360752.0,243520,34183,2.0,291338.0,,224553.0,11.0,51596.0,,5339.0,,4220.0,
QC_Night_2020288_aid0001,aid0001,2020-10-14,456111.0,210553,34183,16.0,317971.0,,159942.0,31.0,35328.0,,1.0,,1378.0,
QC_Night_2020289_aid0001,aid0001,2020-10-15,541237.0,169195,34183,32.0,291414.0,,124488.0,7.0,50619.0,,2233.0,,2106.0,
QC_Night_2020290_aid0001,aid0001,2020-10-16,751690.0,19716,34183,265.0,330228.0,,53606.0,32.0,25657.0,,,,137.0,
QC_Night_2020291_aid0001,aid0001,2020-10-17,458422.0,271520,34183,14.0,255142.0,,139662.0,21.0,53881.0,,692.0,,1977.0,
QC_Night_2020292_aid0001,aid0001,2020-10-18,415910.0,320960,34183,203.0,307452.0,,95659.0,28.0,40161.0,,,,958.0,
QC_Night_2020293_aid0001,aid0001,2020-10-19,502357.0,257222,34183,,228756.0,,113327.0,,71725.0,,1165.0,,6779.0,
QC_Night_2020294_aid0001,aid0001,2020-10-20,362182.0,290154,34183,14.0,300045.0,,179771.0,31.0,42564.0,,4874.0,,1696.0,
QC_Night_2020295_aid0001,aid0001,2020-10-21,542537.0,160127,34183,2.0,306314.0,,132762.0,,36978.0,,,,2611.0,
QC_Night_2020296_aid0001,aid0001,2020-10-22,544073.0,112261,34183,47.0,256030.0,,189000.0,12.0,70088.0,,5588.0,,4232.0,
QC_Night_2020297_aid0001,aid0001,2020-10-23,270485.0,436142,34183,3.0,273765.0,,144587.0,11.0,52982.0,,,,3356.0,
QC_Night_2020298_aid0001,aid0001,2020-10-24,284317.0,586447,34183,4.0,89997.0,,160857.0,11.0,51813.0,,3140.0,,4745.0,
QC_Night_2020299_aid0001,aid0001,2020-10-25,431493.0,383171,34183,23.0,146551.0,,145509.0,9.0,66336.0,,,,8239.0,
QC_Night_2020300_aid0001,aid0001,2020-10-26,228874.0,553163,34183,4.0,75380.0,,220618.0,12.0,92017.0,,1.0,,11262.0,
QC_Night_2020301_aid0001,aid0001,2020-10-27,444731.0,374582,34183,442.0,167518.0,,142426.0,63.0,49913.0,,147.0,,1509.0,
QC_Night_2020302_aid0001,aid0001,2020-10-28,708901.0,31722,34183,21.0,303345.0,,96116.0,2.0,39228.0,,,,1996.0,
QC_Night_2020303_aid0001,aid0001,2020-10-29,711305.0,22198,34183,4.0,316963.0,,95683.0,7.0,33902.0,,115.0,,1154.0,
QC_Night_2020304_aid0001,aid0001,2020-10-30,665397.0,29293,34183,3.0,295167.0,,136061.0,1.0,52521.0,,,,2888.0,
QC_Night_2020305_aid0001,aid0001,2020-10-31,597809.0,113248,34183,3.0,251590.0,,143881.0,2.0,68423.0,,2562.0,,3813.0,
QC_Night_2020306_aid0001,aid0001,2020-11-01,609333.0,270450,34183,6.0,112098.0,,109969.0,7.0,74740.0,,,,4728.0,
QC_Night_2020307_aid0001,aid0001,2020-11-02,615817.0,228884,34183,6.0,70615.0,,132326.0,3.0,118266.0,,1587.0,,13827.0,
QC_Night_2020308_aid0001,aid0001,2020-11-03,584257.0,125681,34183,3.0,152707.0,,174325.0,4.0,140158.0,,,,4196.0,
QC_Night_2020309_aid0001,aid0001,2020-11-04,489684.0,198101,34183,4.0,268642.0,,156860.0,4.0,64537.0,,202.0,,3297.0,
QC_Night_2020310_aid0001,aid0001,2020-11-05,643505.0,75809,34183,29.0,296040.0,,113647.0,13.0,46755.0,,1928.0,,3605.0,
QC_Night_2020311_aid0001,aid0001,2020-11-06,161486.0,904559,34183,1.0,5504.0,,71358.0,,37224.0,,,,1199.0,
QC_Night_2020312_aid0001,aid0001,2020-11-07,57539.0,837185,34183,16.0,29811.0,1.0,129999.0,17.0,118546.0,1.0,289.0,,7927.0,
QC_Night_2020313_aid0001,aid0001,2020-11-08,120473.0,781726,34183,78.0,117311.0,,83956.0,51.0,72339.0,,,,5397.0,
QC_Night_2020314_aid0001,aid0001,2020-11-09,133291.0,855083,34183,176.0,20834.0,24.0,109862.0,207.0,58782.0,34.0,32.0,,3002.0,4.0
QC_Night_2020315_aid0001,aid0001,2020-11-10,140920.0,791444,34183,61.0,93676.0,,105414.0,220.0,46452.0,3.0,,,3141.0,
QC_Night_2020316_aid0001,aid0001,2020-11-11,161058.0,670611,34183,1531.0,125348.0,74.0,156516.0,3160.0,59754.0,472.0,130.0,24.0,2610.0,43.0
QC_Night_2020317_aid0001,aid0001,2020-11-12,282176.0,474694,34183,7195.0,140724.0,115.0,210393.0,8960.0,51275.0,251.0,2.0,,5546.0,
QC_Night_2020318_aid0001,aid0001,2020-11-13,201839.0,577155,34183,4497.0,205067.0,121.0,103530.0,2808.0,83478.0,291.0,,,2545.0,
QC_Night_2020319_aid0001,aid0001,2020-11-14,166410.0,407737,34183,2270.0,214721.0,77.0,305443.0,7430.0,71780.0,53.0,2171.0,110.0,3129.0,
QC_Night_2020320_aid0001,aid0001,2020-11-15,287381.0,439952,34183,2877.0,278667.0,152.0,104785.0,1360.0,62311.0,101.0,,,3745.0,
QC_Night_2020321_aid0001,aid0001,2020-11-16,313075.0,396234,34183,8476.0,307014.0,48.0,108497.0,3024.0,40736.0,12.0,2196.0,60.0,1959.0,
QC_Night_2020322_aid0001,aid0001,2020-11-17,287476.0,483116,34183,3504.0,311596.0,114.0,62129.0,514.0,31731.0,11.0,,,1140.0,
QC_Night_2020323_aid0001,aid0001,2020-11-18,60740.0,827180,34183,102.0,84555.0,,80382.0,612.0,117847.0,1.0,261.0,2.0,9649.0,
QC_Night_2020324_aid0001,aid0001,2020-11-19,208017.0,463600,34183,1939.0,275069.0,57.0,173667.0,2746.0,53812.0,11.0,,,2413.0,
QC_Night_2020325_aid0001,aid0001,2020-11-20,250410.0,370158,34183,3351.0,125066.0,2.0,305042.0,3950.0,117474.0,7.0,15.0,,5853.0,3.0
QC_Night_2020326_aid0001,aid0001,2020-11-21,493668.0,291876,34183,9251.0,91855.0,3.0,212078.0,9663.0,68176.0,,547.0,45.0,4169.0,
QC_Night_2020327_aid0001,aid0001,2020-11-22,252138.0,502924,34183,5713.0,59479.0,1.0,264284.0,3489.0,89600.0,1.0,,,3702.0,
QC_Night_2020328_aid0001,aid0001,2020-11-23,135191.0,666323,34183,825.0,148540.0,,171380.0,2122.0,52954.0,5.0,915.0,1.0,3075.0,
QC_Night_2020329_aid0001,aid0001,2020-11-24,377390.0,222195,34183,4559.0,267290.0,1.0,235070.0,4127.0,67655.0,2.0,,,3042.0,
QC_Night_2020330_aid0001,aid0001,2020-11-25,360159.0,333471,34183,2704.0,299023.0,1.0,134837.0,2521.0,41930.0,6.0,4960.0,116.0,1603.0,
QC_Night_2020331_aid0001,aid0001,2020-11-26,320383.0,270961,34183,2033.0,241014.0,,251382.0,4797.0,87841.0,,,,2920.0,
QC_Night_2020332_aid0001,aid0001,2020-11-27,418753.0,140720,34183,3706.0,243184.0,,275890.0,4099.0,94173.0,6.0,15.0,7.0,778.0,
QC_Night_2020333_aid0001,aid0001,2020-11-28,518515.0,149288,34183,6018.0,275974.0,,153078.0,5821.0,71827.0,1.0,309.0,19.0,481.0,
QC_Night_2020334_aid0001,aid0001,2020-11-29,435908.0,161794,34183,4296.0,249986.0,2.0,226009.0,3205.0,98628.0,6.0,,,1497.0,
QC_Night_2020335_aid0001,aid0001,2020-11-30,295283.0,335764,34183,4778.0,186856.0,,253796.0,8479.0,88857.0,,3704.0,91.0,3723.0,
QC_Night_2020336_aid0001,aid0001,2020-12-01,425292.0,174996,34183,1147.0,265887.0,,225387.0,1563.0,85634.0,,,,1425.0,
QC_Night_2020337_aid0001,aid0001,2020-12-02,692297.0,36325,34183,13291.0,258845.0,,95743.0,6023.0,77569.0,3.0,37.0,,1198.0,
QC_Night_2020338_aid0001,aid0001,2020-12-03,541430.0,55791,34183,4249.0,255450.0,,228206.0,2294.0,92275.0,,,,1636.0,
QC_Night_2020339_aid0001,aid0001,2020-12-04,373786.0,232019,34183,2560.0,185523.0,,232277.0,4003.0,149212.0,,37.0,7.0,1907.0,
QC_Night_2020340_aid0001,aid0001,2020-12-05,637616.0,53924,34183,5657.0,215418.0,,136709.0,2977.0,126031.0,,,,2999.0,
QC_Night_2020341_aid0001,aid0001,2020-12-06,238536.0,524721,34183,849.0,171506.0,,134080.0,829.0,106662.0,,,,4148.0,
QC_Night_2020342_aid0001,aid0001,2020-12-07,396014.0,417934,34183,1650.0,91806.0,,194931.0,2513.0,73383.0,,258.0,8.0,2834.0,
QC_Night_2020343_aid0001,aid0001,2020-12-08,362244.0,381358,34183,679.0,193891.0,,156213.0,1146.0,82092.0,,,,3708.0,
QC_Night_2020344_aid0001,aid0001,2020-12-09,240001.0,584681,34183,1014.0,48461.0,,199477.0,2200.0,91938.0,,6831.0,95.0,6633.0,
QC_Night_2020345_aid0001,aid0001,2020-12-10,176607.0,673251,34183,498.0,29360.0,,211477.0,960.0,86197.0,,,,2981.0,
QC_Night_2020346_aid0001,aid0001,2020-12-11,365666.0,257739,34183,895.0,227189.0,3.0,235342.0,1523.0,88733.0,,10.0,,4231.0,
QC_Night_2020347_aid0001,aid0001,2020-12-12,96473.0,787363,34183,130.0,143377.0,1.0,78876.0,910.0,71950.0,3.0,,,2248.0,
QC_Night_2020348_aid0001,aid0001,2020-12-13,58750.0,782607,34183,11.0,114981.0,,92999.0,182.0,128736.0,,29.0,,3036.0,
QC_Night_2020349_aid0001,aid0001,2020-12-14,78492.0,845797,34183,951.0,35200.0,2.0,160068.0,3491.0,55147.0,12.0,424.0,5.0,1742.0,
QC_Night_2020350_aid0001,aid0001,2020-12-15,158044.0,539074,34183,933.0,198735.0,,168263.0,1333.0,113977.0,9.0,,,963.0,
QC_Night_2020351_aid0001,aid0001,2020-12-16,232597.0,561507,34183,,169757.0,,113673.0,,94211.0,,7799.0,,1787.0,
QC_Night_2020352_aid0001,aid0001,2020-12-17,36281.0,1003383,34183,442.0,33212.0,,57713.0,382.0,47597.0,,,,2321.0,
QC_Night_2020353_aid0001,aid0001,2020-12-18,222674.0,417862,34183,4582.0,153459.0,18.0,234539.0,13498.0,125244.0,128.0,1360.0,109.0,7858.0,
QC_Night_2020354_aid0001,aid0001,2020-12-19,233378.0,430695,34183,4935.0,225476.0,16.0,176201.0,3463.0,105966.0,14.0,,,1187.0,
QC_Night_2020355_aid0001,aid0001,2020-12-20,215229.0,518400,34183,3311.0,217811.0,21.0,118843.0,7142.0,94299.0,188.0,673.0,52.0,5348.0,14.0
QC_Night_2020356_aid0001,aid0001,2020-12-21,277557.0,398903,34183,15904.0,288240.0,30.0,140342.0,7364.0,52157.0,74.0,,,760.0,
QC_Night_2020357_aid0001,aid0001,2020-12-22,247351.0,439827,34183,10997.0,259880.0,31.0,159522.0,5902.0,54868.0,77.0,,,2876.0,
QC_Night_2020358_aid0001,aid0001,2020-12-23,385304.0,306221,34183,20899.0,158482.0,24.0,233263.0,8397.0,66007.0,59.0,1402.0,29.0,1244.0,
QC_Night_2020359_aid0001,aid0001,2020-12-24,213000.0,625636,34183,2194.0,13179.0,9.0,264036.0,535.0,61221.0,14.0,,,1507.0,
QC_Night_2020360_aid0001,aid0001,2020-12-25,54509.0,884305,34183,5648.0,11908.0,6.0,138302.0,7346.0,53832.0,18.0,11470.0,304.0,13682.0,1.0
QC_Night_2020361_aid0001,aid0001,2020-12-26,200725.0,486763,34183,1524.0,243897.0,21.0,153238.0,834.0,90535.0,22.0,,,3772.0,
QC_Night_2020362_aid0001,aid0001,2020-12-27,87006.0,709849,34183,1835.0,66416.0,,212239.0,13009.0,78064.0,11.0,1989.0,,10902.0,11.0
QC_Night_2020363_aid0001,aid0001,2020-12-28,100851.0,832029,34183,378.0,93497.0,1.0,87356.0,1157.0,63859.0,3.0,,,2200.0,
QC_Night_2020364_aid0001,aid0001,2020-12-29,292015.0,480657,34183,13542.0,44915.0,5.0,262893.0,9809.0,71195.0,32.0,,,6266.0,2.0
QC_Night_2020365_aid0001,aid0001,2020-12-30,144058.0,650819,34183,3087.0,191304.0,49.0,86854.0,1605.0,102933.0,60.0,40.0,,522.0,
QC_Night_2020366_aid0001,aid0001,2020-12-31,57354.0,899218,34183,1063.0,63651.0,2.0,91513.0,3199.0,60697.0,32.0,,,4602.0,
